country,city,platform,year,month,date,avg_rating,rating_count,rating_stddev,recent_review_share_90d,sentiment_score,source
USA,New York,Google,2023,1,2023-01-01,4.35,2228,0.38,0.35,0.65,synthetic
USA,New York,Tripadvisor,2023,1,2023-01-01,4.26,1946,0.68,0.22,0.57,synthetic
USA,New York,Booking,2023,1,2023-01-01,4.35,2097,0.58,0.37,0.64,synthetic
USA,New York,Google,2023,2,2023-02-01,4.26,2222,0.37,0.32,0.59,synthetic
USA,New York,Tripadvisor,2023,2,2023-02-01,4.34,2284,0.66,0.14,0.66,synthetic
USA,New York,Booking,2023,2,2023-02-01,4.21,2134,0.25,0.15,0.67,synthetic
USA,New York,Google,2023,3,2023-03-01,4.31,2052,0.46,0.19,0.66,synthetic
USA,New York,Tripadvisor,2023,3,2023-03-01,4.26,2541,0.57,0.31,0.56,synthetic
USA,New York,Booking,2023,3,2023-03-01,4.26,2189,0.54,0.25,0.65,synthetic
USA,New York,Google,2023,4,2023-04-01,4.38,2181,0.77,0.36,0.74,synthetic
USA,New York,Tripadvisor,2023,4,2023-04-01,4.25,2090,0.57,0.35,0.66,synthetic
USA,New York,Booking,2023,4,2023-04-01,4.29,2369,0.52,0.39,0.7,synthetic
USA,New York,Google,2023,5,2023-05-01,4.33,2178,0.71,0.21,0.67,synthetic
USA,New York,Tripadvisor,2023,5,2023-05-01,4.3,1801,0.67,0.18,0.63,synthetic
USA,New York,Booking,2023,5,2023-05-01,4.29,1955,0.61,0.31,0.6,synthetic
USA,New York,Google,2023,6,2023-06-01,4.32,1947,0.94,0.29,0.6,synthetic
USA,New York,Tripadvisor,2023,6,2023-06-01,4.23,2439,0.54,0.16,0.66,synthetic
USA,New York,Booking,2023,6,2023-06-01,4.26,2312,0.74,0.33,0.75,synthetic
USA,New York,Google,2023,7,2023-07-01,4.18,1933,0.56,0.53,0.68,synthetic
USA,New York,Tripadvisor,2023,7,2023-07-01,4.36,1939,0.5,0.22,0.64,synthetic
USA,New York,Booking,2023,7,2023-07-01,4.37,2081,0.58,0.38,0.6,synthetic
USA,New York,Google,2023,8,2023-08-01,4.29,1861,0.56,0.24,0.61,synthetic
USA,New York,Tripadvisor,2023,8,2023-08-01,4.3,2200,0.57,0.34,0.61,synthetic
USA,New York,Booking,2023,8,2023-08-01,4.33,2090,0.53,0.22,0.65,synthetic
USA,New York,Google,2023,9,2023-09-01,4.4,2127,0.43,0.39,0.67,synthetic
USA,New York,Tripadvisor,2023,9,2023-09-01,4.3,1988,0.79,0.24,0.72,synthetic
USA,New York,Booking,2023,9,2023-09-01,4.22,2068,0.81,0.32,0.72,synthetic
USA,New York,Google,2023,10,2023-10-01,4.27,2210,0.89,0.15,0.55,synthetic
USA,New York,Tripadvisor,2023,10,2023-10-01,4.24,2353,0.36,0.36,0.64,synthetic
USA,New York,Booking,2023,10,2023-10-01,4.41,2412,0.65,0.44,0.73,synthetic
USA,New York,Google,2023,11,2023-11-01,4.26,1849,0.51,0.3,0.64,synthetic
USA,New York,Tripadvisor,2023,11,2023-11-01,4.16,2087,0.6,0.35,0.66,synthetic
USA,New York,Booking,2023,11,2023-11-01,4.3,1909,0.33,0.37,0.6,synthetic
USA,New York,Google,2023,12,2023-12-01,4.34,2503,0.37,0.36,0.73,synthetic
USA,New York,Tripadvisor,2023,12,2023-12-01,4.35,1604,0.47,0.17,0.7,synthetic
USA,New York,Booking,2023,12,2023-12-01,4.31,1449,0.55,0.38,0.66,synthetic
USA,New York,Google,2024,1,2024-01-01,4.29,2214,0.44,0.3,0.65,synthetic
USA,New York,Tripadvisor,2024,1,2024-01-01,4.32,2509,0.61,0.41,0.64,synthetic
USA,New York,Booking,2024,1,2024-01-01,4.2,2448,0.62,0.35,0.54,synthetic
USA,New York,Google,2024,2,2024-02-01,4.39,2512,0.56,0.21,0.75,synthetic
USA,New York,Tripadvisor,2024,2,2024-02-01,4.22,2943,0.51,0.47,0.6,synthetic
USA,New York,Booking,2024,2,2024-02-01,4.38,2111,0.6,0.38,0.72,synthetic
USA,New York,Google,2024,3,2024-03-01,4.35,2180,0.61,0.42,0.64,synthetic
USA,New York,Tripadvisor,2024,3,2024-03-01,4.32,2254,0.63,0.31,0.62,synthetic
USA,New York,Booking,2024,3,2024-03-01,4.27,2355,0.58,0.46,0.68,synthetic
USA,New York,Google,2024,4,2024-04-01,4.3,2103,0.48,0.5,0.6,synthetic
USA,New York,Tripadvisor,2024,4,2024-04-01,4.29,2415,0.55,0.2,0.61,synthetic
USA,New York,Booking,2024,4,2024-04-01,4.25,2118,0.8,0.3,0.6,synthetic
USA,New York,Google,2024,5,2024-05-01,4.29,2501,0.55,0.39,0.58,synthetic
USA,New York,Tripadvisor,2024,5,2024-05-01,4.35,2313,0.59,0.23,0.62,synthetic
USA,New York,Booking,2024,5,2024-05-01,4.18,2103,0.69,0.2,0.51,synthetic
USA,New York,Google,2024,6,2024-06-01,4.23,2208,0.55,0.29,0.67,synthetic
USA,New York,Tripadvisor,2024,6,2024-06-01,4.36,2872,0.36,0.21,0.71,synthetic
USA,New York,Booking,2024,6,2024-06-01,4.26,2554,0.63,0.46,0.68,synthetic
USA,New York,Google,2024,7,2024-07-01,4.35,2201,0.59,0.27,0.6,synthetic
USA,New York,Tripadvisor,2024,7,2024-07-01,4.37,2522,0.55,0.43,0.65,synthetic
USA,New York,Booking,2024,7,2024-07-01,4.17,2595,0.41,0.28,0.6,synthetic
USA,New York,Google,2024,8,2024-08-01,4.31,2551,0.69,0.35,0.61,synthetic
USA,New York,Tripadvisor,2024,8,2024-08-01,4.3,1897,0.83,0.16,0.63,synthetic
USA,New York,Booking,2024,8,2024-08-01,4.21,2112,0.6,0.25,0.66,synthetic
USA,New York,Google,2024,9,2024-09-01,4.3,2186,0.58,0.42,0.69,synthetic
USA,New York,Tripadvisor,2024,9,2024-09-01,4.22,2126,0.67,0.34,0.56,synthetic
USA,New York,Booking,2024,9,2024-09-01,4.33,2067,0.8,0.35,0.61,synthetic
USA,New York,Google,2024,10,2024-10-01,4.25,2163,0.62,0.28,0.57,synthetic
USA,New York,Tripadvisor,2024,10,2024-10-01,4.2,2468,0.64,0.31,0.61,synthetic
USA,New York,Booking,2024,10,2024-10-01,4.25,2366,0.98,0.42,0.61,synthetic
USA,New York,Google,2024,11,2024-11-01,4.25,1520,0.76,0.38,0.6,synthetic
USA,New York,Tripadvisor,2024,11,2024-11-01,4.2,1994,0.67,0.29,0.63,synthetic
USA,New York,Booking,2024,11,2024-11-01,4.29,2584,0.66,0.38,0.54,synthetic
USA,New York,Google,2024,12,2024-12-01,4.21,2214,0.76,0.49,0.6,synthetic
USA,New York,Tripadvisor,2024,12,2024-12-01,4.25,1772,0.73,0.24,0.77,synthetic
USA,New York,Booking,2024,12,2024-12-01,4.24,2900,0.71,0.2,0.63,synthetic
USA,New York,Google,2025,1,2025-01-01,4.33,2419,0.73,0.38,0.7,synthetic
USA,New York,Tripadvisor,2025,1,2025-01-01,4.28,2136,0.59,0.32,0.55,synthetic
USA,New York,Booking,2025,1,2025-01-01,4.29,2458,0.41,0.27,0.63,synthetic
USA,New York,Google,2025,2,2025-02-01,4.4,2552,0.76,0.29,0.61,synthetic
USA,New York,Tripadvisor,2025,2,2025-02-01,4.32,2290,0.55,0.19,0.67,synthetic
USA,New York,Booking,2025,2,2025-02-01,4.35,2765,0.84,0.47,0.57,synthetic
USA,New York,Google,2025,3,2025-03-01,4.21,1947,0.69,0.23,0.58,synthetic
USA,New York,Tripadvisor,2025,3,2025-03-01,4.27,2601,0.38,0.17,0.64,synthetic
USA,New York,Booking,2025,3,2025-03-01,4.36,2479,0.48,0.09,0.73,synthetic
USA,New York,Google,2025,4,2025-04-01,4.24,2144,0.34,0.16,0.57,synthetic
USA,New York,Tripadvisor,2025,4,2025-04-01,4.27,2126,0.63,0.28,0.75,synthetic
USA,New York,Booking,2025,4,2025-04-01,4.18,2535,0.63,0.2,0.6,synthetic
USA,New York,Google,2025,5,2025-05-01,4.33,2515,0.81,0.08,0.62,synthetic
USA,New York,Tripadvisor,2025,5,2025-05-01,4.37,2759,0.68,0.42,0.59,synthetic
USA,New York,Booking,2025,5,2025-05-01,4.33,2804,0.5,0.56,0.68,synthetic
USA,New York,Google,2025,6,2025-06-01,4.15,2600,0.49,0.42,0.6,synthetic
USA,New York,Tripadvisor,2025,6,2025-06-01,4.25,2935,0.74,0.22,0.62,synthetic
USA,New York,Booking,2025,6,2025-06-01,4.32,2378,0.55,0.3,0.6,synthetic
USA,San Francisco,Google,2023,1,2023-01-01,4.08,48222,0.45,0.12,0.46,synthetic
USA,San Francisco,Tripadvisor,2023,1,2023-01-01,4.09,61649,0.56,0.17,0.51,synthetic
USA,San Francisco,Booking,2023,1,2023-01-01,4.08,62943,0.72,0.4,0.53,synthetic
USA,San Francisco,Google,2023,2,2023-02-01,3.95,57587,0.59,0.22,0.42,synthetic
USA,San Francisco,Tripadvisor,2023,2,2023-02-01,4.07,81810,0.53,0.3,0.47,synthetic
USA,San Francisco,Booking,2023,2,2023-02-01,4.14,69987,0.72,0.44,0.55,synthetic
USA,San Francisco,Google,2023,3,2023-03-01,4.04,76335,0.69,0.08,0.54,synthetic
USA,San Francisco,Tripadvisor,2023,3,2023-03-01,4.03,70165,0.66,0.13,0.53,synthetic
USA,San Francisco,Booking,2023,3,2023-03-01,4.07,66101,0.69,0.45,0.56,synthetic
USA,San Francisco,Google,2023,4,2023-04-01,4.06,72064,0.94,0.39,0.54,synthetic
USA,San Francisco,Tripadvisor,2023,4,2023-04-01,4.09,65285,0.6,0.52,0.51,synthetic
USA,San Francisco,Booking,2023,4,2023-04-01,4.13,62382,0.38,0.28,0.54,synthetic
USA,San Francisco,Google,2023,5,2023-05-01,4.1,64032,0.45,0.45,0.6,synthetic
USA,San Francisco,Tripadvisor,2023,5,2023-05-01,4.16,65140,0.59,0.37,0.55,synthetic
USA,San Francisco,Booking,2023,5,2023-05-01,4.07,62003,0.38,0.31,0.51,synthetic
USA,San Francisco,Google,2023,6,2023-06-01,4.05,66104,0.79,0.22,0.51,synthetic
USA,San Francisco,Tripadvisor,2023,6,2023-06-01,4.02,57029,0.51,0.28,0.54,synthetic
USA,San Francisco,Booking,2023,6,2023-06-01,4.08,55306,0.79,0.39,0.5,synthetic
USA,San Francisco,Google,2023,7,2023-07-01,4.14,65823,0.58,0.34,0.57,synthetic
USA,San Francisco,Tripadvisor,2023,7,2023-07-01,4.09,64762,0.55,0.1,0.57,synthetic
USA,San Francisco,Booking,2023,7,2023-07-01,4.04,69251,0.67,0.27,0.57,synthetic
USA,San Francisco,Google,2023,8,2023-08-01,4.07,64582,0.58,0.47,0.5,synthetic
USA,San Francisco,Tripadvisor,2023,8,2023-08-01,4.04,53934,0.71,0.24,0.5,synthetic
USA,San Francisco,Booking,2023,8,2023-08-01,4.03,63815,0.41,0.08,0.54,synthetic
USA,San Francisco,Google,2023,9,2023-09-01,3.94,69831,0.83,0.28,0.53,synthetic
USA,San Francisco,Tripadvisor,2023,9,2023-09-01,4.06,75494,0.53,0.06,0.53,synthetic
USA,San Francisco,Booking,2023,9,2023-09-01,4.16,67405,0.52,0.33,0.63,synthetic
USA,San Francisco,Google,2023,10,2023-10-01,4.06,83301,0.52,0.4,0.57,synthetic
USA,San Francisco,Tripadvisor,2023,10,2023-10-01,4.02,60112,0.75,0.31,0.53,synthetic
USA,San Francisco,Booking,2023,10,2023-10-01,3.96,68325,0.64,0.29,0.5,synthetic
USA,San Francisco,Google,2023,11,2023-11-01,4.04,58840,0.56,0.25,0.63,synthetic
USA,San Francisco,Tripadvisor,2023,11,2023-11-01,4.12,55977,0.91,0.26,0.56,synthetic
USA,San Francisco,Booking,2023,11,2023-11-01,4.12,48365,0.56,0.24,0.57,synthetic
USA,San Francisco,Google,2023,12,2023-12-01,4.08,62751,0.58,0.41,0.56,synthetic
USA,San Francisco,Tripadvisor,2023,12,2023-12-01,4.06,64462,0.88,0.32,0.51,synthetic
USA,San Francisco,Booking,2023,12,2023-12-01,3.95,52440,0.53,0.29,0.45,synthetic
USA,San Francisco,Google,2024,1,2024-01-01,4.08,63739,0.46,0.36,0.61,synthetic
USA,San Francisco,Tripadvisor,2024,1,2024-01-01,4.0,70406,0.31,0.15,0.47,synthetic
USA,San Francisco,Booking,2024,1,2024-01-01,4.13,62013,0.48,0.3,0.57,synthetic
USA,San Francisco,Google,2024,2,2024-02-01,4.01,84710,0.56,0.31,0.49,synthetic
USA,San Francisco,Tripadvisor,2024,2,2024-02-01,4.09,78543,0.85,0.22,0.6,synthetic
USA,San Francisco,Booking,2024,2,2024-02-01,4.1,76405,0.59,0.28,0.59,synthetic
USA,San Francisco,Google,2024,3,2024-03-01,4.12,81258,0.63,0.29,0.44,synthetic
USA,San Francisco,Tripadvisor,2024,3,2024-03-01,3.97,65169,0.43,0.38,0.42,synthetic
USA,San Francisco,Booking,2024,3,2024-03-01,4.03,64613,0.78,0.24,0.54,synthetic
USA,San Francisco,Google,2024,4,2024-04-01,4.07,75820,0.73,0.3,0.45,synthetic
USA,San Francisco,Tripadvisor,2024,4,2024-04-01,4.05,68242,0.64,0.23,0.58,synthetic
USA,San Francisco,Booking,2024,4,2024-04-01,4.06,60850,0.53,0.49,0.56,synthetic
USA,San Francisco,Google,2024,5,2024-05-01,4.12,59856,0.5,0.23,0.57,synthetic
USA,San Francisco,Tripadvisor,2024,5,2024-05-01,4.05,64387,0.55,0.22,0.52,synthetic
USA,San Francisco,Booking,2024,5,2024-05-01,4.13,55985,0.65,0.44,0.56,synthetic
USA,San Francisco,Google,2024,6,2024-06-01,4.03,75992,0.45,0.3,0.46,synthetic
USA,San Francisco,Tripadvisor,2024,6,2024-06-01,3.95,67158,0.41,0.3,0.53,synthetic
USA,San Francisco,Booking,2024,6,2024-06-01,4.17,69173,0.75,0.34,0.57,synthetic
USA,San Francisco,Google,2024,7,2024-07-01,3.95,81757,0.44,0.44,0.5,synthetic
USA,San Francisco,Tripadvisor,2024,7,2024-07-01,4.0,70967,0.92,0.45,0.48,synthetic
USA,San Francisco,Booking,2024,7,2024-07-01,4.02,69228,0.58,0.42,0.55,synthetic
USA,San Francisco,Google,2024,8,2024-08-01,3.96,72171,0.57,0.3,0.49,synthetic
USA,San Francisco,Tripadvisor,2024,8,2024-08-01,4.13,76432,0.49,0.29,0.54,synthetic
USA,San Francisco,Booking,2024,8,2024-08-01,3.96,67508,0.88,0.13,0.48,synthetic
USA,San Francisco,Google,2024,9,2024-09-01,4.06,70768,0.46,0.16,0.46,synthetic
USA,San Francisco,Tripadvisor,2024,9,2024-09-01,4.14,60339,0.53,0.51,0.53,synthetic
USA,San Francisco,Booking,2024,9,2024-09-01,4.08,77138,0.75,0.17,0.51,synthetic
USA,San Francisco,Google,2024,10,2024-10-01,4.08,84240,0.49,0.25,0.56,synthetic
USA,San Francisco,Tripadvisor,2024,10,2024-10-01,4.1,73990,0.47,0.25,0.56,synthetic
USA,San Francisco,Booking,2024,10,2024-10-01,4.14,66448,0.6,0.2,0.66,synthetic
USA,San Francisco,Google,2024,11,2024-11-01,4.07,77253,0.6,0.31,0.46,synthetic
USA,San Francisco,Tripadvisor,2024,11,2024-11-01,3.93,78682,0.61,0.32,0.4,synthetic
USA,San Francisco,Booking,2024,11,2024-11-01,4.01,77126,0.86,0.24,0.54,synthetic
USA,San Francisco,Google,2024,12,2024-12-01,4.07,67416,0.88,0.25,0.6,synthetic
USA,San Francisco,Tripadvisor,2024,12,2024-12-01,4.08,68267,0.81,0.33,0.54,synthetic
USA,San Francisco,Booking,2024,12,2024-12-01,4.14,78660,0.78,0.05,0.59,synthetic
USA,San Francisco,Google,2025,1,2025-01-01,4.07,73165,0.69,0.33,0.57,synthetic
USA,San Francisco,Tripadvisor,2025,1,2025-01-01,4.05,86682,0.72,0.35,0.55,synthetic
USA,San Francisco,Booking,2025,1,2025-01-01,4.13,82481,0.58,0.4,0.57,synthetic
USA,San Francisco,Google,2025,2,2025-02-01,4.18,83151,0.51,0.53,0.48,synthetic
USA,San Francisco,Tripadvisor,2025,2,2025-02-01,4.1,67334,0.88,0.33,0.51,synthetic
USA,San Francisco,Booking,2025,2,2025-02-01,4.05,67178,0.55,0.27,0.49,synthetic
USA,San Francisco,Google,2025,3,2025-03-01,4.08,76922,0.45,0.13,0.55,synthetic
USA,San Francisco,Tripadvisor,2025,3,2025-03-01,4.09,79911,0.68,0.46,0.6,synthetic
USA,San Francisco,Booking,2025,3,2025-03-01,4.22,100810,0.34,0.08,0.61,synthetic
USA,San Francisco,Google,2025,4,2025-04-01,4.09,72804,0.71,0.27,0.51,synthetic
USA,San Francisco,Tripadvisor,2025,4,2025-04-01,4.03,71708,0.73,0.25,0.5,synthetic
USA,San Francisco,Booking,2025,4,2025-04-01,4.1,71720,0.77,0.21,0.49,synthetic
USA,San Francisco,Google,2025,5,2025-05-01,4.08,77037,0.47,0.43,0.64,synthetic
USA,San Francisco,Tripadvisor,2025,5,2025-05-01,4.02,86586,0.24,0.41,0.47,synthetic
USA,San Francisco,Booking,2025,5,2025-05-01,4.12,64997,0.59,0.22,0.55,synthetic
USA,San Francisco,Google,2025,6,2025-06-01,4.17,72521,0.92,0.26,0.66,synthetic
USA,San Francisco,Tripadvisor,2025,6,2025-06-01,3.96,70947,0.52,0.45,0.49,synthetic
USA,San Francisco,Booking,2025,6,2025-06-01,3.94,61922,0.45,0.39,0.51,synthetic
Canada,Toronto,Google,2023,1,2023-01-01,4.15,55750,0.67,0.34,0.56,synthetic
Canada,Toronto,Tripadvisor,2023,1,2023-01-01,4.13,65282,0.67,0.17,0.6,synthetic
Canada,Toronto,Booking,2023,1,2023-01-01,4.17,66975,0.69,0.29,0.63,synthetic
Canada,Toronto,Google,2023,2,2023-02-01,4.11,55608,0.72,0.14,0.57,synthetic
Canada,Toronto,Tripadvisor,2023,2,2023-02-01,4.09,61023,0.63,0.23,0.57,synthetic
Canada,Toronto,Booking,2023,2,2023-02-01,4.11,59714,0.8,0.32,0.59,synthetic
Canada,Toronto,Google,2023,3,2023-03-01,4.19,75328,0.69,0.27,0.53,synthetic
Canada,Toronto,Tripadvisor,2023,3,2023-03-01,4.12,72963,0.65,0.05,0.6,synthetic
Canada,Toronto,Booking,2023,3,2023-03-01,4.16,62160,0.75,0.36,0.55,synthetic
Canada,Toronto,Google,2023,4,2023-04-01,4.19,54682,0.59,0.28,0.55,synthetic
Canada,Toronto,Tripadvisor,2023,4,2023-04-01,4.13,74632,0.79,0.37,0.48,synthetic
Canada,Toronto,Booking,2023,4,2023-04-01,4.03,65777,0.59,0.25,0.61,synthetic
Canada,Toronto,Google,2023,5,2023-05-01,4.12,68689,0.75,0.31,0.69,synthetic
Canada,Toronto,Tripadvisor,2023,5,2023-05-01,4.05,59801,0.46,0.46,0.57,synthetic
Canada,Toronto,Booking,2023,5,2023-05-01,4.08,57806,0.81,0.34,0.61,synthetic
Canada,Toronto,Google,2023,6,2023-06-01,4.11,68450,0.65,0.24,0.55,synthetic
Canada,Toronto,Tripadvisor,2023,6,2023-06-01,4.04,68315,0.71,0.4,0.55,synthetic
Canada,Toronto,Booking,2023,6,2023-06-01,4.1,76502,0.73,0.44,0.62,synthetic
Canada,Toronto,Google,2023,7,2023-07-01,4.1,67493,0.72,0.19,0.49,synthetic
Canada,Toronto,Tripadvisor,2023,7,2023-07-01,4.03,63655,0.55,0.16,0.52,synthetic
Canada,Toronto,Booking,2023,7,2023-07-01,4.1,73641,0.9,0.35,0.52,synthetic
Canada,Toronto,Google,2023,8,2023-08-01,4.15,64563,0.56,0.21,0.55,synthetic
Canada,Toronto,Tripadvisor,2023,8,2023-08-01,4.1,70714,0.68,0.48,0.58,synthetic
Canada,Toronto,Booking,2023,8,2023-08-01,4.13,62122,0.44,0.24,0.53,synthetic
Canada,Toronto,Google,2023,9,2023-09-01,3.96,56686,0.84,0.34,0.46,synthetic
Canada,Toronto,Tripadvisor,2023,9,2023-09-01,4.13,49374,0.64,0.43,0.56,synthetic
Canada,Toronto,Booking,2023,9,2023-09-01,4.0,61288,0.79,0.33,0.43,synthetic
Canada,Toronto,Google,2023,10,2023-10-01,4.25,54788,0.56,0.2,0.57,synthetic
Canada,Toronto,Tripadvisor,2023,10,2023-10-01,4.08,69415,0.79,0.26,0.49,synthetic
Canada,Toronto,Booking,2023,10,2023-10-01,4.14,68423,0.64,0.33,0.56,synthetic
Canada,Toronto,Google,2023,11,2023-11-01,4.11,63086,0.76,0.52,0.57,synthetic
Canada,Toronto,Tripadvisor,2023,11,2023-11-01,4.11,66472,0.5,0.38,0.58,synthetic
Canada,Toronto,Booking,2023,11,2023-11-01,4.08,71473,0.6,0.2,0.56,synthetic
Canada,Toronto,Google,2023,12,2023-12-01,4.12,71924,0.72,0.29,0.54,synthetic
Canada,Toronto,Tripadvisor,2023,12,2023-12-01,4.11,67303,0.67,0.33,0.55,synthetic
Canada,Toronto,Booking,2023,12,2023-12-01,4.17,59273,0.97,0.38,0.53,synthetic
Canada,Toronto,Google,2024,1,2024-01-01,4.12,76109,0.55,0.15,0.51,synthetic
Canada,Toronto,Tripadvisor,2024,1,2024-01-01,4.14,54985,0.38,0.35,0.56,synthetic
Canada,Toronto,Booking,2024,1,2024-01-01,4.07,65516,0.38,0.35,0.49,synthetic
Canada,Toronto,Google,2024,2,2024-02-01,4.08,72549,0.56,0.23,0.44,synthetic
Canada,Toronto,Tripadvisor,2024,2,2024-02-01,4.13,70311,0.52,0.2,0.57,synthetic
Canada,Toronto,Booking,2024,2,2024-02-01,4.14,70468,0.85,0.37,0.56,synthetic
Canada,Toronto,Google,2024,3,2024-03-01,4.15,70058,0.61,0.43,0.53,synthetic
Canada,Toronto,Tripadvisor,2024,3,2024-03-01,4.11,79595,0.65,0.26,0.47,synthetic
Canada,Toronto,Booking,2024,3,2024-03-01,3.97,87004,0.65,0.24,0.5,synthetic
Canada,Toronto,Google,2024,4,2024-04-01,4.05,66883,0.46,0.16,0.42,synthetic
Canada,Toronto,Tripadvisor,2024,4,2024-04-01,4.01,78187,0.45,0.35,0.55,synthetic
Canada,Toronto,Booking,2024,4,2024-04-01,4.11,67155,0.62,0.26,0.62,synthetic
Canada,Toronto,Google,2024,5,2024-05-01,4.22,81769,0.28,0.26,0.61,synthetic
Canada,Toronto,Tripadvisor,2024,5,2024-05-01,4.14,55214,0.34,0.43,0.54,synthetic
Canada,Toronto,Booking,2024,5,2024-05-01,4.02,60426,0.66,0.22,0.52,synthetic
Canada,Toronto,Google,2024,6,2024-06-01,4.05,55073,0.81,0.34,0.51,synthetic
Canada,Toronto,Tripadvisor,2024,6,2024-06-01,4.08,81895,0.69,0.41,0.51,synthetic
Canada,Toronto,Booking,2024,6,2024-06-01,4.11,73013,0.52,0.29,0.53,synthetic
Canada,Toronto,Google,2024,7,2024-07-01,4.13,58606,0.69,0.33,0.56,synthetic
Canada,Toronto,Tripadvisor,2024,7,2024-07-01,4.14,66601,0.5,0.35,0.6,synthetic
Canada,Toronto,Booking,2024,7,2024-07-01,4.08,64694,0.57,0.24,0.62,synthetic
Canada,Toronto,Google,2024,8,2024-08-01,4.13,69773,0.46,0.37,0.53,synthetic
Canada,Toronto,Tripadvisor,2024,8,2024-08-01,4.07,76108,0.66,0.05,0.53,synthetic
Canada,Toronto,Booking,2024,8,2024-08-01,4.12,66812,0.62,0.12,0.42,synthetic
Canada,Toronto,Google,2024,9,2024-09-01,4.05,72010,0.12,0.22,0.43,synthetic
Canada,Toronto,Tripadvisor,2024,9,2024-09-01,4.09,86015,0.57,0.29,0.59,synthetic
Canada,Toronto,Booking,2024,9,2024-09-01,4.11,67854,0.74,0.35,0.57,synthetic
Canada,Toronto,Google,2024,10,2024-10-01,4.1,66758,0.74,0.27,0.61,synthetic
Canada,Toronto,Tripadvisor,2024,10,2024-10-01,4.05,81635,0.67,0.2,0.55,synthetic
Canada,Toronto,Booking,2024,10,2024-10-01,4.07,69930,0.53,0.29,0.58,synthetic
Canada,Toronto,Google,2024,11,2024-11-01,4.14,60245,0.44,0.33,0.59,synthetic
Canada,Toronto,Tripadvisor,2024,11,2024-11-01,4.07,82951,0.72,0.24,0.5,synthetic
Canada,Toronto,Booking,2024,11,2024-11-01,4.1,66877,0.79,0.4,0.55,synthetic
Canada,Toronto,Google,2024,12,2024-12-01,4.15,76529,0.61,0.34,0.6,synthetic
Canada,Toronto,Tripadvisor,2024,12,2024-12-01,4.14,63141,0.5,0.27,0.53,synthetic
Canada,Toronto,Booking,2024,12,2024-12-01,4.02,75301,0.65,0.17,0.5,synthetic
Canada,Toronto,Google,2025,1,2025-01-01,4.1,76444,0.44,0.16,0.57,synthetic
Canada,Toronto,Tripadvisor,2025,1,2025-01-01,4.02,72722,0.55,0.29,0.52,synthetic
Canada,Toronto,Booking,2025,1,2025-01-01,4.2,60451,0.73,0.05,0.67,synthetic
Canada,Toronto,Google,2025,2,2025-02-01,3.99,96682,0.54,0.43,0.55,synthetic
Canada,Toronto,Tripadvisor,2025,2,2025-02-01,4.08,71581,0.47,0.38,0.52,synthetic
Canada,Toronto,Booking,2025,2,2025-02-01,4.06,79634,0.47,0.27,0.54,synthetic
Canada,Toronto,Google,2025,3,2025-03-01,4.07,70397,0.83,0.28,0.52,synthetic
Canada,Toronto,Tripadvisor,2025,3,2025-03-01,4.1,78890,0.44,0.34,0.56,synthetic
Canada,Toronto,Booking,2025,3,2025-03-01,4.0,90918,0.82,0.22,0.44,synthetic
Canada,Toronto,Google,2025,4,2025-04-01,4.12,62010,0.8,0.25,0.64,synthetic
Canada,Toronto,Tripadvisor,2025,4,2025-04-01,4.06,73803,0.79,0.27,0.54,synthetic
Canada,Toronto,Booking,2025,4,2025-04-01,4.17,69818,0.41,0.15,0.62,synthetic
Canada,Toronto,Google,2025,5,2025-05-01,4.13,84341,0.56,0.16,0.45,synthetic
Canada,Toronto,Tripadvisor,2025,5,2025-05-01,4.28,79541,0.62,0.33,0.57,synthetic
Canada,Toronto,Booking,2025,5,2025-05-01,4.06,90461,0.7,0.22,0.47,synthetic
Canada,Toronto,Google,2025,6,2025-06-01,4.08,71979,0.91,0.28,0.48,synthetic
Canada,Toronto,Tripadvisor,2025,6,2025-06-01,4.11,77183,0.41,0.34,0.61,synthetic
Canada,Toronto,Booking,2025,6,2025-06-01,4.12,67655,0.52,0.13,0.55,synthetic
Canada,Vancouver,Google,2023,1,2023-01-01,4.4,102399,0.72,0.12,0.61,synthetic
Canada,Vancouver,Tripadvisor,2023,1,2023-01-01,4.4,98746,0.73,0.46,0.7,synthetic
Canada,Vancouver,Booking,2023,1,2023-01-01,4.44,70630,0.65,0.28,0.71,synthetic
Canada,Vancouver,Google,2023,2,2023-02-01,4.55,81805,0.8,0.14,0.91,synthetic
Canada,Vancouver,Tripadvisor,2023,2,2023-02-01,4.43,90114,0.73,0.25,0.76,synthetic
Canada,Vancouver,Booking,2023,2,2023-02-01,4.51,75956,0.49,0.3,0.75,synthetic
Canada,Vancouver,Google,2023,3,2023-03-01,4.54,90069,0.59,0.36,0.67,synthetic
Canada,Vancouver,Tripadvisor,2023,3,2023-03-01,4.42,85933,0.77,0.32,0.78,synthetic
Canada,Vancouver,Booking,2023,3,2023-03-01,4.51,78197,0.58,0.34,0.73,synthetic
Canada,Vancouver,Google,2023,4,2023-04-01,4.55,72013,0.65,0.37,0.76,synthetic
Canada,Vancouver,Tripadvisor,2023,4,2023-04-01,4.42,82306,0.72,0.25,0.66,synthetic
Canada,Vancouver,Booking,2023,4,2023-04-01,4.52,87045,0.75,0.38,0.87,synthetic
Canada,Vancouver,Google,2023,5,2023-05-01,4.52,75847,0.67,0.24,0.74,synthetic
Canada,Vancouver,Tripadvisor,2023,5,2023-05-01,4.37,80213,0.68,0.29,0.63,synthetic
Canada,Vancouver,Booking,2023,5,2023-05-01,4.36,104115,0.65,0.22,0.71,synthetic
Canada,Vancouver,Google,2023,6,2023-06-01,4.59,89249,0.18,0.57,0.7,synthetic
Canada,Vancouver,Tripadvisor,2023,6,2023-06-01,4.44,71767,0.49,0.33,0.62,synthetic
Canada,Vancouver,Booking,2023,6,2023-06-01,4.45,94501,0.47,0.16,0.72,synthetic
Canada,Vancouver,Google,2023,7,2023-07-01,4.44,77131,0.42,0.35,0.75,synthetic
Canada,Vancouver,Tripadvisor,2023,7,2023-07-01,4.39,73822,0.62,0.2,0.7,synthetic
Canada,Vancouver,Booking,2023,7,2023-07-01,4.54,82468,0.42,0.34,0.76,synthetic
Canada,Vancouver,Google,2023,8,2023-08-01,4.45,87802,0.7,0.3,0.72,synthetic
Canada,Vancouver,Tripadvisor,2023,8,2023-08-01,4.58,95031,0.73,0.31,0.74,synthetic
Canada,Vancouver,Booking,2023,8,2023-08-01,4.52,84503,0.51,0.28,0.71,synthetic
Canada,Vancouver,Google,2023,9,2023-09-01,4.52,89873,0.63,0.3,0.73,synthetic
Canada,Vancouver,Tripadvisor,2023,9,2023-09-01,4.33,68981,0.49,0.21,0.68,synthetic
Canada,Vancouver,Booking,2023,9,2023-09-01,4.5,81784,0.81,0.22,0.75,synthetic
Canada,Vancouver,Google,2023,10,2023-10-01,4.45,93951,0.62,0.31,0.64,synthetic
Canada,Vancouver,Tripadvisor,2023,10,2023-10-01,4.4,93989,0.29,0.43,0.73,synthetic
Canada,Vancouver,Booking,2023,10,2023-10-01,4.41,74771,0.88,0.44,0.7,synthetic
Canada,Vancouver,Google,2023,11,2023-11-01,4.46,76623,0.62,0.23,0.73,synthetic
Canada,Vancouver,Tripadvisor,2023,11,2023-11-01,4.56,82111,0.44,0.16,0.79,synthetic
Canada,Vancouver,Booking,2023,11,2023-11-01,4.41,85523,0.36,0.37,0.65,synthetic
Canada,Vancouver,Google,2023,12,2023-12-01,4.46,79692,0.86,0.32,0.83,synthetic
Canada,Vancouver,Tripadvisor,2023,12,2023-12-01,4.49,97273,0.57,0.33,0.81,synthetic
Canada,Vancouver,Booking,2023,12,2023-12-01,4.51,88357,0.55,0.28,0.81,synthetic
Canada,Vancouver,Google,2024,1,2024-01-01,4.54,83327,0.49,0.21,0.81,synthetic
Canada,Vancouver,Tripadvisor,2024,1,2024-01-01,4.4,98511,0.68,0.25,0.78,synthetic
Canada,Vancouver,Booking,2024,1,2024-01-01,4.37,107575,0.65,0.09,0.76,synthetic
Canada,Vancouver,Google,2024,2,2024-02-01,4.51,85100,0.46,0.14,0.88,synthetic
Canada,Vancouver,Tripadvisor,2024,2,2024-02-01,4.4,76107,0.64,0.14,0.65,synthetic
Canada,Vancouver,Booking,2024,2,2024-02-01,4.52,94707,0.54,0.3,0.74,synthetic
Canada,Vancouver,Google,2024,3,2024-03-01,4.45,81509,0.51,0.24,0.69,synthetic
Canada,Vancouver,Tripadvisor,2024,3,2024-03-01,4.52,98000,0.46,0.18,0.75,synthetic
Canada,Vancouver,Booking,2024,3,2024-03-01,4.59,78646,0.58,0.31,0.79,synthetic
Canada,Vancouver,Google,2024,4,2024-04-01,4.43,102144,0.67,0.38,0.74,synthetic
Canada,Vancouver,Tripadvisor,2024,4,2024-04-01,4.51,106766,0.8,0.53,0.82,synthetic
Canada,Vancouver,Booking,2024,4,2024-04-01,4.42,98831,0.71,0.49,0.66,synthetic
Canada,Vancouver,Google,2024,5,2024-05-01,4.49,82378,0.68,0.28,0.77,synthetic
Canada,Vancouver,Tripadvisor,2024,5,2024-05-01,4.37,98249,0.63,0.32,0.78,synthetic
Canada,Vancouver,Booking,2024,5,2024-05-01,4.43,93394,0.62,0.32,0.83,synthetic
Canada,Vancouver,Google,2024,6,2024-06-01,4.46,83603,0.88,0.27,0.65,synthetic
Canada,Vancouver,Tripadvisor,2024,6,2024-06-01,4.41,76290,0.33,0.26,0.7,synthetic
Canada,Vancouver,Booking,2024,6,2024-06-01,4.53,96485,0.69,0.21,0.81,synthetic
Canada,Vancouver,Google,2024,7,2024-07-01,4.54,93957,0.66,0.17,0.82,synthetic
Canada,Vancouver,Tripadvisor,2024,7,2024-07-01,4.56,93186,0.51,0.28,0.76,synthetic
Canada,Vancouver,Booking,2024,7,2024-07-01,4.43,96685,0.64,0.4,0.74,synthetic
Canada,Vancouver,Google,2024,8,2024-08-01,4.4,84320,0.52,0.28,0.79,synthetic
Canada,Vancouver,Tripadvisor,2024,8,2024-08-01,4.57,98716,0.62,0.16,0.8,synthetic
Canada,Vancouver,Booking,2024,8,2024-08-01,4.41,107263,0.36,0.34,0.66,synthetic
Canada,Vancouver,Google,2024,9,2024-09-01,4.46,96880,0.75,0.29,0.77,synthetic
Canada,Vancouver,Tripadvisor,2024,9,2024-09-01,4.42,92353,0.75,0.33,0.68,synthetic
Canada,Vancouver,Booking,2024,9,2024-09-01,4.44,100643,0.44,0.21,0.75,synthetic
Canada,Vancouver,Google,2024,10,2024-10-01,4.43,74067,0.8,0.19,0.7,synthetic
Canada,Vancouver,Tripadvisor,2024,10,2024-10-01,4.42,86505,0.47,0.37,0.71,synthetic
Canada,Vancouver,Booking,2024,10,2024-10-01,4.51,83152,0.92,0.11,0.68,synthetic
Canada,Vancouver,Google,2024,11,2024-11-01,4.56,94813,0.65,0.34,0.81,synthetic
Canada,Vancouver,Tripadvisor,2024,11,2024-11-01,4.47,79312,0.72,0.37,0.81,synthetic
Canada,Vancouver,Booking,2024,11,2024-11-01,4.56,93267,0.42,0.48,0.73,synthetic
Canada,Vancouver,Google,2024,12,2024-12-01,4.48,86946,0.54,0.38,0.75,synthetic
Canada,Vancouver,Tripadvisor,2024,12,2024-12-01,4.49,80929,0.57,0.22,0.73,synthetic
Canada,Vancouver,Booking,2024,12,2024-12-01,4.45,109564,0.56,0.09,0.79,synthetic
Canada,Vancouver,Google,2025,1,2025-01-01,4.48,94840,0.53,0.21,0.84,synthetic
Canada,Vancouver,Tripadvisor,2025,1,2025-01-01,4.46,76262,0.65,0.42,0.74,synthetic
Canada,Vancouver,Booking,2025,1,2025-01-01,4.4,84895,0.46,0.45,0.7,synthetic
Canada,Vancouver,Google,2025,2,2025-02-01,4.36,100797,0.62,0.26,0.63,synthetic
Canada,Vancouver,Tripadvisor,2025,2,2025-02-01,4.39,108919,0.64,0.35,0.71,synthetic
Canada,Vancouver,Booking,2025,2,2025-02-01,4.48,90939,0.57,0.42,0.81,synthetic
Canada,Vancouver,Google,2025,3,2025-03-01,4.38,93947,0.73,0.49,0.78,synthetic
Canada,Vancouver,Tripadvisor,2025,3,2025-03-01,4.41,111098,0.61,0.4,0.74,synthetic
Canada,Vancouver,Booking,2025,3,2025-03-01,4.38,102714,0.75,0.3,0.68,synthetic
Canada,Vancouver,Google,2025,4,2025-04-01,4.36,104259,0.63,0.21,0.66,synthetic
Canada,Vancouver,Tripadvisor,2025,4,2025-04-01,4.47,89896,0.6,0.13,0.8,synthetic
Canada,Vancouver,Booking,2025,4,2025-04-01,4.46,83643,0.23,0.4,0.76,synthetic
Canada,Vancouver,Google,2025,5,2025-05-01,4.47,106341,0.73,0.32,0.72,synthetic
Canada,Vancouver,Tripadvisor,2025,5,2025-05-01,4.43,101222,0.81,0.29,0.79,synthetic
Canada,Vancouver,Booking,2025,5,2025-05-01,4.48,100757,0.96,0.47,0.82,synthetic
Canada,Vancouver,Google,2025,6,2025-06-01,4.41,121702,0.59,0.28,0.6,synthetic
Canada,Vancouver,Tripadvisor,2025,6,2025-06-01,4.48,83828,0.66,0.18,0.83,synthetic
Canada,Vancouver,Booking,2025,6,2025-06-01,4.49,122716,0.45,0.45,0.65,synthetic
Mexico,Mexico City,Google,2023,1,2023-01-01,4.61,125942,0.46,0.17,0.78,synthetic
Mexico,Mexico City,Tripadvisor,2023,1,2023-01-01,4.65,153013,0.64,0.42,0.75,synthetic
Mexico,Mexico City,Booking,2023,1,2023-01-01,4.61,145719,0.65,0.21,0.85,synthetic
Mexico,Mexico City,Google,2023,2,2023-02-01,4.61,121739,0.67,0.3,0.78,synthetic
Mexico,Mexico City,Tripadvisor,2023,2,2023-02-01,4.61,117027,0.54,0.41,0.82,synthetic
Mexico,Mexico City,Booking,2023,2,2023-02-01,4.7,142578,0.51,0.14,0.8,synthetic
Mexico,Mexico City,Google,2023,3,2023-03-01,4.6,122203,0.75,0.4,0.91,synthetic
Mexico,Mexico City,Tripadvisor,2023,3,2023-03-01,4.59,160001,0.84,0.28,0.82,synthetic
Mexico,Mexico City,Booking,2023,3,2023-03-01,4.71,133314,0.58,0.24,0.74,synthetic
Mexico,Mexico City,Google,2023,4,2023-04-01,4.64,122826,0.44,0.34,0.75,synthetic
Mexico,Mexico City,Tripadvisor,2023,4,2023-04-01,4.69,142055,0.54,0.29,0.78,synthetic
Mexico,Mexico City,Booking,2023,4,2023-04-01,4.68,137282,0.64,0.35,0.81,synthetic
Mexico,Mexico City,Google,2023,5,2023-05-01,4.55,149688,0.7,0.25,0.79,synthetic
Mexico,Mexico City,Tripadvisor,2023,5,2023-05-01,4.71,152610,0.52,0.15,0.79,synthetic
Mexico,Mexico City,Booking,2023,5,2023-05-01,4.62,157824,0.49,0.24,0.78,synthetic
Mexico,Mexico City,Google,2023,6,2023-06-01,4.61,134083,0.41,0.41,0.8,synthetic
Mexico,Mexico City,Tripadvisor,2023,6,2023-06-01,4.79,115355,0.84,0.44,0.87,synthetic
Mexico,Mexico City,Booking,2023,6,2023-06-01,4.62,119420,0.46,0.3,0.81,synthetic
Mexico,Mexico City,Google,2023,7,2023-07-01,4.54,171216,0.56,0.31,0.74,synthetic
Mexico,Mexico City,Tripadvisor,2023,7,2023-07-01,4.62,128497,0.6,0.3,0.85,synthetic
Mexico,Mexico City,Booking,2023,7,2023-07-01,4.65,145611,0.6,0.32,0.81,synthetic
Mexico,Mexico City,Google,2023,8,2023-08-01,4.7,139461,0.58,0.28,0.84,synthetic
Mexico,Mexico City,Tripadvisor,2023,8,2023-08-01,4.64,133355,0.52,0.38,0.86,synthetic
Mexico,Mexico City,Booking,2023,8,2023-08-01,4.75,124538,0.7,0.11,0.91,synthetic
Mexico,Mexico City,Google,2023,9,2023-09-01,4.55,118404,0.65,0.24,0.74,synthetic
Mexico,Mexico City,Tripadvisor,2023,9,2023-09-01,4.61,146019,0.46,0.29,0.79,synthetic
Mexico,Mexico City,Booking,2023,9,2023-09-01,4.69,147925,0.32,0.4,0.81,synthetic
Mexico,Mexico City,Google,2023,10,2023-10-01,4.65,119136,0.66,0.56,0.83,synthetic
Mexico,Mexico City,Tripadvisor,2023,10,2023-10-01,4.61,130523,0.38,0.44,0.82,synthetic
Mexico,Mexico City,Booking,2023,10,2023-10-01,4.58,117889,0.6,0.39,0.73,synthetic
Mexico,Mexico City,Google,2023,11,2023-11-01,4.71,132787,0.46,0.25,0.94,synthetic
Mexico,Mexico City,Tripadvisor,2023,11,2023-11-01,4.56,122471,0.74,0.32,0.74,synthetic
Mexico,Mexico City,Booking,2023,11,2023-11-01,4.7,150573,0.65,0.24,0.83,synthetic
Mexico,Mexico City,Google,2023,12,2023-12-01,4.66,113126,0.8,0.47,0.82,synthetic
Mexico,Mexico City,Tripadvisor,2023,12,2023-12-01,4.66,153369,0.89,0.46,0.74,synthetic
Mexico,Mexico City,Booking,2023,12,2023-12-01,4.62,142330,0.53,0.48,0.89,synthetic
Mexico,Mexico City,Google,2024,1,2024-01-01,4.59,142179,0.49,0.28,0.78,synthetic
Mexico,Mexico City,Tripadvisor,2024,1,2024-01-01,4.7,129545,0.21,0.14,0.8,synthetic
Mexico,Mexico City,Booking,2024,1,2024-01-01,4.6,148262,0.44,0.18,0.75,synthetic
Mexico,Mexico City,Google,2024,2,2024-02-01,4.57,135356,0.51,0.37,0.74,synthetic
Mexico,Mexico City,Tripadvisor,2024,2,2024-02-01,4.62,135521,0.72,0.28,0.86,synthetic
Mexico,Mexico City,Booking,2024,2,2024-02-01,4.57,144146,0.51,0.18,0.78,synthetic
Mexico,Mexico City,Google,2024,3,2024-03-01,4.74,130163,0.58,0.17,0.8,synthetic
Mexico,Mexico City,Tripadvisor,2024,3,2024-03-01,4.59,137175,0.54,0.28,0.71,synthetic
Mexico,Mexico City,Booking,2024,3,2024-03-01,4.6,153736,0.4,0.26,0.82,synthetic
Mexico,Mexico City,Google,2024,4,2024-04-01,4.59,150947,0.37,0.39,0.81,synthetic
Mexico,Mexico City,Tripadvisor,2024,4,2024-04-01,4.64,164577,0.55,0.24,0.89,synthetic
Mexico,Mexico City,Booking,2024,4,2024-04-01,4.75,132938,0.58,0.4,0.87,synthetic
Mexico,Mexico City,Google,2024,5,2024-05-01,4.67,158584,0.52,0.34,0.84,synthetic
Mexico,Mexico City,Tripadvisor,2024,5,2024-05-01,4.57,127784,0.5,0.39,0.83,synthetic
Mexico,Mexico City,Booking,2024,5,2024-05-01,4.68,152663,0.66,0.33,0.86,synthetic
Mexico,Mexico City,Google,2024,6,2024-06-01,4.67,120567,0.48,0.2,0.89,synthetic
Mexico,Mexico City,Tripadvisor,2024,6,2024-06-01,4.74,107262,0.83,0.31,0.92,synthetic
Mexico,Mexico City,Booking,2024,6,2024-06-01,4.67,170068,0.63,0.16,0.83,synthetic
Mexico,Mexico City,Google,2024,7,2024-07-01,4.67,141247,0.7,0.29,0.81,synthetic
Mexico,Mexico City,Tripadvisor,2024,7,2024-07-01,4.57,138187,0.63,0.1,0.75,synthetic
Mexico,Mexico City,Booking,2024,7,2024-07-01,4.52,134267,0.78,0.18,0.79,synthetic
Mexico,Mexico City,Google,2024,8,2024-08-01,4.81,170297,0.62,0.39,0.84,synthetic
Mexico,Mexico City,Tripadvisor,2024,8,2024-08-01,4.54,145504,0.66,0.41,0.74,synthetic
Mexico,Mexico City,Booking,2024,8,2024-08-01,4.65,147773,0.58,0.29,0.78,synthetic
Mexico,Mexico City,Google,2024,9,2024-09-01,4.66,148399,0.53,0.37,0.88,synthetic
Mexico,Mexico City,Tripadvisor,2024,9,2024-09-01,4.68,126865,0.61,0.21,0.84,synthetic
Mexico,Mexico City,Booking,2024,9,2024-09-01,4.58,167228,0.72,0.42,0.84,synthetic
Mexico,Mexico City,Google,2024,10,2024-10-01,4.62,137599,0.86,0.28,0.74,synthetic
Mexico,Mexico City,Tripadvisor,2024,10,2024-10-01,4.7,147506,0.83,0.32,0.85,synthetic
Mexico,Mexico City,Booking,2024,10,2024-10-01,4.73,118234,0.51,0.21,0.76,synthetic
Mexico,Mexico City,Google,2024,11,2024-11-01,4.69,135305,0.74,0.34,0.88,synthetic
Mexico,Mexico City,Tripadvisor,2024,11,2024-11-01,4.61,131706,0.61,0.39,0.8,synthetic
Mexico,Mexico City,Booking,2024,11,2024-11-01,4.6,124141,0.63,0.24,0.79,synthetic
Mexico,Mexico City,Google,2024,12,2024-12-01,4.62,137271,0.64,0.36,0.91,synthetic
Mexico,Mexico City,Tripadvisor,2024,12,2024-12-01,4.68,172736,0.48,0.14,0.84,synthetic
Mexico,Mexico City,Booking,2024,12,2024-12-01,4.69,157205,0.78,0.05,0.91,synthetic
Mexico,Mexico City,Google,2025,1,2025-01-01,4.66,126889,0.71,0.32,0.85,synthetic
Mexico,Mexico City,Tripadvisor,2025,1,2025-01-01,4.7,163787,0.38,0.29,0.77,synthetic
Mexico,Mexico City,Booking,2025,1,2025-01-01,4.68,181873,0.41,0.23,0.79,synthetic
Mexico,Mexico City,Google,2025,2,2025-02-01,4.61,163454,0.53,0.37,0.86,synthetic
Mexico,Mexico City,Tripadvisor,2025,2,2025-02-01,4.71,134847,0.81,0.45,0.93,synthetic
Mexico,Mexico City,Booking,2025,2,2025-02-01,4.63,141694,0.45,0.19,0.82,synthetic
Mexico,Mexico City,Google,2025,3,2025-03-01,4.69,180165,0.53,0.3,0.84,synthetic
Mexico,Mexico City,Tripadvisor,2025,3,2025-03-01,4.6,169497,0.65,0.31,0.82,synthetic
Mexico,Mexico City,Booking,2025,3,2025-03-01,4.68,167061,0.47,0.39,0.85,synthetic
Mexico,Mexico City,Google,2025,4,2025-04-01,4.61,160123,0.65,0.41,0.75,synthetic
Mexico,Mexico City,Tripadvisor,2025,4,2025-04-01,4.72,156179,0.52,0.25,0.81,synthetic
Mexico,Mexico City,Booking,2025,4,2025-04-01,4.53,168406,0.9,0.14,0.72,synthetic
Mexico,Mexico City,Google,2025,5,2025-05-01,4.68,154893,0.73,0.29,0.81,synthetic
Mexico,Mexico City,Tripadvisor,2025,5,2025-05-01,4.63,111226,0.43,0.39,0.87,synthetic
Mexico,Mexico City,Booking,2025,5,2025-05-01,4.72,163985,0.26,0.24,0.93,synthetic
Mexico,Mexico City,Google,2025,6,2025-06-01,4.74,181213,0.56,0.17,0.87,synthetic
Mexico,Mexico City,Tripadvisor,2025,6,2025-06-01,4.64,185005,0.63,0.3,0.82,synthetic
Mexico,Mexico City,Booking,2025,6,2025-06-01,4.66,167454,0.49,0.19,0.9,synthetic
Brazil,Rio de Janeiro,Google,2023,1,2023-01-01,4.15,8033,0.51,0.4,0.58,synthetic
Brazil,Rio de Janeiro,Tripadvisor,2023,1,2023-01-01,3.97,10957,0.61,0.28,0.46,synthetic
Brazil,Rio de Janeiro,Booking,2023,1,2023-01-01,4.05,9696,0.97,0.28,0.51,synthetic
Brazil,Rio de Janeiro,Google,2023,2,2023-02-01,4.02,12646,0.35,0.34,0.5,synthetic
Brazil,Rio de Janeiro,Tripadvisor,2023,2,2023-02-01,3.97,9399,0.65,0.21,0.5,synthetic
Brazil,Rio de Janeiro,Booking,2023,2,2023-02-01,4.16,10637,0.38,0.22,0.56,synthetic
Brazil,Rio de Janeiro,Google,2023,3,2023-03-01,4.03,10614,0.65,0.47,0.52,synthetic
Brazil,Rio de Janeiro,Tripadvisor,2023,3,2023-03-01,3.98,11867,0.79,0.32,0.48,synthetic
Brazil,Rio de Janeiro,Booking,2023,3,2023-03-01,4.09,10159,0.29,0.36,0.59,synthetic
Brazil,Rio de Janeiro,Google,2023,4,2023-04-01,4.14,9509,0.63,0.32,0.57,synthetic
Brazil,Rio de Janeiro,Tripadvisor,2023,4,2023-04-01,4.06,10470,0.63,0.37,0.59,synthetic
Brazil,Rio de Janeiro,Booking,2023,4,2023-04-01,4.01,10208,0.54,0.24,0.42,synthetic
Brazil,Rio de Janeiro,Google,2023,5,2023-05-01,4.06,11023,0.58,0.3,0.55,synthetic
Brazil,Rio de Janeiro,Tripadvisor,2023,5,2023-05-01,4.14,9898,0.42,0.29,0.66,synthetic
Brazil,Rio de Janeiro,Booking,2023,5,2023-05-01,3.98,11237,0.77,0.06,0.51,synthetic
Brazil,Rio de Janeiro,Google,2023,6,2023-06-01,4.09,10089,0.5,0.24,0.53,synthetic
Brazil,Rio de Janeiro,Tripadvisor,2023,6,2023-06-01,4.04,9810,0.55,0.42,0.46,synthetic
Brazil,Rio de Janeiro,Booking,2023,6,2023-06-01,3.95,11933,0.57,0.26,0.47,synthetic
Brazil,Rio de Janeiro,Google,2023,7,2023-07-01,4.07,9768,0.68,0.2,0.52,synthetic
Brazil,Rio de Janeiro,Tripadvisor,2023,7,2023-07-01,3.92,11890,0.57,0.37,0.48,synthetic
Brazil,Rio de Janeiro,Booking,2023,7,2023-07-01,4.09,10414,0.66,0.2,0.48,synthetic
Brazil,Rio de Janeiro,Google,2023,8,2023-08-01,4.05,9573,0.81,0.34,0.49,synthetic
Brazil,Rio de Janeiro,Tripadvisor,2023,8,2023-08-01,4.04,10590,0.59,0.33,0.52,synthetic
Brazil,Rio de Janeiro,Booking,2023,8,2023-08-01,3.97,7733,0.54,0.36,0.47,synthetic
Brazil,Rio de Janeiro,Google,2023,9,2023-09-01,4.13,10365,0.8,0.42,0.62,synthetic
Brazil,Rio de Janeiro,Tripadvisor,2023,9,2023-09-01,3.98,10445,0.78,0.33,0.52,synthetic
Brazil,Rio de Janeiro,Booking,2023,9,2023-09-01,3.97,12824,0.48,0.1,0.47,synthetic
Brazil,Rio de Janeiro,Google,2023,10,2023-10-01,3.91,9066,0.98,0.26,0.38,synthetic
Brazil,Rio de Janeiro,Tripadvisor,2023,10,2023-10-01,4.06,9300,0.73,0.21,0.54,synthetic
Brazil,Rio de Janeiro,Booking,2023,10,2023-10-01,3.98,13675,0.68,0.29,0.48,synthetic
Brazil,Rio de Janeiro,Google,2023,11,2023-11-01,4.02,9472,0.48,0.47,0.48,synthetic
Brazil,Rio de Janeiro,Tripadvisor,2023,11,2023-11-01,3.93,8965,0.74,0.27,0.46,synthetic
Brazil,Rio de Janeiro,Booking,2023,11,2023-11-01,4.12,9451,0.69,0.23,0.59,synthetic
Brazil,Rio de Janeiro,Google,2023,12,2023-12-01,4.03,10121,0.72,0.37,0.51,synthetic
Brazil,Rio de Janeiro,Tripadvisor,2023,12,2023-12-01,4.03,12424,0.69,0.26,0.48,synthetic
Brazil,Rio de Janeiro,Booking,2023,12,2023-12-01,4.12,10568,0.58,0.31,0.57,synthetic
Brazil,Rio de Janeiro,Google,2024,1,2024-01-01,4.05,12884,0.79,0.35,0.59,synthetic
Brazil,Rio de Janeiro,Tripadvisor,2024,1,2024-01-01,4.05,12190,0.75,0.4,0.57,synthetic
Brazil,Rio de Janeiro,Booking,2024,1,2024-01-01,4.09,13901,0.52,0.28,0.53,synthetic
Brazil,Rio de Janeiro,Google,2024,2,2024-02-01,4.03,8571,0.81,0.2,0.52,synthetic
Brazil,Rio de Janeiro,Tripadvisor,2024,2,2024-02-01,3.97,12096,0.48,0.19,0.49,synthetic
Brazil,Rio de Janeiro,Booking,2024,2,2024-02-01,4.01,10482,0.63,0.38,0.46,synthetic
Brazil,Rio de Janeiro,Google,2024,3,2024-03-01,3.99,11289,0.68,0.45,0.44,synthetic
Brazil,Rio de Janeiro,Tripadvisor,2024,3,2024-03-01,4.03,12846,0.9,0.2,0.48,synthetic
Brazil,Rio de Janeiro,Booking,2024,3,2024-03-01,4.08,10477,0.49,0.32,0.62,synthetic
Brazil,Rio de Janeiro,Google,2024,4,2024-04-01,3.97,13282,0.51,0.33,0.57,synthetic
Brazil,Rio de Janeiro,Tripadvisor,2024,4,2024-04-01,4.07,10856,0.71,0.28,0.56,synthetic
Brazil,Rio de Janeiro,Booking,2024,4,2024-04-01,4.04,12421,0.39,0.2,0.45,synthetic
Brazil,Rio de Janeiro,Google,2024,5,2024-05-01,4.05,9191,0.5,0.19,0.6,synthetic
Brazil,Rio de Janeiro,Tripadvisor,2024,5,2024-05-01,3.99,9519,0.64,0.47,0.49,synthetic
Brazil,Rio de Janeiro,Booking,2024,5,2024-05-01,4.05,13001,0.73,0.34,0.5,synthetic
Brazil,Rio de Janeiro,Google,2024,6,2024-06-01,4.08,9419,0.51,0.44,0.61,synthetic
Brazil,Rio de Janeiro,Tripadvisor,2024,6,2024-06-01,4.08,8651,0.42,0.23,0.53,synthetic
Brazil,Rio de Janeiro,Booking,2024,6,2024-06-01,3.98,10925,0.87,0.34,0.5,synthetic
Brazil,Rio de Janeiro,Google,2024,7,2024-07-01,3.99,9043,0.42,0.13,0.5,synthetic
Brazil,Rio de Janeiro,Tripadvisor,2024,7,2024-07-01,4.08,9953,0.62,0.45,0.64,synthetic
Brazil,Rio de Janeiro,Booking,2024,7,2024-07-01,4.1,11021,0.71,0.44,0.45,synthetic
Brazil,Rio de Janeiro,Google,2024,8,2024-08-01,4.14,10522,0.52,0.26,0.59,synthetic
Brazil,Rio de Janeiro,Tripadvisor,2024,8,2024-08-01,3.99,10873,0.68,0.32,0.51,synthetic
Brazil,Rio de Janeiro,Booking,2024,8,2024-08-01,4.03,12195,0.76,0.4,0.54,synthetic
Brazil,Rio de Janeiro,Google,2024,9,2024-09-01,4.11,12434,1.0,0.42,0.55,synthetic
Brazil,Rio de Janeiro,Tripadvisor,2024,9,2024-09-01,4.0,10905,0.55,0.35,0.46,synthetic
Brazil,Rio de Janeiro,Booking,2024,9,2024-09-01,4.13,9380,0.36,0.29,0.52,synthetic
Brazil,Rio de Janeiro,Google,2024,10,2024-10-01,3.98,10397,0.49,0.3,0.46,synthetic
Brazil,Rio de Janeiro,Tripadvisor,2024,10,2024-10-01,4.02,11251,0.75,0.45,0.52,synthetic
Brazil,Rio de Janeiro,Booking,2024,10,2024-10-01,4.07,11010,0.67,0.34,0.6,synthetic
Brazil,Rio de Janeiro,Google,2024,11,2024-11-01,3.94,10941,0.65,0.3,0.42,synthetic
Brazil,Rio de Janeiro,Tripadvisor,2024,11,2024-11-01,3.98,12347,0.49,0.12,0.53,synthetic
Brazil,Rio de Janeiro,Booking,2024,11,2024-11-01,4.08,11101,0.46,0.29,0.6,synthetic
Brazil,Rio de Janeiro,Google,2024,12,2024-12-01,3.96,9145,0.51,0.3,0.45,synthetic
Brazil,Rio de Janeiro,Tripadvisor,2024,12,2024-12-01,4.09,12728,0.64,0.36,0.56,synthetic
Brazil,Rio de Janeiro,Booking,2024,12,2024-12-01,4.05,9510,0.45,0.16,0.52,synthetic
Brazil,Rio de Janeiro,Google,2025,1,2025-01-01,4.07,9988,0.61,0.21,0.48,synthetic
Brazil,Rio de Janeiro,Tripadvisor,2025,1,2025-01-01,4.02,10466,0.69,0.28,0.55,synthetic
Brazil,Rio de Janeiro,Booking,2025,1,2025-01-01,4.03,11503,0.88,0.14,0.58,synthetic
Brazil,Rio de Janeiro,Google,2025,2,2025-02-01,4.15,13203,0.55,0.44,0.56,synthetic
Brazil,Rio de Janeiro,Tripadvisor,2025,2,2025-02-01,4.01,11528,0.51,0.21,0.56,synthetic
Brazil,Rio de Janeiro,Booking,2025,2,2025-02-01,4.01,12048,0.38,0.3,0.45,synthetic
Brazil,Rio de Janeiro,Google,2025,3,2025-03-01,3.98,11933,0.76,0.34,0.52,synthetic
Brazil,Rio de Janeiro,Tripadvisor,2025,3,2025-03-01,4.05,11604,0.72,0.24,0.56,synthetic
Brazil,Rio de Janeiro,Booking,2025,3,2025-03-01,4.13,10870,0.5,0.25,0.49,synthetic
Brazil,Rio de Janeiro,Google,2025,4,2025-04-01,4.03,13980,0.44,0.43,0.49,synthetic
Brazil,Rio de Janeiro,Tripadvisor,2025,4,2025-04-01,4.18,11102,0.58,0.21,0.56,synthetic
Brazil,Rio de Janeiro,Booking,2025,4,2025-04-01,4.13,12780,0.75,0.17,0.6,synthetic
Brazil,Rio de Janeiro,Google,2025,5,2025-05-01,4.0,10151,0.64,0.32,0.5,synthetic
Brazil,Rio de Janeiro,Tripadvisor,2025,5,2025-05-01,4.1,13359,0.82,0.18,0.62,synthetic
Brazil,Rio de Janeiro,Booking,2025,5,2025-05-01,4.17,11560,0.35,0.16,0.56,synthetic
Brazil,Rio de Janeiro,Google,2025,6,2025-06-01,4.17,12116,0.51,0.23,0.52,synthetic
Brazil,Rio de Janeiro,Tripadvisor,2025,6,2025-06-01,4.11,11958,0.91,0.36,0.59,synthetic
Brazil,Rio de Janeiro,Booking,2025,6,2025-06-01,4.04,10508,0.47,0.16,0.57,synthetic
Argentina,Buenos Aires,Google,2023,1,2023-01-01,4.2,51818,0.42,0.33,0.59,synthetic
Argentina,Buenos Aires,Tripadvisor,2023,1,2023-01-01,4.24,49095,0.69,0.46,0.64,synthetic
Argentina,Buenos Aires,Booking,2023,1,2023-01-01,4.24,57391,0.88,0.34,0.65,synthetic
Argentina,Buenos Aires,Google,2023,2,2023-02-01,4.19,48715,0.42,0.43,0.54,synthetic
Argentina,Buenos Aires,Tripadvisor,2023,2,2023-02-01,4.23,56387,0.74,0.25,0.58,synthetic
Argentina,Buenos Aires,Booking,2023,2,2023-02-01,4.21,51821,0.42,0.49,0.57,synthetic
Argentina,Buenos Aires,Google,2023,3,2023-03-01,4.13,52145,0.79,0.08,0.62,synthetic
Argentina,Buenos Aires,Tripadvisor,2023,3,2023-03-01,4.13,55410,0.5,0.5,0.57,synthetic
Argentina,Buenos Aires,Booking,2023,3,2023-03-01,4.15,51765,0.61,0.32,0.6,synthetic
Argentina,Buenos Aires,Google,2023,4,2023-04-01,4.19,44830,0.55,0.36,0.56,synthetic
Argentina,Buenos Aires,Tripadvisor,2023,4,2023-04-01,4.23,53910,0.57,0.42,0.53,synthetic
Argentina,Buenos Aires,Booking,2023,4,2023-04-01,4.15,61648,0.87,0.53,0.58,synthetic
Argentina,Buenos Aires,Google,2023,5,2023-05-01,4.22,58974,0.79,0.33,0.65,synthetic
Argentina,Buenos Aires,Tripadvisor,2023,5,2023-05-01,4.22,57071,0.46,0.27,0.58,synthetic
Argentina,Buenos Aires,Booking,2023,5,2023-05-01,4.12,43061,0.54,0.27,0.56,synthetic
Argentina,Buenos Aires,Google,2023,6,2023-06-01,4.22,54918,0.56,0.21,0.66,synthetic
Argentina,Buenos Aires,Tripadvisor,2023,6,2023-06-01,4.18,50910,0.57,0.23,0.57,synthetic
Argentina,Buenos Aires,Booking,2023,6,2023-06-01,4.16,51854,0.7,0.34,0.66,synthetic
Argentina,Buenos Aires,Google,2023,7,2023-07-01,4.26,66314,0.68,0.35,0.61,synthetic
Argentina,Buenos Aires,Tripadvisor,2023,7,2023-07-01,4.24,49477,0.38,0.45,0.56,synthetic
Argentina,Buenos Aires,Booking,2023,7,2023-07-01,4.22,48032,0.77,0.43,0.63,synthetic
Argentina,Buenos Aires,Google,2023,8,2023-08-01,4.26,53753,0.94,0.37,0.59,synthetic
Argentina,Buenos Aires,Tripadvisor,2023,8,2023-08-01,4.19,52723,0.56,0.13,0.62,synthetic
Argentina,Buenos Aires,Booking,2023,8,2023-08-01,4.11,37430,0.55,0.22,0.51,synthetic
Argentina,Buenos Aires,Google,2023,9,2023-09-01,4.0,48222,0.57,0.24,0.52,synthetic
Argentina,Buenos Aires,Tripadvisor,2023,9,2023-09-01,4.27,57033,0.75,0.41,0.59,synthetic
Argentina,Buenos Aires,Booking,2023,9,2023-09-01,4.22,60119,0.53,0.22,0.63,synthetic
Argentina,Buenos Aires,Google,2023,10,2023-10-01,4.1,46694,0.5,0.35,0.56,synthetic
Argentina,Buenos Aires,Tripadvisor,2023,10,2023-10-01,4.25,47764,0.45,0.35,0.59,synthetic
Argentina,Buenos Aires,Booking,2023,10,2023-10-01,4.15,41739,0.64,0.45,0.53,synthetic
Argentina,Buenos Aires,Google,2023,11,2023-11-01,4.25,53323,0.34,0.21,0.58,synthetic
Argentina,Buenos Aires,Tripadvisor,2023,11,2023-11-01,4.17,56409,0.88,0.16,0.56,synthetic
Argentina,Buenos Aires,Booking,2023,11,2023-11-01,4.14,45534,0.61,0.3,0.48,synthetic
Argentina,Buenos Aires,Google,2023,12,2023-12-01,4.19,45937,0.6,0.43,0.62,synthetic
Argentina,Buenos Aires,Tripadvisor,2023,12,2023-12-01,4.2,50298,0.61,0.36,0.62,synthetic
Argentina,Buenos Aires,Booking,2023,12,2023-12-01,4.18,55106,0.4,0.23,0.63,synthetic
Argentina,Buenos Aires,Google,2024,1,2024-01-01,4.24,58653,0.82,0.35,0.61,synthetic
Argentina,Buenos Aires,Tripadvisor,2024,1,2024-01-01,4.12,68016,0.72,0.48,0.67,synthetic
Argentina,Buenos Aires,Booking,2024,1,2024-01-01,4.11,49063,0.17,0.39,0.59,synthetic
Argentina,Buenos Aires,Google,2024,2,2024-02-01,4.2,49468,0.59,0.32,0.64,synthetic
Argentina,Buenos Aires,Tripadvisor,2024,2,2024-02-01,4.21,62622,0.58,0.42,0.63,synthetic
Argentina,Buenos Aires,Booking,2024,2,2024-02-01,4.12,67671,0.78,0.35,0.57,synthetic
Argentina,Buenos Aires,Google,2024,3,2024-03-01,4.29,46634,0.79,0.25,0.7,synthetic
Argentina,Buenos Aires,Tripadvisor,2024,3,2024-03-01,4.2,49351,0.53,0.4,0.59,synthetic
Argentina,Buenos Aires,Booking,2024,3,2024-03-01,4.15,53630,0.7,0.48,0.47,synthetic
Argentina,Buenos Aires,Google,2024,4,2024-04-01,4.36,59420,0.69,0.26,0.68,synthetic
Argentina,Buenos Aires,Tripadvisor,2024,4,2024-04-01,4.2,50700,0.48,0.42,0.52,synthetic
Argentina,Buenos Aires,Booking,2024,4,2024-04-01,4.22,55423,0.46,0.5,0.56,synthetic
Argentina,Buenos Aires,Google,2024,5,2024-05-01,4.12,56701,0.48,0.3,0.57,synthetic
Argentina,Buenos Aires,Tripadvisor,2024,5,2024-05-01,4.2,57140,0.49,0.36,0.6,synthetic
Argentina,Buenos Aires,Booking,2024,5,2024-05-01,4.16,68303,0.58,0.41,0.64,synthetic
Argentina,Buenos Aires,Google,2024,6,2024-06-01,4.27,62813,0.6,0.29,0.62,synthetic
Argentina,Buenos Aires,Tripadvisor,2024,6,2024-06-01,4.06,63005,0.64,0.38,0.52,synthetic
Argentina,Buenos Aires,Booking,2024,6,2024-06-01,4.23,48414,0.42,0.05,0.61,synthetic
Argentina,Buenos Aires,Google,2024,7,2024-07-01,4.14,51714,0.65,0.26,0.5,synthetic
Argentina,Buenos Aires,Tripadvisor,2024,7,2024-07-01,4.34,57744,0.44,0.23,0.66,synthetic
Argentina,Buenos Aires,Booking,2024,7,2024-07-01,4.18,67065,0.59,0.49,0.57,synthetic
Argentina,Buenos Aires,Google,2024,8,2024-08-01,4.22,65115,0.78,0.43,0.59,synthetic
Argentina,Buenos Aires,Tripadvisor,2024,8,2024-08-01,4.19,40744,0.57,0.41,0.64,synthetic
Argentina,Buenos Aires,Booking,2024,8,2024-08-01,4.18,69828,0.54,0.23,0.57,synthetic
Argentina,Buenos Aires,Google,2024,9,2024-09-01,4.12,62334,0.64,0.36,0.54,synthetic
Argentina,Buenos Aires,Tripadvisor,2024,9,2024-09-01,4.19,42840,0.66,0.31,0.54,synthetic
Argentina,Buenos Aires,Booking,2024,9,2024-09-01,4.18,56207,0.86,0.19,0.61,synthetic
Argentina,Buenos Aires,Google,2024,10,2024-10-01,4.12,54119,0.64,0.28,0.56,synthetic
Argentina,Buenos Aires,Tripadvisor,2024,10,2024-10-01,4.21,54566,0.73,0.27,0.6,synthetic
Argentina,Buenos Aires,Booking,2024,10,2024-10-01,4.21,59582,0.7,0.33,0.63,synthetic
Argentina,Buenos Aires,Google,2024,11,2024-11-01,4.17,50563,0.39,0.13,0.67,synthetic
Argentina,Buenos Aires,Tripadvisor,2024,11,2024-11-01,4.06,66311,0.48,0.42,0.42,synthetic
Argentina,Buenos Aires,Booking,2024,11,2024-11-01,4.18,68122,0.71,0.27,0.49,synthetic
Argentina,Buenos Aires,Google,2024,12,2024-12-01,4.11,67671,0.55,0.29,0.57,synthetic
Argentina,Buenos Aires,Tripadvisor,2024,12,2024-12-01,4.11,60837,0.54,0.33,0.53,synthetic
Argentina,Buenos Aires,Booking,2024,12,2024-12-01,4.1,55027,0.7,0.34,0.55,synthetic
Argentina,Buenos Aires,Google,2025,1,2025-01-01,4.24,60776,0.61,0.25,0.67,synthetic
Argentina,Buenos Aires,Tripadvisor,2025,1,2025-01-01,4.21,58135,0.38,0.41,0.57,synthetic
Argentina,Buenos Aires,Booking,2025,1,2025-01-01,4.19,79886,0.72,0.46,0.57,synthetic
Argentina,Buenos Aires,Google,2025,2,2025-02-01,4.25,62498,0.65,0.5,0.61,synthetic
Argentina,Buenos Aires,Tripadvisor,2025,2,2025-02-01,4.19,55546,0.73,0.24,0.65,synthetic
Argentina,Buenos Aires,Booking,2025,2,2025-02-01,4.09,66400,0.5,0.37,0.54,synthetic
Argentina,Buenos Aires,Google,2025,3,2025-03-01,4.16,59409,0.47,0.38,0.53,synthetic
Argentina,Buenos Aires,Tripadvisor,2025,3,2025-03-01,4.17,64879,0.84,0.3,0.57,synthetic
Argentina,Buenos Aires,Booking,2025,3,2025-03-01,4.21,46798,0.42,0.26,0.57,synthetic
Argentina,Buenos Aires,Google,2025,4,2025-04-01,4.09,68711,0.64,0.31,0.51,synthetic
Argentina,Buenos Aires,Tripadvisor,2025,4,2025-04-01,4.19,66144,0.56,0.34,0.56,synthetic
Argentina,Buenos Aires,Booking,2025,4,2025-04-01,4.2,70840,0.78,0.43,0.61,synthetic
Argentina,Buenos Aires,Google,2025,5,2025-05-01,4.19,58943,0.33,0.17,0.59,synthetic
Argentina,Buenos Aires,Tripadvisor,2025,5,2025-05-01,4.18,72856,0.8,0.23,0.63,synthetic
Argentina,Buenos Aires,Booking,2025,5,2025-05-01,4.16,67402,0.72,0.42,0.56,synthetic
Argentina,Buenos Aires,Google,2025,6,2025-06-01,4.25,48298,0.79,0.3,0.63,synthetic
Argentina,Buenos Aires,Tripadvisor,2025,6,2025-06-01,4.07,59393,0.8,0.26,0.57,synthetic
Argentina,Buenos Aires,Booking,2025,6,2025-06-01,4.19,70243,0.63,0.21,0.6,synthetic
UK,London,Google,2023,1,2023-01-01,4.62,197130,0.94,0.42,0.85,synthetic
UK,London,Tripadvisor,2023,1,2023-01-01,4.61,217443,0.71,0.08,0.82,synthetic
UK,London,Booking,2023,1,2023-01-01,4.58,187933,0.57,0.14,0.7,synthetic
UK,London,Google,2023,2,2023-02-01,4.66,211011,0.24,0.24,0.88,synthetic
UK,London,Tripadvisor,2023,2,2023-02-01,4.57,229792,0.76,0.16,0.78,synthetic
UK,London,Booking,2023,2,2023-02-01,4.56,166594,0.38,0.22,0.75,synthetic
UK,London,Google,2023,3,2023-03-01,4.61,224975,0.68,0.38,0.79,synthetic
UK,London,Tripadvisor,2023,3,2023-03-01,4.63,196364,0.53,0.49,0.7,synthetic
UK,London,Booking,2023,3,2023-03-01,4.48,209105,0.56,0.16,0.69,synthetic
UK,London,Google,2023,4,2023-04-01,4.53,221331,0.78,0.46,0.69,synthetic
UK,London,Tripadvisor,2023,4,2023-04-01,4.51,165482,0.79,0.34,0.76,synthetic
UK,London,Booking,2023,4,2023-04-01,4.6,198561,0.43,0.35,0.79,synthetic
UK,London,Google,2023,5,2023-05-01,4.52,213701,0.54,0.32,0.75,synthetic
UK,London,Tripadvisor,2023,5,2023-05-01,4.64,205205,0.47,0.33,0.84,synthetic
UK,London,Booking,2023,5,2023-05-01,4.62,224775,0.51,0.37,0.72,synthetic
UK,London,Google,2023,6,2023-06-01,4.58,193334,0.82,0.28,0.82,synthetic
UK,London,Tripadvisor,2023,6,2023-06-01,4.48,191485,0.47,0.55,0.71,synthetic
UK,London,Booking,2023,6,2023-06-01,4.59,202960,0.36,0.25,0.82,synthetic
UK,London,Google,2023,7,2023-07-01,4.59,144735,0.51,0.4,0.83,synthetic
UK,London,Tripadvisor,2023,7,2023-07-01,4.66,176277,0.79,0.3,0.91,synthetic
UK,London,Booking,2023,7,2023-07-01,4.59,150803,0.73,0.26,0.78,synthetic
UK,London,Google,2023,8,2023-08-01,4.5,238841,0.52,0.46,0.73,synthetic
UK,London,Tripadvisor,2023,8,2023-08-01,4.53,231580,0.59,0.29,0.7,synthetic
UK,London,Booking,2023,8,2023-08-01,4.56,210208,0.41,0.25,0.76,synthetic
UK,London,Google,2023,9,2023-09-01,4.59,235419,0.56,0.23,0.93,synthetic
UK,London,Tripadvisor,2023,9,2023-09-01,4.56,195349,0.55,0.27,0.79,synthetic
UK,London,Booking,2023,9,2023-09-01,4.64,209616,0.76,0.4,0.83,synthetic
UK,London,Google,2023,10,2023-10-01,4.61,226523,0.43,0.55,0.78,synthetic
UK,London,Tripadvisor,2023,10,2023-10-01,4.57,170849,0.42,0.4,0.9,synthetic
UK,London,Booking,2023,10,2023-10-01,4.55,208256,0.63,0.4,0.89,synthetic
UK,London,Google,2023,11,2023-11-01,4.68,194198,0.68,0.36,0.84,synthetic
UK,London,Tripadvisor,2023,11,2023-11-01,4.52,180760,0.77,0.43,0.75,synthetic
UK,London,Booking,2023,11,2023-11-01,4.6,228647,0.34,0.26,0.9,synthetic
UK,London,Google,2023,12,2023-12-01,4.61,172833,0.62,0.4,0.68,synthetic
UK,London,Tripadvisor,2023,12,2023-12-01,4.6,190989,0.35,0.31,0.79,synthetic
UK,London,Booking,2023,12,2023-12-01,4.59,191568,0.45,0.15,0.76,synthetic
UK,London,Google,2024,1,2024-01-01,4.64,221956,0.59,0.2,0.8,synthetic
UK,London,Tripadvisor,2024,1,2024-01-01,4.63,228996,0.53,0.05,0.78,synthetic
UK,London,Booking,2024,1,2024-01-01,4.56,192414,0.54,0.38,0.78,synthetic
UK,London,Google,2024,2,2024-02-01,4.65,176835,0.55,0.11,0.8,synthetic
UK,London,Tripadvisor,2024,2,2024-02-01,4.53,249115,0.66,0.4,0.74,synthetic
UK,London,Booking,2024,2,2024-02-01,4.53,188671,0.64,0.48,0.78,synthetic
UK,London,Google,2024,3,2024-03-01,4.57,211026,0.6,0.5,0.84,synthetic
UK,London,Tripadvisor,2024,3,2024-03-01,4.6,218761,0.64,0.35,0.78,synthetic
UK,London,Booking,2024,3,2024-03-01,4.54,242662,0.6,0.39,0.85,synthetic
UK,London,Google,2024,4,2024-04-01,4.62,225207,1.08,0.32,0.76,synthetic
UK,London,Tripadvisor,2024,4,2024-04-01,4.57,256122,0.41,0.22,0.84,synthetic
UK,London,Booking,2024,4,2024-04-01,4.57,213061,0.76,0.23,0.71,synthetic
UK,London,Google,2024,5,2024-05-01,4.51,230991,0.64,0.23,0.69,synthetic
UK,London,Tripadvisor,2024,5,2024-05-01,4.57,244847,0.47,0.23,0.73,synthetic
UK,London,Booking,2024,5,2024-05-01,4.57,224677,0.92,0.32,0.78,synthetic
UK,London,Google,2024,6,2024-06-01,4.64,233956,0.51,0.53,0.82,synthetic
UK,London,Tripadvisor,2024,6,2024-06-01,4.6,230203,0.65,0.45,0.77,synthetic
UK,London,Booking,2024,6,2024-06-01,4.64,220181,0.75,0.28,0.8,synthetic
UK,London,Google,2024,7,2024-07-01,4.63,225193,0.48,0.43,0.85,synthetic
UK,London,Tripadvisor,2024,7,2024-07-01,4.58,203785,0.65,0.37,0.71,synthetic
UK,London,Booking,2024,7,2024-07-01,4.61,232825,0.25,0.32,0.84,synthetic
UK,London,Google,2024,8,2024-08-01,4.62,236709,0.55,0.2,0.72,synthetic
UK,London,Tripadvisor,2024,8,2024-08-01,4.65,234134,0.78,0.23,0.87,synthetic
UK,London,Booking,2024,8,2024-08-01,4.5,193389,0.62,0.37,0.83,synthetic
UK,London,Google,2024,9,2024-09-01,4.57,193486,0.46,0.23,0.9,synthetic
UK,London,Tripadvisor,2024,9,2024-09-01,4.63,244743,0.56,0.3,0.85,synthetic
UK,London,Booking,2024,9,2024-09-01,4.56,208370,0.5,0.26,0.78,synthetic
UK,London,Google,2024,10,2024-10-01,4.54,223327,0.64,0.28,0.73,synthetic
UK,London,Tripadvisor,2024,10,2024-10-01,4.6,202835,0.61,0.41,0.74,synthetic
UK,London,Booking,2024,10,2024-10-01,4.72,214038,0.66,0.22,0.92,synthetic
UK,London,Google,2024,11,2024-11-01,4.58,205706,0.51,0.27,0.81,synthetic
UK,London,Tripadvisor,2024,11,2024-11-01,4.6,214885,0.49,0.22,0.78,synthetic
UK,London,Booking,2024,11,2024-11-01,4.62,233077,0.72,0.3,0.83,synthetic
UK,London,Google,2024,12,2024-12-01,4.58,170774,0.57,0.26,0.74,synthetic
UK,London,Tripadvisor,2024,12,2024-12-01,4.55,219418,0.43,0.23,0.85,synthetic
UK,London,Booking,2024,12,2024-12-01,4.49,211171,0.43,0.22,0.74,synthetic
UK,London,Google,2025,1,2025-01-01,4.53,247883,0.8,0.38,0.82,synthetic
UK,London,Tripadvisor,2025,1,2025-01-01,4.51,225147,0.67,0.39,0.84,synthetic
UK,London,Booking,2025,1,2025-01-01,4.65,256860,1.0,0.31,0.81,synthetic
UK,London,Google,2025,2,2025-02-01,4.6,206446,0.61,0.13,0.77,synthetic
UK,London,Tripadvisor,2025,2,2025-02-01,4.58,258339,0.77,0.2,0.89,synthetic
UK,London,Booking,2025,2,2025-02-01,4.6,238592,0.36,0.24,0.85,synthetic
UK,London,Google,2025,3,2025-03-01,4.6,234912,0.63,0.16,0.79,synthetic
UK,London,Tripadvisor,2025,3,2025-03-01,4.67,262154,0.58,0.46,0.77,synthetic
UK,London,Booking,2025,3,2025-03-01,4.53,283775,0.69,0.27,0.76,synthetic
UK,London,Google,2025,4,2025-04-01,4.54,239609,0.63,0.3,0.71,synthetic
UK,London,Tripadvisor,2025,4,2025-04-01,4.6,217175,0.45,0.43,0.91,synthetic
UK,London,Booking,2025,4,2025-04-01,4.71,250004,0.56,0.29,0.87,synthetic
UK,London,Google,2025,5,2025-05-01,4.56,268613,0.29,0.27,0.82,synthetic
UK,London,Tripadvisor,2025,5,2025-05-01,4.54,225228,0.69,0.45,0.7,synthetic
UK,London,Booking,2025,5,2025-05-01,4.51,205584,0.37,0.15,0.7,synthetic
UK,London,Google,2025,6,2025-06-01,4.66,223226,0.6,0.2,0.86,synthetic
UK,London,Tripadvisor,2025,6,2025-06-01,4.7,207209,0.86,0.34,0.85,synthetic
UK,London,Booking,2025,6,2025-06-01,4.61,242779,0.88,0.35,0.83,synthetic
Ireland,Dublin,Google,2023,1,2023-01-01,4.58,190206,1.03,0.05,0.8,synthetic
Ireland,Dublin,Tripadvisor,2023,1,2023-01-01,4.66,182612,0.57,0.31,0.82,synthetic
Ireland,Dublin,Booking,2023,1,2023-01-01,4.65,176765,0.9,0.27,0.86,synthetic
Ireland,Dublin,Google,2023,2,2023-02-01,4.6,208774,0.71,0.34,0.75,synthetic
Ireland,Dublin,Tripadvisor,2023,2,2023-02-01,4.6,225740,0.49,0.36,0.75,synthetic
Ireland,Dublin,Booking,2023,2,2023-02-01,4.7,172286,0.46,0.23,0.82,synthetic
Ireland,Dublin,Google,2023,3,2023-03-01,4.67,189314,0.44,0.3,0.78,synthetic
Ireland,Dublin,Tripadvisor,2023,3,2023-03-01,4.68,206381,0.6,0.33,0.93,synthetic
Ireland,Dublin,Booking,2023,3,2023-03-01,4.63,166476,0.69,0.19,0.81,synthetic
Ireland,Dublin,Google,2023,4,2023-04-01,4.6,171938,0.56,0.39,0.86,synthetic
Ireland,Dublin,Tripadvisor,2023,4,2023-04-01,4.7,195329,0.56,0.06,0.87,synthetic
Ireland,Dublin,Booking,2023,4,2023-04-01,4.5,144417,0.58,0.33,0.73,synthetic
Ireland,Dublin,Google,2023,5,2023-05-01,4.73,198162,0.56,0.44,0.94,synthetic
Ireland,Dublin,Tripadvisor,2023,5,2023-05-01,4.67,170284,0.52,0.16,0.83,synthetic
Ireland,Dublin,Booking,2023,5,2023-05-01,4.58,180336,0.64,0.1,0.73,synthetic
Ireland,Dublin,Google,2023,6,2023-06-01,4.61,186567,0.53,0.27,0.77,synthetic
Ireland,Dublin,Tripadvisor,2023,6,2023-06-01,4.55,175703,0.57,0.27,0.78,synthetic
Ireland,Dublin,Booking,2023,6,2023-06-01,4.67,203110,0.5,0.14,0.9,synthetic
Ireland,Dublin,Google,2023,7,2023-07-01,4.66,166242,0.64,0.41,0.92,synthetic
Ireland,Dublin,Tripadvisor,2023,7,2023-07-01,4.66,211625,0.42,0.3,0.81,synthetic
Ireland,Dublin,Booking,2023,7,2023-07-01,4.66,224051,0.64,0.21,0.77,synthetic
Ireland,Dublin,Google,2023,8,2023-08-01,4.74,199326,0.67,0.27,0.88,synthetic
Ireland,Dublin,Tripadvisor,2023,8,2023-08-01,4.58,196474,0.42,0.26,0.76,synthetic
Ireland,Dublin,Booking,2023,8,2023-08-01,4.45,179938,0.47,0.28,0.72,synthetic
Ireland,Dublin,Google,2023,9,2023-09-01,4.75,194616,0.65,0.35,0.92,synthetic
Ireland,Dublin,Tripadvisor,2023,9,2023-09-01,4.67,194098,0.71,0.06,0.94,synthetic
Ireland,Dublin,Booking,2023,9,2023-09-01,4.74,192643,0.39,0.42,0.83,synthetic
Ireland,Dublin,Google,2023,10,2023-10-01,4.67,158846,0.93,0.16,0.84,synthetic
Ireland,Dublin,Tripadvisor,2023,10,2023-10-01,4.51,186822,0.54,0.41,0.74,synthetic
Ireland,Dublin,Booking,2023,10,2023-10-01,4.71,164677,0.56,0.27,0.88,synthetic
Ireland,Dublin,Google,2023,11,2023-11-01,4.66,204022,0.64,0.37,0.79,synthetic
Ireland,Dublin,Tripadvisor,2023,11,2023-11-01,4.66,223984,0.35,0.35,0.87,synthetic
Ireland,Dublin,Booking,2023,11,2023-11-01,4.73,204108,0.62,0.34,0.83,synthetic
Ireland,Dublin,Google,2023,12,2023-12-01,4.62,157657,0.82,0.35,0.76,synthetic
Ireland,Dublin,Tripadvisor,2023,12,2023-12-01,4.66,213871,0.75,0.21,0.67,synthetic
Ireland,Dublin,Booking,2023,12,2023-12-01,4.66,167769,0.69,0.4,0.89,synthetic
Ireland,Dublin,Google,2024,1,2024-01-01,4.75,232854,0.86,0.44,0.95,synthetic
Ireland,Dublin,Tripadvisor,2024,1,2024-01-01,4.64,171398,0.97,0.31,0.88,synthetic
Ireland,Dublin,Booking,2024,1,2024-01-01,4.61,226225,0.23,0.26,0.8,synthetic
Ireland,Dublin,Google,2024,2,2024-02-01,4.67,228856,0.44,0.37,0.9,synthetic
Ireland,Dublin,Tripadvisor,2024,2,2024-02-01,4.78,219965,0.53,0.17,0.98,synthetic
Ireland,Dublin,Booking,2024,2,2024-02-01,4.69,202236,0.36,0.21,0.87,synthetic
Ireland,Dublin,Google,2024,3,2024-03-01,4.66,155411,0.69,0.14,0.9,synthetic
Ireland,Dublin,Tripadvisor,2024,3,2024-03-01,4.65,191494,0.75,0.34,0.89,synthetic
Ireland,Dublin,Booking,2024,3,2024-03-01,4.65,206148,0.56,0.33,0.91,synthetic
Ireland,Dublin,Google,2024,4,2024-04-01,4.61,218537,0.47,0.09,0.82,synthetic
Ireland,Dublin,Tripadvisor,2024,4,2024-04-01,4.66,200093,0.38,0.33,0.84,synthetic
Ireland,Dublin,Booking,2024,4,2024-04-01,4.59,169837,0.56,0.37,0.81,synthetic
Ireland,Dublin,Google,2024,5,2024-05-01,4.59,206102,0.73,0.18,0.8,synthetic
Ireland,Dublin,Tripadvisor,2024,5,2024-05-01,4.72,171748,0.77,0.46,0.85,synthetic
Ireland,Dublin,Booking,2024,5,2024-05-01,4.62,227908,0.57,0.06,0.81,synthetic
Ireland,Dublin,Google,2024,6,2024-06-01,4.67,220779,0.47,0.27,0.88,synthetic
Ireland,Dublin,Tripadvisor,2024,6,2024-06-01,4.64,165573,0.79,0.28,0.87,synthetic
Ireland,Dublin,Booking,2024,6,2024-06-01,4.56,199827,0.68,0.29,0.72,synthetic
Ireland,Dublin,Google,2024,7,2024-07-01,4.5,239835,0.64,0.42,0.8,synthetic
Ireland,Dublin,Tripadvisor,2024,7,2024-07-01,4.68,194952,0.67,0.44,0.84,synthetic
Ireland,Dublin,Booking,2024,7,2024-07-01,4.75,166286,0.36,0.4,0.84,synthetic
Ireland,Dublin,Google,2024,8,2024-08-01,4.76,235311,0.84,0.39,0.84,synthetic
Ireland,Dublin,Tripadvisor,2024,8,2024-08-01,4.54,239155,0.38,0.46,0.8,synthetic
Ireland,Dublin,Booking,2024,8,2024-08-01,4.64,213527,0.67,0.28,0.89,synthetic
Ireland,Dublin,Google,2024,9,2024-09-01,4.72,206558,0.51,0.43,0.76,synthetic
Ireland,Dublin,Tripadvisor,2024,9,2024-09-01,4.67,220766,0.48,0.4,0.83,synthetic
Ireland,Dublin,Booking,2024,9,2024-09-01,4.61,226208,0.44,0.39,0.7,synthetic
Ireland,Dublin,Google,2024,10,2024-10-01,4.66,203837,0.52,0.34,0.83,synthetic
Ireland,Dublin,Tripadvisor,2024,10,2024-10-01,4.7,216400,0.67,0.33,0.83,synthetic
Ireland,Dublin,Booking,2024,10,2024-10-01,4.62,208810,0.57,0.41,0.82,synthetic
Ireland,Dublin,Google,2024,11,2024-11-01,4.66,168640,0.74,0.24,0.78,synthetic
Ireland,Dublin,Tripadvisor,2024,11,2024-11-01,4.74,219745,0.75,0.35,0.87,synthetic
Ireland,Dublin,Booking,2024,11,2024-11-01,4.62,221728,0.77,0.29,0.92,synthetic
Ireland,Dublin,Google,2024,12,2024-12-01,4.63,168851,0.34,0.13,0.79,synthetic
Ireland,Dublin,Tripadvisor,2024,12,2024-12-01,4.63,219380,0.6,0.38,0.82,synthetic
Ireland,Dublin,Booking,2024,12,2024-12-01,4.64,188718,0.81,0.15,0.84,synthetic
Ireland,Dublin,Google,2025,1,2025-01-01,4.63,238222,0.6,0.3,0.8,synthetic
Ireland,Dublin,Tripadvisor,2025,1,2025-01-01,4.72,217854,0.9,0.33,0.86,synthetic
Ireland,Dublin,Booking,2025,1,2025-01-01,4.63,232537,0.51,0.31,0.82,synthetic
Ireland,Dublin,Google,2025,2,2025-02-01,4.66,226939,0.66,0.31,0.91,synthetic
Ireland,Dublin,Tripadvisor,2025,2,2025-02-01,4.67,285898,0.61,0.4,0.8,synthetic
Ireland,Dublin,Booking,2025,2,2025-02-01,4.72,199384,0.67,0.27,0.89,synthetic
Ireland,Dublin,Google,2025,3,2025-03-01,4.63,197164,0.56,0.45,0.84,synthetic
Ireland,Dublin,Tripadvisor,2025,3,2025-03-01,4.56,246418,0.47,0.37,0.81,synthetic
Ireland,Dublin,Booking,2025,3,2025-03-01,4.68,266224,0.48,0.36,0.9,synthetic
Ireland,Dublin,Google,2025,4,2025-04-01,4.6,198300,0.56,0.33,0.73,synthetic
Ireland,Dublin,Tripadvisor,2025,4,2025-04-01,4.67,180983,0.79,0.35,0.93,synthetic
Ireland,Dublin,Booking,2025,4,2025-04-01,4.68,209826,0.48,0.32,0.84,synthetic
Ireland,Dublin,Google,2025,5,2025-05-01,4.71,193521,0.9,0.43,0.85,synthetic
Ireland,Dublin,Tripadvisor,2025,5,2025-05-01,4.75,197324,0.63,0.17,0.97,synthetic
Ireland,Dublin,Booking,2025,5,2025-05-01,4.54,180145,0.5,0.43,0.82,synthetic
Ireland,Dublin,Google,2025,6,2025-06-01,4.65,244420,0.58,0.34,0.91,synthetic
Ireland,Dublin,Tripadvisor,2025,6,2025-06-01,4.63,197762,0.67,0.37,0.82,synthetic
Ireland,Dublin,Booking,2025,6,2025-06-01,4.7,212531,0.62,0.34,0.86,synthetic
France,Paris,Google,2023,1,2023-01-01,4.43,165322,0.68,0.4,0.75,synthetic
France,Paris,Tripadvisor,2023,1,2023-01-01,4.45,140735,0.23,0.43,0.75,synthetic
France,Paris,Booking,2023,1,2023-01-01,4.41,185875,0.89,0.44,0.75,synthetic
France,Paris,Google,2023,2,2023-02-01,4.35,155997,0.24,0.36,0.73,synthetic
France,Paris,Tripadvisor,2023,2,2023-02-01,4.48,185486,0.58,0.24,0.7,synthetic
France,Paris,Booking,2023,2,2023-02-01,4.4,151446,0.86,0.17,0.69,synthetic
France,Paris,Google,2023,3,2023-03-01,4.29,177685,0.6,0.26,0.6,synthetic
France,Paris,Tripadvisor,2023,3,2023-03-01,4.41,160369,0.58,0.5,0.71,synthetic
France,Paris,Booking,2023,3,2023-03-01,4.44,162016,0.48,0.3,0.84,synthetic
France,Paris,Google,2023,4,2023-04-01,4.39,179021,0.48,0.05,0.66,synthetic
France,Paris,Tripadvisor,2023,4,2023-04-01,4.55,183838,0.85,0.27,0.66,synthetic
France,Paris,Booking,2023,4,2023-04-01,4.34,179754,0.64,0.3,0.64,synthetic
France,Paris,Google,2023,5,2023-05-01,4.46,161257,0.65,0.32,0.71,synthetic
France,Paris,Tripadvisor,2023,5,2023-05-01,4.35,162781,0.88,0.41,0.73,synthetic
France,Paris,Booking,2023,5,2023-05-01,4.36,141978,0.76,0.39,0.69,synthetic
France,Paris,Google,2023,6,2023-06-01,4.38,141437,0.73,0.42,0.66,synthetic
France,Paris,Tripadvisor,2023,6,2023-06-01,4.36,197132,0.5,0.48,0.67,synthetic
France,Paris,Booking,2023,6,2023-06-01,4.38,172508,0.54,0.41,0.74,synthetic
France,Paris,Google,2023,7,2023-07-01,4.47,175379,0.53,0.3,0.71,synthetic
France,Paris,Tripadvisor,2023,7,2023-07-01,4.49,192216,0.59,0.21,0.82,synthetic
France,Paris,Booking,2023,7,2023-07-01,4.41,168899,0.83,0.25,0.69,synthetic
France,Paris,Google,2023,8,2023-08-01,4.39,144472,0.65,0.22,0.67,synthetic
France,Paris,Tripadvisor,2023,8,2023-08-01,4.36,159492,0.47,0.32,0.67,synthetic
France,Paris,Booking,2023,8,2023-08-01,4.41,220043,0.58,0.36,0.74,synthetic
France,Paris,Google,2023,9,2023-09-01,4.4,177217,0.6,0.32,0.67,synthetic
France,Paris,Tripadvisor,2023,9,2023-09-01,4.38,171928,0.3,0.45,0.8,synthetic
France,Paris,Booking,2023,9,2023-09-01,4.42,185281,0.76,0.17,0.75,synthetic
France,Paris,Google,2023,10,2023-10-01,4.38,218745,0.57,0.39,0.68,synthetic
France,Paris,Tripadvisor,2023,10,2023-10-01,4.54,161030,0.77,0.36,0.79,synthetic
France,Paris,Booking,2023,10,2023-10-01,4.42,157846,0.21,0.41,0.69,synthetic
France,Paris,Google,2023,11,2023-11-01,4.48,178821,0.78,0.38,0.62,synthetic
France,Paris,Tripadvisor,2023,11,2023-11-01,4.44,164503,0.77,0.36,0.75,synthetic
France,Paris,Booking,2023,11,2023-11-01,4.39,152789,0.54,0.12,0.67,synthetic
France,Paris,Google,2023,12,2023-12-01,4.32,141977,0.62,0.35,0.66,synthetic
France,Paris,Tripadvisor,2023,12,2023-12-01,4.38,152073,0.55,0.22,0.69,synthetic
France,Paris,Booking,2023,12,2023-12-01,4.32,186019,0.51,0.34,0.7,synthetic
France,Paris,Google,2024,1,2024-01-01,4.43,203076,0.29,0.25,0.77,synthetic
France,Paris,Tripadvisor,2024,1,2024-01-01,4.44,226410,0.86,0.33,0.71,synthetic
France,Paris,Booking,2024,1,2024-01-01,4.35,174725,0.54,0.24,0.63,synthetic
France,Paris,Google,2024,2,2024-02-01,4.43,223034,0.74,0.27,0.77,synthetic
France,Paris,Tripadvisor,2024,2,2024-02-01,4.43,184401,0.58,0.28,0.75,synthetic
France,Paris,Booking,2024,2,2024-02-01,4.41,169108,0.48,0.33,0.73,synthetic
France,Paris,Google,2024,3,2024-03-01,4.39,160134,0.79,0.4,0.59,synthetic
France,Paris,Tripadvisor,2024,3,2024-03-01,4.49,180659,0.63,0.41,0.83,synthetic
France,Paris,Booking,2024,3,2024-03-01,4.47,190666,0.39,0.1,0.78,synthetic
France,Paris,Google,2024,4,2024-04-01,4.49,167191,0.56,0.24,0.71,synthetic
France,Paris,Tripadvisor,2024,4,2024-04-01,4.47,190162,0.57,0.57,0.66,synthetic
France,Paris,Booking,2024,4,2024-04-01,4.44,161980,0.58,0.31,0.76,synthetic
France,Paris,Google,2024,5,2024-05-01,4.39,177146,0.56,0.19,0.73,synthetic
France,Paris,Tripadvisor,2024,5,2024-05-01,4.42,194983,0.59,0.28,0.77,synthetic
France,Paris,Booking,2024,5,2024-05-01,4.47,216766,0.66,0.44,0.71,synthetic
France,Paris,Google,2024,6,2024-06-01,4.39,211881,0.73,0.27,0.64,synthetic
France,Paris,Tripadvisor,2024,6,2024-06-01,4.39,170077,0.86,0.38,0.66,synthetic
France,Paris,Booking,2024,6,2024-06-01,4.34,167999,0.52,0.28,0.73,synthetic
France,Paris,Google,2024,7,2024-07-01,4.35,236218,0.46,0.16,0.76,synthetic
France,Paris,Tripadvisor,2024,7,2024-07-01,4.49,181251,0.66,0.34,0.75,synthetic
France,Paris,Booking,2024,7,2024-07-01,4.33,130115,0.47,0.48,0.76,synthetic
France,Paris,Google,2024,8,2024-08-01,4.39,164004,0.64,0.34,0.73,synthetic
France,Paris,Tripadvisor,2024,8,2024-08-01,4.25,255524,0.77,0.28,0.59,synthetic
France,Paris,Booking,2024,8,2024-08-01,4.47,196322,0.61,0.35,0.73,synthetic
France,Paris,Google,2024,9,2024-09-01,4.43,201458,0.65,0.33,0.79,synthetic
France,Paris,Tripadvisor,2024,9,2024-09-01,4.31,167564,0.6,0.23,0.64,synthetic
France,Paris,Booking,2024,9,2024-09-01,4.48,181993,0.33,0.26,0.74,synthetic
France,Paris,Google,2024,10,2024-10-01,4.41,197670,0.67,0.29,0.64,synthetic
France,Paris,Tripadvisor,2024,10,2024-10-01,4.38,171457,0.56,0.37,0.71,synthetic
France,Paris,Booking,2024,10,2024-10-01,4.46,176765,0.83,0.37,0.73,synthetic
France,Paris,Google,2024,11,2024-11-01,4.44,170279,0.28,0.24,0.76,synthetic
France,Paris,Tripadvisor,2024,11,2024-11-01,4.41,182263,0.47,0.1,0.78,synthetic
France,Paris,Booking,2024,11,2024-11-01,4.39,175754,0.5,0.43,0.74,synthetic
France,Paris,Google,2024,12,2024-12-01,4.35,211202,0.58,0.24,0.66,synthetic
France,Paris,Tripadvisor,2024,12,2024-12-01,4.36,155934,0.72,0.28,0.71,synthetic
France,Paris,Booking,2024,12,2024-12-01,4.42,197504,0.29,0.21,0.74,synthetic
France,Paris,Google,2025,1,2025-01-01,4.33,207943,0.39,0.3,0.75,synthetic
France,Paris,Tripadvisor,2025,1,2025-01-01,4.45,154829,0.73,0.48,0.87,synthetic
France,Paris,Booking,2025,1,2025-01-01,4.44,166445,0.67,0.46,0.71,synthetic
France,Paris,Google,2025,2,2025-02-01,4.47,178979,0.66,0.05,0.69,synthetic
France,Paris,Tripadvisor,2025,2,2025-02-01,4.41,190354,0.4,0.25,0.72,synthetic
France,Paris,Booking,2025,2,2025-02-01,4.4,200488,0.71,0.27,0.77,synthetic
France,Paris,Google,2025,3,2025-03-01,4.35,245081,0.77,0.26,0.66,synthetic
France,Paris,Tripadvisor,2025,3,2025-03-01,4.42,213331,0.76,0.17,0.73,synthetic
France,Paris,Booking,2025,3,2025-03-01,4.28,194798,0.82,0.16,0.56,synthetic
France,Paris,Google,2025,4,2025-04-01,4.42,232170,0.65,0.11,0.63,synthetic
France,Paris,Tripadvisor,2025,4,2025-04-01,4.41,170867,0.62,0.32,0.68,synthetic
France,Paris,Booking,2025,4,2025-04-01,4.52,213135,0.78,0.39,0.75,synthetic
France,Paris,Google,2025,5,2025-05-01,4.39,191924,0.7,0.23,0.78,synthetic
France,Paris,Tripadvisor,2025,5,2025-05-01,4.36,204155,0.57,0.25,0.79,synthetic
France,Paris,Booking,2025,5,2025-05-01,4.38,191754,0.5,0.3,0.69,synthetic
France,Paris,Google,2025,6,2025-06-01,4.34,188897,0.69,0.4,0.67,synthetic
France,Paris,Tripadvisor,2025,6,2025-06-01,4.41,190410,0.52,0.21,0.63,synthetic
France,Paris,Booking,2025,6,2025-06-01,4.36,220625,0.54,0.27,0.66,synthetic
Spain,Barcelona,Google,2023,1,2023-01-01,4.37,209056,0.64,0.29,0.69,synthetic
Spain,Barcelona,Tripadvisor,2023,1,2023-01-01,4.36,236880,0.72,0.3,0.77,synthetic
Spain,Barcelona,Booking,2023,1,2023-01-01,4.35,187174,0.7,0.34,0.68,synthetic
Spain,Barcelona,Google,2023,2,2023-02-01,4.33,175566,0.31,0.46,0.64,synthetic
Spain,Barcelona,Tripadvisor,2023,2,2023-02-01,4.4,190010,0.44,0.37,0.7,synthetic
Spain,Barcelona,Booking,2023,2,2023-02-01,4.38,234882,0.57,0.23,0.63,synthetic
Spain,Barcelona,Google,2023,3,2023-03-01,4.43,279515,0.44,0.19,0.7,synthetic
Spain,Barcelona,Tripadvisor,2023,3,2023-03-01,4.36,230133,0.67,0.3,0.68,synthetic
Spain,Barcelona,Booking,2023,3,2023-03-01,4.49,220439,0.85,0.44,0.77,synthetic
Spain,Barcelona,Google,2023,4,2023-04-01,4.23,236143,0.52,0.3,0.56,synthetic
Spain,Barcelona,Tripadvisor,2023,4,2023-04-01,4.39,263075,0.78,0.26,0.64,synthetic
Spain,Barcelona,Booking,2023,4,2023-04-01,4.37,284844,0.61,0.35,0.67,synthetic
Spain,Barcelona,Google,2023,5,2023-05-01,4.31,253851,0.58,0.34,0.68,synthetic
Spain,Barcelona,Tripadvisor,2023,5,2023-05-01,4.37,251016,0.47,0.21,0.68,synthetic
Spain,Barcelona,Booking,2023,5,2023-05-01,4.34,220520,0.64,0.39,0.73,synthetic
Spain,Barcelona,Google,2023,6,2023-06-01,4.43,198147,0.43,0.27,0.72,synthetic
Spain,Barcelona,Tripadvisor,2023,6,2023-06-01,4.33,219664,0.55,0.35,0.6,synthetic
Spain,Barcelona,Booking,2023,6,2023-06-01,4.49,235859,0.76,0.24,0.77,synthetic
Spain,Barcelona,Google,2023,7,2023-07-01,4.35,259456,0.57,0.46,0.6,synthetic
Spain,Barcelona,Tripadvisor,2023,7,2023-07-01,4.4,238618,0.45,0.5,0.79,synthetic
Spain,Barcelona,Booking,2023,7,2023-07-01,4.22,240257,0.71,0.34,0.69,synthetic
Spain,Barcelona,Google,2023,8,2023-08-01,4.42,242753,0.94,0.39,0.69,synthetic
Spain,Barcelona,Tripadvisor,2023,8,2023-08-01,4.31,270369,0.48,0.26,0.64,synthetic
Spain,Barcelona,Booking,2023,8,2023-08-01,4.37,229805,0.4,0.42,0.66,synthetic
Spain,Barcelona,Google,2023,9,2023-09-01,4.47,243849,0.79,0.36,0.8,synthetic
Spain,Barcelona,Tripadvisor,2023,9,2023-09-01,4.38,241906,0.76,0.55,0.68,synthetic
Spain,Barcelona,Booking,2023,9,2023-09-01,4.39,235118,0.68,0.3,0.59,synthetic
Spain,Barcelona,Google,2023,10,2023-10-01,4.33,263486,0.49,0.39,0.68,synthetic
Spain,Barcelona,Tripadvisor,2023,10,2023-10-01,4.33,260840,0.7,0.34,0.72,synthetic
Spain,Barcelona,Booking,2023,10,2023-10-01,4.36,188834,0.54,0.12,0.71,synthetic
Spain,Barcelona,Google,2023,11,2023-11-01,4.4,261853,0.67,0.4,0.62,synthetic
Spain,Barcelona,Tripadvisor,2023,11,2023-11-01,4.34,195321,0.55,0.46,0.72,synthetic
Spain,Barcelona,Booking,2023,11,2023-11-01,4.38,230139,0.45,0.32,0.75,synthetic
Spain,Barcelona,Google,2023,12,2023-12-01,4.37,190499,0.62,0.11,0.72,synthetic
Spain,Barcelona,Tripadvisor,2023,12,2023-12-01,4.3,200735,0.72,0.36,0.66,synthetic
Spain,Barcelona,Booking,2023,12,2023-12-01,4.48,253194,0.5,0.35,0.72,synthetic
Spain,Barcelona,Google,2024,1,2024-01-01,4.42,262655,0.66,0.16,0.71,synthetic
Spain,Barcelona,Tripadvisor,2024,1,2024-01-01,4.34,222859,0.57,0.34,0.67,synthetic
Spain,Barcelona,Booking,2024,1,2024-01-01,4.26,245757,0.53,0.32,0.63,synthetic
Spain,Barcelona,Google,2024,2,2024-02-01,4.32,240347,0.61,0.4,0.67,synthetic
Spain,Barcelona,Tripadvisor,2024,2,2024-02-01,4.43,288640,0.82,0.44,0.79,synthetic
Spain,Barcelona,Booking,2024,2,2024-02-01,4.28,273828,0.78,0.44,0.6,synthetic
Spain,Barcelona,Google,2024,3,2024-03-01,4.38,256381,0.88,0.16,0.65,synthetic
Spain,Barcelona,Tripadvisor,2024,3,2024-03-01,4.24,258497,0.94,0.3,0.62,synthetic
Spain,Barcelona,Booking,2024,3,2024-03-01,4.38,250542,0.65,0.34,0.65,synthetic
Spain,Barcelona,Google,2024,4,2024-04-01,4.34,276710,0.74,0.43,0.69,synthetic
Spain,Barcelona,Tripadvisor,2024,4,2024-04-01,4.37,276961,0.51,0.24,0.68,synthetic
Spain,Barcelona,Booking,2024,4,2024-04-01,4.27,266495,0.76,0.23,0.66,synthetic
Spain,Barcelona,Google,2024,5,2024-05-01,4.31,223092,0.91,0.2,0.59,synthetic
Spain,Barcelona,Tripadvisor,2024,5,2024-05-01,4.36,262275,0.7,0.5,0.64,synthetic
Spain,Barcelona,Booking,2024,5,2024-05-01,4.31,303141,0.74,0.38,0.63,synthetic
Spain,Barcelona,Google,2024,6,2024-06-01,4.41,278577,0.63,0.24,0.71,synthetic
Spain,Barcelona,Tripadvisor,2024,6,2024-06-01,4.44,220732,0.48,0.24,0.7,synthetic
Spain,Barcelona,Booking,2024,6,2024-06-01,4.34,283315,0.67,0.31,0.69,synthetic
Spain,Barcelona,Google,2024,7,2024-07-01,4.38,202812,0.76,0.22,0.67,synthetic
Spain,Barcelona,Tripadvisor,2024,7,2024-07-01,4.36,251789,0.67,0.31,0.67,synthetic
Spain,Barcelona,Booking,2024,7,2024-07-01,4.44,275677,0.65,0.37,0.68,synthetic
Spain,Barcelona,Google,2024,8,2024-08-01,4.48,220925,0.62,0.27,0.72,synthetic
Spain,Barcelona,Tripadvisor,2024,8,2024-08-01,4.32,230558,0.78,0.18,0.71,synthetic
Spain,Barcelona,Booking,2024,8,2024-08-01,4.38,242474,0.68,0.28,0.64,synthetic
Spain,Barcelona,Google,2024,9,2024-09-01,4.28,274073,0.69,0.32,0.62,synthetic
Spain,Barcelona,Tripadvisor,2024,9,2024-09-01,4.33,244162,0.34,0.31,0.69,synthetic
Spain,Barcelona,Booking,2024,9,2024-09-01,4.35,308030,0.45,0.23,0.68,synthetic
Spain,Barcelona,Google,2024,10,2024-10-01,4.36,196119,0.69,0.32,0.57,synthetic
Spain,Barcelona,Tripadvisor,2024,10,2024-10-01,4.34,229435,0.53,0.17,0.69,synthetic
Spain,Barcelona,Booking,2024,10,2024-10-01,4.45,262169,0.28,0.33,0.72,synthetic
Spain,Barcelona,Google,2024,11,2024-11-01,4.28,264870,0.73,0.23,0.56,synthetic
Spain,Barcelona,Tripadvisor,2024,11,2024-11-01,4.22,233791,0.58,0.25,0.58,synthetic
Spain,Barcelona,Booking,2024,11,2024-11-01,4.38,268200,0.63,0.38,0.66,synthetic
Spain,Barcelona,Google,2024,12,2024-12-01,4.28,238162,0.51,0.09,0.61,synthetic
Spain,Barcelona,Tripadvisor,2024,12,2024-12-01,4.41,278506,0.68,0.31,0.78,synthetic
Spain,Barcelona,Booking,2024,12,2024-12-01,4.28,224670,0.77,0.3,0.61,synthetic
Spain,Barcelona,Google,2025,1,2025-01-01,4.38,258550,0.47,0.21,0.7,synthetic
Spain,Barcelona,Tripadvisor,2025,1,2025-01-01,4.36,322581,0.56,0.27,0.75,synthetic
Spain,Barcelona,Booking,2025,1,2025-01-01,4.4,277655,0.37,0.22,0.65,synthetic
Spain,Barcelona,Google,2025,2,2025-02-01,4.35,256261,0.84,0.14,0.62,synthetic
Spain,Barcelona,Tripadvisor,2025,2,2025-02-01,4.36,289986,0.21,0.13,0.67,synthetic
Spain,Barcelona,Booking,2025,2,2025-02-01,4.43,334732,0.54,0.28,0.67,synthetic
Spain,Barcelona,Google,2025,3,2025-03-01,4.38,322967,0.79,0.3,0.65,synthetic
Spain,Barcelona,Tripadvisor,2025,3,2025-03-01,4.35,318129,0.54,0.12,0.65,synthetic
Spain,Barcelona,Booking,2025,3,2025-03-01,4.33,213263,0.63,0.35,0.76,synthetic
Spain,Barcelona,Google,2025,4,2025-04-01,4.26,296833,0.75,0.35,0.58,synthetic
Spain,Barcelona,Tripadvisor,2025,4,2025-04-01,4.28,276092,0.61,0.24,0.7,synthetic
Spain,Barcelona,Booking,2025,4,2025-04-01,4.32,210892,0.57,0.35,0.68,synthetic
Spain,Barcelona,Google,2025,5,2025-05-01,4.36,321836,0.43,0.26,0.76,synthetic
Spain,Barcelona,Tripadvisor,2025,5,2025-05-01,4.23,271151,0.78,0.42,0.65,synthetic
Spain,Barcelona,Booking,2025,5,2025-05-01,4.39,238817,0.81,0.18,0.64,synthetic
Spain,Barcelona,Google,2025,6,2025-06-01,4.37,256763,0.63,0.34,0.77,synthetic
Spain,Barcelona,Tripadvisor,2025,6,2025-06-01,4.37,252653,0.7,0.22,0.73,synthetic
Spain,Barcelona,Booking,2025,6,2025-06-01,4.35,286027,0.33,0.07,0.6,synthetic
Portugal,Lisbon,Google,2023,1,2023-01-01,4.35,136717,0.5,0.28,0.67,synthetic
Portugal,Lisbon,Tripadvisor,2023,1,2023-01-01,4.52,134488,0.66,0.43,0.73,synthetic
Portugal,Lisbon,Booking,2023,1,2023-01-01,4.49,139266,0.73,0.28,0.72,synthetic
Portugal,Lisbon,Google,2023,2,2023-02-01,4.37,113500,0.46,0.34,0.67,synthetic
Portugal,Lisbon,Tripadvisor,2023,2,2023-02-01,4.45,133031,0.44,0.19,0.71,synthetic
Portugal,Lisbon,Booking,2023,2,2023-02-01,4.38,112396,0.85,0.15,0.79,synthetic
Portugal,Lisbon,Google,2023,3,2023-03-01,4.44,140547,0.73,0.36,0.8,synthetic
Portugal,Lisbon,Tripadvisor,2023,3,2023-03-01,4.36,123315,0.47,0.13,0.65,synthetic
Portugal,Lisbon,Booking,2023,3,2023-03-01,4.53,123057,0.9,0.51,0.92,synthetic
Portugal,Lisbon,Google,2023,4,2023-04-01,4.54,161236,0.65,0.32,0.78,synthetic
Portugal,Lisbon,Tripadvisor,2023,4,2023-04-01,4.42,127931,0.71,0.25,0.64,synthetic
Portugal,Lisbon,Booking,2023,4,2023-04-01,4.44,115225,0.51,0.29,0.7,synthetic
Portugal,Lisbon,Google,2023,5,2023-05-01,4.49,123159,0.77,0.32,0.74,synthetic
Portugal,Lisbon,Tripadvisor,2023,5,2023-05-01,4.43,106195,0.65,0.38,0.77,synthetic
Portugal,Lisbon,Booking,2023,5,2023-05-01,4.34,102766,0.52,0.44,0.68,synthetic
Portugal,Lisbon,Google,2023,6,2023-06-01,4.38,103762,0.5,0.22,0.73,synthetic
Portugal,Lisbon,Tripadvisor,2023,6,2023-06-01,4.48,109840,0.71,0.37,0.68,synthetic
Portugal,Lisbon,Booking,2023,6,2023-06-01,4.42,130813,0.62,0.13,0.72,synthetic
Portugal,Lisbon,Google,2023,7,2023-07-01,4.46,149495,0.5,0.25,0.72,synthetic
Portugal,Lisbon,Tripadvisor,2023,7,2023-07-01,4.44,127137,0.69,0.19,0.74,synthetic
Portugal,Lisbon,Booking,2023,7,2023-07-01,4.38,123512,0.86,0.16,0.67,synthetic
Portugal,Lisbon,Google,2023,8,2023-08-01,4.35,127982,0.76,0.32,0.67,synthetic
Portugal,Lisbon,Tripadvisor,2023,8,2023-08-01,4.5,130658,0.72,0.37,0.61,synthetic
Portugal,Lisbon,Booking,2023,8,2023-08-01,4.42,109415,0.48,0.45,0.69,synthetic
Portugal,Lisbon,Google,2023,9,2023-09-01,4.54,104444,0.44,0.38,0.75,synthetic
Portugal,Lisbon,Tripadvisor,2023,9,2023-09-01,4.44,123980,0.58,0.27,0.73,synthetic
Portugal,Lisbon,Booking,2023,9,2023-09-01,4.46,150020,0.57,0.26,0.7,synthetic
Portugal,Lisbon,Google,2023,10,2023-10-01,4.51,136084,0.32,0.11,0.71,synthetic
Portugal,Lisbon,Tripadvisor,2023,10,2023-10-01,4.44,125169,0.68,0.28,0.79,synthetic
Portugal,Lisbon,Booking,2023,10,2023-10-01,4.47,126843,0.77,0.14,0.73,synthetic
Portugal,Lisbon,Google,2023,11,2023-11-01,4.43,134753,0.34,0.27,0.74,synthetic
Portugal,Lisbon,Tripadvisor,2023,11,2023-11-01,4.45,143561,0.71,0.29,0.76,synthetic
Portugal,Lisbon,Booking,2023,11,2023-11-01,4.41,127887,0.72,0.3,0.72,synthetic
Portugal,Lisbon,Google,2023,12,2023-12-01,4.48,136414,0.79,0.53,0.77,synthetic
Portugal,Lisbon,Tripadvisor,2023,12,2023-12-01,4.39,133392,0.67,0.36,0.77,synthetic
Portugal,Lisbon,Booking,2023,12,2023-12-01,4.32,148504,0.88,0.36,0.69,synthetic
Portugal,Lisbon,Google,2024,1,2024-01-01,4.41,135830,0.7,0.36,0.74,synthetic
Portugal,Lisbon,Tripadvisor,2024,1,2024-01-01,4.46,150360,0.72,0.2,0.77,synthetic
Portugal,Lisbon,Booking,2024,1,2024-01-01,4.53,135294,0.82,0.21,0.77,synthetic
Portugal,Lisbon,Google,2024,2,2024-02-01,4.38,158191,0.85,0.29,0.75,synthetic
Portugal,Lisbon,Tripadvisor,2024,2,2024-02-01,4.52,135191,0.62,0.37,0.72,synthetic
Portugal,Lisbon,Booking,2024,2,2024-02-01,4.43,170628,0.52,0.39,0.74,synthetic
Portugal,Lisbon,Google,2024,3,2024-03-01,4.41,139338,0.86,0.36,0.74,synthetic
Portugal,Lisbon,Tripadvisor,2024,3,2024-03-01,4.52,131014,0.44,0.48,0.77,synthetic
Portugal,Lisbon,Booking,2024,3,2024-03-01,4.48,123311,0.66,0.19,0.74,synthetic
Portugal,Lisbon,Google,2024,4,2024-04-01,4.38,121433,0.55,0.07,0.63,synthetic
Portugal,Lisbon,Tripadvisor,2024,4,2024-04-01,4.47,141390,0.44,0.35,0.69,synthetic
Portugal,Lisbon,Booking,2024,4,2024-04-01,4.47,133844,0.55,0.29,0.86,synthetic
Portugal,Lisbon,Google,2024,5,2024-05-01,4.38,139417,0.72,0.2,0.61,synthetic
Portugal,Lisbon,Tripadvisor,2024,5,2024-05-01,4.39,148097,0.55,0.28,0.74,synthetic
Portugal,Lisbon,Booking,2024,5,2024-05-01,4.37,134282,0.37,0.33,0.7,synthetic
Portugal,Lisbon,Google,2024,6,2024-06-01,4.47,117074,0.57,0.17,0.72,synthetic
Portugal,Lisbon,Tripadvisor,2024,6,2024-06-01,4.51,130503,0.4,0.23,0.67,synthetic
Portugal,Lisbon,Booking,2024,6,2024-06-01,4.34,146656,0.38,0.33,0.67,synthetic
Portugal,Lisbon,Google,2024,7,2024-07-01,4.39,139430,0.46,0.38,0.66,synthetic
Portugal,Lisbon,Tripadvisor,2024,7,2024-07-01,4.4,127497,0.7,0.35,0.57,synthetic
Portugal,Lisbon,Booking,2024,7,2024-07-01,4.44,107313,0.55,0.29,0.7,synthetic
Portugal,Lisbon,Google,2024,8,2024-08-01,4.45,147456,0.48,0.22,0.72,synthetic
Portugal,Lisbon,Tripadvisor,2024,8,2024-08-01,4.33,127959,0.8,0.15,0.65,synthetic
Portugal,Lisbon,Booking,2024,8,2024-08-01,4.39,168388,0.52,0.25,0.64,synthetic
Portugal,Lisbon,Google,2024,9,2024-09-01,4.42,140128,0.47,0.4,0.72,synthetic
Portugal,Lisbon,Tripadvisor,2024,9,2024-09-01,4.47,130383,0.64,0.28,0.81,synthetic
Portugal,Lisbon,Booking,2024,9,2024-09-01,4.43,135870,0.53,0.25,0.73,synthetic
Portugal,Lisbon,Google,2024,10,2024-10-01,4.47,124578,0.62,0.32,0.75,synthetic
Portugal,Lisbon,Tripadvisor,2024,10,2024-10-01,4.32,120666,0.4,0.3,0.61,synthetic
Portugal,Lisbon,Booking,2024,10,2024-10-01,4.39,116276,0.54,0.19,0.73,synthetic
Portugal,Lisbon,Google,2024,11,2024-11-01,4.45,138174,0.55,0.1,0.7,synthetic
Portugal,Lisbon,Tripadvisor,2024,11,2024-11-01,4.38,139755,0.69,0.33,0.75,synthetic
Portugal,Lisbon,Booking,2024,11,2024-11-01,4.39,125796,0.76,0.32,0.68,synthetic
Portugal,Lisbon,Google,2024,12,2024-12-01,4.53,145137,0.57,0.23,0.83,synthetic
Portugal,Lisbon,Tripadvisor,2024,12,2024-12-01,4.43,136127,0.7,0.39,0.74,synthetic
Portugal,Lisbon,Booking,2024,12,2024-12-01,4.47,143079,0.68,0.23,0.83,synthetic
Portugal,Lisbon,Google,2025,1,2025-01-01,4.35,151194,0.4,0.29,0.65,synthetic
Portugal,Lisbon,Tripadvisor,2025,1,2025-01-01,4.43,151760,0.46,0.3,0.78,synthetic
Portugal,Lisbon,Booking,2025,1,2025-01-01,4.34,130841,0.73,0.31,0.68,synthetic
Portugal,Lisbon,Google,2025,2,2025-02-01,4.48,131890,0.52,0.24,0.72,synthetic
Portugal,Lisbon,Tripadvisor,2025,2,2025-02-01,4.5,116023,0.42,0.16,0.82,synthetic
Portugal,Lisbon,Booking,2025,2,2025-02-01,4.39,140067,0.36,0.27,0.74,synthetic
Portugal,Lisbon,Google,2025,3,2025-03-01,4.44,143894,0.37,0.27,0.73,synthetic
Portugal,Lisbon,Tripadvisor,2025,3,2025-03-01,4.36,157238,0.73,0.25,0.72,synthetic
Portugal,Lisbon,Booking,2025,3,2025-03-01,4.42,165849,0.91,0.19,0.75,synthetic
Portugal,Lisbon,Google,2025,4,2025-04-01,4.5,128800,0.51,0.24,0.74,synthetic
Portugal,Lisbon,Tripadvisor,2025,4,2025-04-01,4.4,142313,0.73,0.11,0.65,synthetic
Portugal,Lisbon,Booking,2025,4,2025-04-01,4.46,155452,0.44,0.36,0.8,synthetic
Portugal,Lisbon,Google,2025,5,2025-05-01,4.42,128148,0.73,0.47,0.67,synthetic
Portugal,Lisbon,Tripadvisor,2025,5,2025-05-01,4.42,164852,0.62,0.13,0.73,synthetic
Portugal,Lisbon,Booking,2025,5,2025-05-01,4.36,123552,0.34,0.42,0.64,synthetic
Portugal,Lisbon,Google,2025,6,2025-06-01,4.44,155909,0.62,0.33,0.74,synthetic
Portugal,Lisbon,Tripadvisor,2025,6,2025-06-01,4.43,132483,0.47,0.29,0.71,synthetic
Portugal,Lisbon,Booking,2025,6,2025-06-01,4.45,165053,0.65,0.22,0.61,synthetic
Italy,Rome,Google,2023,1,2023-01-01,4.02,37718,0.61,0.49,0.54,synthetic
Italy,Rome,Tripadvisor,2023,1,2023-01-01,4.18,39798,0.76,0.26,0.54,synthetic
Italy,Rome,Booking,2023,1,2023-01-01,4.04,36600,0.51,0.2,0.54,synthetic
Italy,Rome,Google,2023,2,2023-02-01,4.01,29908,0.43,0.28,0.45,synthetic
Italy,Rome,Tripadvisor,2023,2,2023-02-01,4.05,39293,0.69,0.23,0.46,synthetic
Italy,Rome,Booking,2023,2,2023-02-01,4.03,39536,0.73,0.34,0.58,synthetic
Italy,Rome,Google,2023,3,2023-03-01,4.17,34527,0.82,0.27,0.64,synthetic
Italy,Rome,Tripadvisor,2023,3,2023-03-01,4.11,27957,0.46,0.18,0.47,synthetic
Italy,Rome,Booking,2023,3,2023-03-01,4.12,45752,0.56,0.39,0.63,synthetic
Italy,Rome,Google,2023,4,2023-04-01,4.08,36541,0.56,0.35,0.58,synthetic
Italy,Rome,Tripadvisor,2023,4,2023-04-01,4.1,38533,0.59,0.14,0.59,synthetic
Italy,Rome,Booking,2023,4,2023-04-01,3.99,39377,0.71,0.19,0.46,synthetic
Italy,Rome,Google,2023,5,2023-05-01,4.19,36303,0.42,0.38,0.56,synthetic
Italy,Rome,Tripadvisor,2023,5,2023-05-01,3.95,38939,0.46,0.33,0.44,synthetic
Italy,Rome,Booking,2023,5,2023-05-01,4.11,37460,0.21,0.34,0.54,synthetic
Italy,Rome,Google,2023,6,2023-06-01,4.15,38391,0.71,0.23,0.54,synthetic
Italy,Rome,Tripadvisor,2023,6,2023-06-01,4.07,35066,0.8,0.28,0.47,synthetic
Italy,Rome,Booking,2023,6,2023-06-01,4.02,40897,0.57,0.28,0.56,synthetic
Italy,Rome,Google,2023,7,2023-07-01,4.01,26821,0.47,0.32,0.49,synthetic
Italy,Rome,Tripadvisor,2023,7,2023-07-01,3.97,41121,0.62,0.34,0.51,synthetic
Italy,Rome,Booking,2023,7,2023-07-01,3.99,37985,0.74,0.41,0.53,synthetic
Italy,Rome,Google,2023,8,2023-08-01,4.1,29011,0.6,0.2,0.61,synthetic
Italy,Rome,Tripadvisor,2023,8,2023-08-01,4.14,32472,0.59,0.32,0.61,synthetic
Italy,Rome,Booking,2023,8,2023-08-01,3.97,26934,0.61,0.05,0.49,synthetic
Italy,Rome,Google,2023,9,2023-09-01,4.1,42089,0.51,0.32,0.58,synthetic
Italy,Rome,Tripadvisor,2023,9,2023-09-01,4.0,40679,0.64,0.24,0.51,synthetic
Italy,Rome,Booking,2023,9,2023-09-01,4.06,40084,0.55,0.32,0.5,synthetic
Italy,Rome,Google,2023,10,2023-10-01,4.01,37407,0.47,0.38,0.54,synthetic
Italy,Rome,Tripadvisor,2023,10,2023-10-01,4.02,37593,0.48,0.14,0.48,synthetic
Italy,Rome,Booking,2023,10,2023-10-01,4.06,38946,0.62,0.39,0.48,synthetic
Italy,Rome,Google,2023,11,2023-11-01,4.05,43885,0.31,0.25,0.47,synthetic
Italy,Rome,Tripadvisor,2023,11,2023-11-01,4.06,34742,0.69,0.33,0.46,synthetic
Italy,Rome,Booking,2023,11,2023-11-01,4.03,36652,0.71,0.54,0.55,synthetic
Italy,Rome,Google,2023,12,2023-12-01,4.01,36240,0.63,0.25,0.53,synthetic
Italy,Rome,Tripadvisor,2023,12,2023-12-01,3.93,39085,0.53,0.29,0.54,synthetic
Italy,Rome,Booking,2023,12,2023-12-01,3.99,37852,0.72,0.32,0.42,synthetic
Italy,Rome,Google,2024,1,2024-01-01,4.15,38581,0.52,0.27,0.56,synthetic
Italy,Rome,Tripadvisor,2024,1,2024-01-01,4.0,40368,0.51,0.37,0.52,synthetic
Italy,Rome,Booking,2024,1,2024-01-01,4.17,38579,0.48,0.15,0.69,synthetic
Italy,Rome,Google,2024,2,2024-02-01,4.11,36296,0.85,0.44,0.49,synthetic
Italy,Rome,Tripadvisor,2024,2,2024-02-01,4.02,38956,0.44,0.29,0.55,synthetic
Italy,Rome,Booking,2024,2,2024-02-01,3.99,40977,0.78,0.34,0.49,synthetic
Italy,Rome,Google,2024,3,2024-03-01,4.03,43531,0.42,0.32,0.52,synthetic
Italy,Rome,Tripadvisor,2024,3,2024-03-01,4.14,36817,0.53,0.18,0.59,synthetic
Italy,Rome,Booking,2024,3,2024-03-01,4.04,35490,0.48,0.35,0.47,synthetic
Italy,Rome,Google,2024,4,2024-04-01,4.01,43843,0.58,0.4,0.49,synthetic
Italy,Rome,Tripadvisor,2024,4,2024-04-01,4.07,40327,0.81,0.43,0.59,synthetic
Italy,Rome,Booking,2024,4,2024-04-01,4.03,34897,0.71,0.44,0.57,synthetic
Italy,Rome,Google,2024,5,2024-05-01,4.07,43042,0.71,0.31,0.54,synthetic
Italy,Rome,Tripadvisor,2024,5,2024-05-01,4.07,35841,0.5,0.23,0.46,synthetic
Italy,Rome,Booking,2024,5,2024-05-01,4.08,39392,0.71,0.43,0.6,synthetic
Italy,Rome,Google,2024,6,2024-06-01,4.15,35988,0.39,0.39,0.65,synthetic
Italy,Rome,Tripadvisor,2024,6,2024-06-01,4.16,41889,0.3,0.34,0.61,synthetic
Italy,Rome,Booking,2024,6,2024-06-01,4.14,46376,0.74,0.24,0.52,synthetic
Italy,Rome,Google,2024,7,2024-07-01,4.1,35821,0.82,0.13,0.58,synthetic
Italy,Rome,Tripadvisor,2024,7,2024-07-01,4.09,38603,0.46,0.09,0.52,synthetic
Italy,Rome,Booking,2024,7,2024-07-01,4.04,44866,0.48,0.35,0.45,synthetic
Italy,Rome,Google,2024,8,2024-08-01,4.1,28955,0.91,0.29,0.41,synthetic
Italy,Rome,Tripadvisor,2024,8,2024-08-01,4.02,35425,0.5,0.26,0.48,synthetic
Italy,Rome,Booking,2024,8,2024-08-01,4.02,34081,0.72,0.42,0.5,synthetic
Italy,Rome,Google,2024,9,2024-09-01,4.07,34234,0.61,0.32,0.52,synthetic
Italy,Rome,Tripadvisor,2024,9,2024-09-01,4.09,41051,0.44,0.42,0.54,synthetic
Italy,Rome,Booking,2024,9,2024-09-01,4.17,41582,0.9,0.42,0.6,synthetic
Italy,Rome,Google,2024,10,2024-10-01,4.02,36252,0.68,0.31,0.48,synthetic
Italy,Rome,Tripadvisor,2024,10,2024-10-01,4.12,39769,0.73,0.2,0.61,synthetic
Italy,Rome,Booking,2024,10,2024-10-01,4.1,45273,0.75,0.29,0.54,synthetic
Italy,Rome,Google,2024,11,2024-11-01,4.17,38204,0.71,0.26,0.49,synthetic
Italy,Rome,Tripadvisor,2024,11,2024-11-01,3.99,41513,0.71,0.34,0.55,synthetic
Italy,Rome,Booking,2024,11,2024-11-01,4.09,35902,0.69,0.32,0.52,synthetic
Italy,Rome,Google,2024,12,2024-12-01,4.1,39962,0.51,0.28,0.62,synthetic
Italy,Rome,Tripadvisor,2024,12,2024-12-01,4.15,40478,0.61,0.16,0.66,synthetic
Italy,Rome,Booking,2024,12,2024-12-01,4.13,43157,0.26,0.3,0.56,synthetic
Italy,Rome,Google,2025,1,2025-01-01,4.11,40216,0.57,0.36,0.52,synthetic
Italy,Rome,Tripadvisor,2025,1,2025-01-01,4.03,43503,0.8,0.38,0.57,synthetic
Italy,Rome,Booking,2025,1,2025-01-01,4.07,50145,0.34,0.5,0.64,synthetic
Italy,Rome,Google,2025,2,2025-02-01,4.1,46763,0.59,0.28,0.52,synthetic
Italy,Rome,Tripadvisor,2025,2,2025-02-01,4.06,45353,0.66,0.5,0.54,synthetic
Italy,Rome,Booking,2025,2,2025-02-01,3.98,50906,0.42,0.24,0.5,synthetic
Italy,Rome,Google,2025,3,2025-03-01,4.09,35142,0.49,0.15,0.58,synthetic
Italy,Rome,Tripadvisor,2025,3,2025-03-01,4.14,36283,0.75,0.39,0.54,synthetic
Italy,Rome,Booking,2025,3,2025-03-01,3.95,37051,0.51,0.45,0.47,synthetic
Italy,Rome,Google,2025,4,2025-04-01,4.01,43271,0.41,0.35,0.45,synthetic
Italy,Rome,Tripadvisor,2025,4,2025-04-01,4.02,44433,0.86,0.52,0.46,synthetic
Italy,Rome,Booking,2025,4,2025-04-01,4.03,45147,0.78,0.08,0.52,synthetic
Italy,Rome,Google,2025,5,2025-05-01,4.04,32700,0.4,0.24,0.52,synthetic
Italy,Rome,Tripadvisor,2025,5,2025-05-01,4.13,44325,0.74,0.3,0.53,synthetic
Italy,Rome,Booking,2025,5,2025-05-01,4.06,46066,0.75,0.29,0.48,synthetic
Italy,Rome,Google,2025,6,2025-06-01,4.09,44956,0.78,0.23,0.51,synthetic
Italy,Rome,Tripadvisor,2025,6,2025-06-01,4.11,40438,0.53,0.43,0.49,synthetic
Italy,Rome,Booking,2025,6,2025-06-01,4.19,39391,0.73,0.29,0.61,synthetic
Netherlands,Amsterdam,Google,2023,1,2023-01-01,4.34,147833,0.51,0.48,0.67,synthetic
Netherlands,Amsterdam,Tripadvisor,2023,1,2023-01-01,4.24,126675,0.88,0.24,0.72,synthetic
Netherlands,Amsterdam,Booking,2023,1,2023-01-01,4.31,156908,0.63,0.52,0.54,synthetic
Netherlands,Amsterdam,Google,2023,2,2023-02-01,4.3,149353,0.57,0.31,0.64,synthetic
Netherlands,Amsterdam,Tripadvisor,2023,2,2023-02-01,4.3,153826,0.4,0.34,0.68,synthetic
Netherlands,Amsterdam,Booking,2023,2,2023-02-01,4.25,188840,0.8,0.38,0.67,synthetic
Netherlands,Amsterdam,Google,2023,3,2023-03-01,4.29,175391,0.84,0.38,0.61,synthetic
Netherlands,Amsterdam,Tripadvisor,2023,3,2023-03-01,4.28,164882,0.73,0.29,0.61,synthetic
Netherlands,Amsterdam,Booking,2023,3,2023-03-01,4.38,134412,0.46,0.17,0.64,synthetic
Netherlands,Amsterdam,Google,2023,4,2023-04-01,4.36,177973,0.59,0.35,0.68,synthetic
Netherlands,Amsterdam,Tripadvisor,2023,4,2023-04-01,4.21,195323,0.81,0.34,0.56,synthetic
Netherlands,Amsterdam,Booking,2023,4,2023-04-01,4.27,141445,0.61,0.33,0.62,synthetic
Netherlands,Amsterdam,Google,2023,5,2023-05-01,4.2,193730,0.64,0.35,0.58,synthetic
Netherlands,Amsterdam,Tripadvisor,2023,5,2023-05-01,4.19,152720,0.55,0.37,0.64,synthetic
Netherlands,Amsterdam,Booking,2023,5,2023-05-01,4.33,172557,0.87,0.34,0.72,synthetic
Netherlands,Amsterdam,Google,2023,6,2023-06-01,4.31,119090,0.58,0.21,0.67,synthetic
Netherlands,Amsterdam,Tripadvisor,2023,6,2023-06-01,4.24,165475,0.75,0.42,0.7,synthetic
Netherlands,Amsterdam,Booking,2023,6,2023-06-01,4.18,132067,1.04,0.4,0.6,synthetic
Netherlands,Amsterdam,Google,2023,7,2023-07-01,4.29,153210,0.31,0.22,0.64,synthetic
Netherlands,Amsterdam,Tripadvisor,2023,7,2023-07-01,4.24,143431,0.98,0.27,0.63,synthetic
Netherlands,Amsterdam,Booking,2023,7,2023-07-01,4.3,165174,0.53,0.42,0.67,synthetic
Netherlands,Amsterdam,Google,2023,8,2023-08-01,4.21,152272,0.57,0.28,0.63,synthetic
Netherlands,Amsterdam,Tripadvisor,2023,8,2023-08-01,4.32,163827,0.65,0.31,0.55,synthetic
Netherlands,Amsterdam,Booking,2023,8,2023-08-01,4.33,163303,0.45,0.33,0.7,synthetic
Netherlands,Amsterdam,Google,2023,9,2023-09-01,4.35,163709,0.65,0.39,0.66,synthetic
Netherlands,Amsterdam,Tripadvisor,2023,9,2023-09-01,4.31,142765,0.77,0.14,0.7,synthetic
Netherlands,Amsterdam,Booking,2023,9,2023-09-01,4.28,172133,0.48,0.31,0.65,synthetic
Netherlands,Amsterdam,Google,2023,10,2023-10-01,4.31,134870,0.7,0.12,0.62,synthetic
Netherlands,Amsterdam,Tripadvisor,2023,10,2023-10-01,4.19,169594,0.66,0.35,0.67,synthetic
Netherlands,Amsterdam,Booking,2023,10,2023-10-01,4.26,165547,0.61,0.29,0.7,synthetic
Netherlands,Amsterdam,Google,2023,11,2023-11-01,4.41,146275,0.73,0.33,0.72,synthetic
Netherlands,Amsterdam,Tripadvisor,2023,11,2023-11-01,4.3,148097,0.1,0.45,0.61,synthetic
Netherlands,Amsterdam,Booking,2023,11,2023-11-01,4.27,150185,0.48,0.32,0.63,synthetic
Netherlands,Amsterdam,Google,2023,12,2023-12-01,4.24,157026,0.6,0.39,0.55,synthetic
Netherlands,Amsterdam,Tripadvisor,2023,12,2023-12-01,4.24,167689,0.5,0.21,0.59,synthetic
Netherlands,Amsterdam,Booking,2023,12,2023-12-01,4.28,152464,0.57,0.2,0.68,synthetic
Netherlands,Amsterdam,Google,2024,1,2024-01-01,4.36,128409,0.37,0.4,0.76,synthetic
Netherlands,Amsterdam,Tripadvisor,2024,1,2024-01-01,4.16,182906,0.85,0.21,0.66,synthetic
Netherlands,Amsterdam,Booking,2024,1,2024-01-01,4.27,172894,0.49,0.4,0.68,synthetic
Netherlands,Amsterdam,Google,2024,2,2024-02-01,4.39,195405,0.6,0.61,0.76,synthetic
Netherlands,Amsterdam,Tripadvisor,2024,2,2024-02-01,4.32,146668,0.37,0.16,0.61,synthetic
Netherlands,Amsterdam,Booking,2024,2,2024-02-01,4.37,176342,0.51,0.29,0.67,synthetic
Netherlands,Amsterdam,Google,2024,3,2024-03-01,4.33,149034,0.65,0.33,0.62,synthetic
Netherlands,Amsterdam,Tripadvisor,2024,3,2024-03-01,4.38,160694,0.45,0.39,0.69,synthetic
Netherlands,Amsterdam,Booking,2024,3,2024-03-01,4.31,142919,0.72,0.52,0.59,synthetic
Netherlands,Amsterdam,Google,2024,4,2024-04-01,4.31,150903,1.0,0.42,0.67,synthetic
Netherlands,Amsterdam,Tripadvisor,2024,4,2024-04-01,4.21,146890,0.71,0.16,0.54,synthetic
Netherlands,Amsterdam,Booking,2024,4,2024-04-01,4.28,169271,0.66,0.26,0.69,synthetic
Netherlands,Amsterdam,Google,2024,5,2024-05-01,4.23,179132,0.63,0.36,0.68,synthetic
Netherlands,Amsterdam,Tripadvisor,2024,5,2024-05-01,4.26,153387,0.35,0.1,0.62,synthetic
Netherlands,Amsterdam,Booking,2024,5,2024-05-01,4.28,144890,0.47,0.45,0.68,synthetic
Netherlands,Amsterdam,Google,2024,6,2024-06-01,4.21,157760,0.66,0.24,0.56,synthetic
Netherlands,Amsterdam,Tripadvisor,2024,6,2024-06-01,4.26,188409,0.78,0.23,0.65,synthetic
Netherlands,Amsterdam,Booking,2024,6,2024-06-01,4.28,146446,0.56,0.17,0.7,synthetic
Netherlands,Amsterdam,Google,2024,7,2024-07-01,4.38,158395,0.5,0.41,0.75,synthetic
Netherlands,Amsterdam,Tripadvisor,2024,7,2024-07-01,4.22,163644,0.59,0.22,0.63,synthetic
Netherlands,Amsterdam,Booking,2024,7,2024-07-01,4.24,155802,0.58,0.15,0.52,synthetic
Netherlands,Amsterdam,Google,2024,8,2024-08-01,4.34,151803,0.92,0.5,0.64,synthetic
Netherlands,Amsterdam,Tripadvisor,2024,8,2024-08-01,4.42,185348,0.5,0.05,0.75,synthetic
Netherlands,Amsterdam,Booking,2024,8,2024-08-01,4.29,175228,0.57,0.19,0.62,synthetic
Netherlands,Amsterdam,Google,2024,9,2024-09-01,4.33,159519,0.55,0.15,0.67,synthetic
Netherlands,Amsterdam,Tripadvisor,2024,9,2024-09-01,4.22,184967,0.49,0.27,0.72,synthetic
Netherlands,Amsterdam,Booking,2024,9,2024-09-01,4.27,157795,0.69,0.12,0.7,synthetic
Netherlands,Amsterdam,Google,2024,10,2024-10-01,4.34,177089,0.1,0.27,0.61,synthetic
Netherlands,Amsterdam,Tripadvisor,2024,10,2024-10-01,4.35,187647,0.66,0.18,0.75,synthetic
Netherlands,Amsterdam,Booking,2024,10,2024-10-01,4.27,202697,0.64,0.35,0.61,synthetic
Netherlands,Amsterdam,Google,2024,11,2024-11-01,4.37,178768,0.82,0.32,0.68,synthetic
Netherlands,Amsterdam,Tripadvisor,2024,11,2024-11-01,4.32,195444,0.75,0.31,0.57,synthetic
Netherlands,Amsterdam,Booking,2024,11,2024-11-01,4.33,137840,0.61,0.29,0.6,synthetic
Netherlands,Amsterdam,Google,2024,12,2024-12-01,4.31,209674,0.55,0.38,0.77,synthetic
Netherlands,Amsterdam,Tripadvisor,2024,12,2024-12-01,4.34,153712,0.64,0.35,0.74,synthetic
Netherlands,Amsterdam,Booking,2024,12,2024-12-01,4.36,111227,0.47,0.29,0.63,synthetic
Netherlands,Amsterdam,Google,2025,1,2025-01-01,4.06,163363,0.6,0.25,0.48,synthetic
Netherlands,Amsterdam,Tripadvisor,2025,1,2025-01-01,4.29,186312,0.53,0.44,0.65,synthetic
Netherlands,Amsterdam,Booking,2025,1,2025-01-01,4.23,154797,0.57,0.41,0.57,synthetic
Netherlands,Amsterdam,Google,2025,2,2025-02-01,4.32,180975,0.9,0.34,0.62,synthetic
Netherlands,Amsterdam,Tripadvisor,2025,2,2025-02-01,4.33,195480,0.54,0.18,0.69,synthetic
Netherlands,Amsterdam,Booking,2025,2,2025-02-01,4.29,146379,0.64,0.24,0.57,synthetic
Netherlands,Amsterdam,Google,2025,3,2025-03-01,4.26,206493,0.78,0.39,0.64,synthetic
Netherlands,Amsterdam,Tripadvisor,2025,3,2025-03-01,4.32,181063,0.43,0.21,0.63,synthetic
Netherlands,Amsterdam,Booking,2025,3,2025-03-01,4.37,202065,0.44,0.31,0.66,synthetic
Netherlands,Amsterdam,Google,2025,4,2025-04-01,4.27,167434,0.81,0.3,0.65,synthetic
Netherlands,Amsterdam,Tripadvisor,2025,4,2025-04-01,4.3,156875,0.62,0.41,0.72,synthetic
Netherlands,Amsterdam,Booking,2025,4,2025-04-01,4.21,146335,0.61,0.41,0.63,synthetic
Netherlands,Amsterdam,Google,2025,5,2025-05-01,4.32,149735,0.51,0.08,0.66,synthetic
Netherlands,Amsterdam,Tripadvisor,2025,5,2025-05-01,4.15,207561,0.83,0.31,0.5,synthetic
Netherlands,Amsterdam,Booking,2025,5,2025-05-01,4.31,218866,0.67,0.42,0.63,synthetic
Netherlands,Amsterdam,Google,2025,6,2025-06-01,4.23,177423,0.31,0.53,0.62,synthetic
Netherlands,Amsterdam,Tripadvisor,2025,6,2025-06-01,4.34,169034,0.37,0.44,0.61,synthetic
Netherlands,Amsterdam,Booking,2025,6,2025-06-01,4.3,188459,0.61,0.22,0.64,synthetic
Germany,Berlin,Google,2023,1,2023-01-01,4.7,224935,0.51,0.51,0.79,synthetic
Germany,Berlin,Tripadvisor,2023,1,2023-01-01,4.58,223295,0.56,0.41,0.82,synthetic
Germany,Berlin,Booking,2023,1,2023-01-01,4.67,239055,0.67,0.51,0.85,synthetic
Germany,Berlin,Google,2023,2,2023-02-01,4.63,230886,0.21,0.3,0.87,synthetic
Germany,Berlin,Tripadvisor,2023,2,2023-02-01,4.7,233594,0.7,0.41,0.92,synthetic
Germany,Berlin,Booking,2023,2,2023-02-01,4.69,216960,0.25,0.4,0.87,synthetic
Germany,Berlin,Google,2023,3,2023-03-01,4.68,206895,0.74,0.27,0.84,synthetic
Germany,Berlin,Tripadvisor,2023,3,2023-03-01,4.66,237688,0.43,0.36,0.8,synthetic
Germany,Berlin,Booking,2023,3,2023-03-01,4.63,249471,0.45,0.39,0.82,synthetic
Germany,Berlin,Google,2023,4,2023-04-01,4.57,262440,0.65,0.34,0.83,synthetic
Germany,Berlin,Tripadvisor,2023,4,2023-04-01,4.76,230955,0.69,0.34,0.86,synthetic
Germany,Berlin,Booking,2023,4,2023-04-01,4.57,231331,0.81,0.36,0.73,synthetic
Germany,Berlin,Google,2023,5,2023-05-01,4.73,217140,0.29,0.4,0.82,synthetic
Germany,Berlin,Tripadvisor,2023,5,2023-05-01,4.77,256575,0.57,0.35,1.0,synthetic
Germany,Berlin,Booking,2023,5,2023-05-01,4.73,231961,1.03,0.31,0.89,synthetic
Germany,Berlin,Google,2023,6,2023-06-01,4.61,180194,0.56,0.3,0.82,synthetic
Germany,Berlin,Tripadvisor,2023,6,2023-06-01,4.58,243394,0.48,0.36,0.84,synthetic
Germany,Berlin,Booking,2023,6,2023-06-01,4.64,199432,0.83,0.39,0.83,synthetic
Germany,Berlin,Google,2023,7,2023-07-01,4.76,227768,0.51,0.2,0.87,synthetic
Germany,Berlin,Tripadvisor,2023,7,2023-07-01,4.71,263124,0.6,0.42,0.85,synthetic
Germany,Berlin,Booking,2023,7,2023-07-01,4.62,190163,0.52,0.17,0.91,synthetic
Germany,Berlin,Google,2023,8,2023-08-01,4.69,222927,0.86,0.17,0.84,synthetic
Germany,Berlin,Tripadvisor,2023,8,2023-08-01,4.79,221617,0.97,0.38,0.96,synthetic
Germany,Berlin,Booking,2023,8,2023-08-01,4.75,225558,0.53,0.29,0.82,synthetic
Germany,Berlin,Google,2023,9,2023-09-01,4.66,225395,0.85,0.36,0.95,synthetic
Germany,Berlin,Tripadvisor,2023,9,2023-09-01,4.54,192579,0.55,0.45,0.76,synthetic
Germany,Berlin,Booking,2023,9,2023-09-01,4.58,218881,0.42,0.16,0.89,synthetic
Germany,Berlin,Google,2023,10,2023-10-01,4.65,230200,0.59,0.27,0.78,synthetic
Germany,Berlin,Tripadvisor,2023,10,2023-10-01,4.65,234641,0.81,0.39,0.76,synthetic
Germany,Berlin,Booking,2023,10,2023-10-01,4.73,238381,0.51,0.32,0.89,synthetic
Germany,Berlin,Google,2023,11,2023-11-01,4.67,238511,0.47,0.5,0.74,synthetic
Germany,Berlin,Tripadvisor,2023,11,2023-11-01,4.7,235440,0.7,0.23,0.91,synthetic
Germany,Berlin,Booking,2023,11,2023-11-01,4.66,193413,0.44,0.31,0.75,synthetic
Germany,Berlin,Google,2023,12,2023-12-01,4.78,253900,0.87,0.47,0.87,synthetic
Germany,Berlin,Tripadvisor,2023,12,2023-12-01,4.62,153049,0.54,0.48,0.77,synthetic
Germany,Berlin,Booking,2023,12,2023-12-01,4.66,210507,0.66,0.43,0.75,synthetic
Germany,Berlin,Google,2024,1,2024-01-01,4.59,287005,0.71,0.27,0.88,synthetic
Germany,Berlin,Tripadvisor,2024,1,2024-01-01,4.59,270772,0.59,0.36,0.67,synthetic
Germany,Berlin,Booking,2024,1,2024-01-01,4.65,265090,0.59,0.43,0.89,synthetic
Germany,Berlin,Google,2024,2,2024-02-01,4.61,267638,0.45,0.31,0.84,synthetic
Germany,Berlin,Tripadvisor,2024,2,2024-02-01,4.62,266555,0.52,0.24,0.84,synthetic
Germany,Berlin,Booking,2024,2,2024-02-01,4.62,217636,0.76,0.31,0.74,synthetic
Germany,Berlin,Google,2024,3,2024-03-01,4.72,231672,0.39,0.05,0.9,synthetic
Germany,Berlin,Tripadvisor,2024,3,2024-03-01,4.62,207202,0.7,0.38,0.77,synthetic
Germany,Berlin,Booking,2024,3,2024-03-01,4.72,303614,0.8,0.42,0.88,synthetic
Germany,Berlin,Google,2024,4,2024-04-01,4.64,241922,0.67,0.17,0.78,synthetic
Germany,Berlin,Tripadvisor,2024,4,2024-04-01,4.58,250429,0.61,0.23,0.83,synthetic
Germany,Berlin,Booking,2024,4,2024-04-01,4.61,223394,0.72,0.39,0.76,synthetic
Germany,Berlin,Google,2024,5,2024-05-01,4.68,220794,0.57,0.31,0.87,synthetic
Germany,Berlin,Tripadvisor,2024,5,2024-05-01,4.69,251539,0.44,0.34,0.87,synthetic
Germany,Berlin,Booking,2024,5,2024-05-01,4.71,222526,0.74,0.17,0.83,synthetic
Germany,Berlin,Google,2024,6,2024-06-01,4.65,206660,0.56,0.32,0.73,synthetic
Germany,Berlin,Tripadvisor,2024,6,2024-06-01,4.64,192456,0.91,0.32,0.83,synthetic
Germany,Berlin,Booking,2024,6,2024-06-01,4.68,261224,0.75,0.14,0.91,synthetic
Germany,Berlin,Google,2024,7,2024-07-01,4.74,241617,0.58,0.05,0.81,synthetic
Germany,Berlin,Tripadvisor,2024,7,2024-07-01,4.7,278646,0.71,0.29,0.95,synthetic
Germany,Berlin,Booking,2024,7,2024-07-01,4.73,232045,0.93,0.19,0.79,synthetic
Germany,Berlin,Google,2024,8,2024-08-01,4.64,221383,0.55,0.38,0.82,synthetic
Germany,Berlin,Tripadvisor,2024,8,2024-08-01,4.67,245275,0.25,0.15,0.81,synthetic
Germany,Berlin,Booking,2024,8,2024-08-01,4.62,236781,0.81,0.29,0.74,synthetic
Germany,Berlin,Google,2024,9,2024-09-01,4.62,293550,0.83,0.36,0.73,synthetic
Germany,Berlin,Tripadvisor,2024,9,2024-09-01,4.69,254770,0.6,0.24,0.83,synthetic
Germany,Berlin,Booking,2024,9,2024-09-01,4.63,210089,0.8,0.39,0.8,synthetic
Germany,Berlin,Google,2024,10,2024-10-01,4.69,254945,0.95,0.39,0.89,synthetic
Germany,Berlin,Tripadvisor,2024,10,2024-10-01,4.67,230859,0.81,0.37,0.79,synthetic
Germany,Berlin,Booking,2024,10,2024-10-01,4.7,268030,0.29,0.21,0.87,synthetic
Germany,Berlin,Google,2024,11,2024-11-01,4.55,191937,0.56,0.35,0.8,synthetic
Germany,Berlin,Tripadvisor,2024,11,2024-11-01,4.76,245960,0.54,0.17,0.86,synthetic
Germany,Berlin,Booking,2024,11,2024-11-01,4.71,265555,0.64,0.35,0.92,synthetic
Germany,Berlin,Google,2024,12,2024-12-01,4.67,283518,0.49,0.29,0.81,synthetic
Germany,Berlin,Tripadvisor,2024,12,2024-12-01,4.72,213906,0.55,0.11,0.89,synthetic
Germany,Berlin,Booking,2024,12,2024-12-01,4.74,270173,0.72,0.38,0.91,synthetic
Germany,Berlin,Google,2025,1,2025-01-01,4.7,282909,0.5,0.28,0.86,synthetic
Germany,Berlin,Tripadvisor,2025,1,2025-01-01,4.65,212428,0.41,0.32,0.87,synthetic
Germany,Berlin,Booking,2025,1,2025-01-01,4.67,348389,0.46,0.34,0.9,synthetic
Germany,Berlin,Google,2025,2,2025-02-01,4.73,282161,0.76,0.31,0.95,synthetic
Germany,Berlin,Tripadvisor,2025,2,2025-02-01,4.75,234844,0.65,0.15,0.95,synthetic
Germany,Berlin,Booking,2025,2,2025-02-01,4.68,303937,0.58,0.11,0.97,synthetic
Germany,Berlin,Google,2025,3,2025-03-01,4.68,230199,0.77,0.5,0.83,synthetic
Germany,Berlin,Tripadvisor,2025,3,2025-03-01,4.66,269070,0.43,0.23,0.92,synthetic
Germany,Berlin,Booking,2025,3,2025-03-01,4.66,235305,0.53,0.41,0.73,synthetic
Germany,Berlin,Google,2025,4,2025-04-01,4.68,338890,0.9,0.36,0.91,synthetic
Germany,Berlin,Tripadvisor,2025,4,2025-04-01,4.75,257646,0.74,0.48,0.81,synthetic
Germany,Berlin,Booking,2025,4,2025-04-01,4.7,272944,0.62,0.3,0.86,synthetic
Germany,Berlin,Google,2025,5,2025-05-01,4.69,296712,0.67,0.28,0.8,synthetic
Germany,Berlin,Tripadvisor,2025,5,2025-05-01,4.64,269795,0.49,0.39,0.84,synthetic
Germany,Berlin,Booking,2025,5,2025-05-01,4.74,241543,0.48,0.41,0.87,synthetic
Germany,Berlin,Google,2025,6,2025-06-01,4.66,283529,0.7,0.17,0.9,synthetic
Germany,Berlin,Tripadvisor,2025,6,2025-06-01,4.64,314963,0.4,0.33,0.81,synthetic
Germany,Berlin,Booking,2025,6,2025-06-01,4.55,282259,0.31,0.27,0.83,synthetic
Switzerland,Zurich,Google,2023,1,2023-01-01,4.32,94572,0.56,0.26,0.72,synthetic
Switzerland,Zurich,Tripadvisor,2023,1,2023-01-01,4.31,81526,0.73,0.18,0.74,synthetic
Switzerland,Zurich,Booking,2023,1,2023-01-01,4.36,95340,0.73,0.28,0.66,synthetic
Switzerland,Zurich,Google,2023,2,2023-02-01,4.37,93664,0.45,0.18,0.76,synthetic
Switzerland,Zurich,Tripadvisor,2023,2,2023-02-01,4.33,89951,0.57,0.28,0.74,synthetic
Switzerland,Zurich,Booking,2023,2,2023-02-01,4.37,82590,0.56,0.25,0.65,synthetic
Switzerland,Zurich,Google,2023,3,2023-03-01,4.35,103506,0.71,0.27,0.72,synthetic
Switzerland,Zurich,Tripadvisor,2023,3,2023-03-01,4.28,100529,0.79,0.52,0.69,synthetic
Switzerland,Zurich,Booking,2023,3,2023-03-01,4.4,99653,0.51,0.26,0.7,synthetic
Switzerland,Zurich,Google,2023,4,2023-04-01,4.46,77423,0.46,0.32,0.77,synthetic
Switzerland,Zurich,Tripadvisor,2023,4,2023-04-01,4.33,93226,0.81,0.42,0.68,synthetic
Switzerland,Zurich,Booking,2023,4,2023-04-01,4.37,104255,0.6,0.39,0.78,synthetic
Switzerland,Zurich,Google,2023,5,2023-05-01,4.43,75960,0.41,0.27,0.75,synthetic
Switzerland,Zurich,Tripadvisor,2023,5,2023-05-01,4.4,109137,0.67,0.27,0.64,synthetic
Switzerland,Zurich,Booking,2023,5,2023-05-01,4.45,86222,0.37,0.3,0.67,synthetic
Switzerland,Zurich,Google,2023,6,2023-06-01,4.35,86349,0.46,0.25,0.64,synthetic
Switzerland,Zurich,Tripadvisor,2023,6,2023-06-01,4.33,75847,0.53,0.21,0.7,synthetic
Switzerland,Zurich,Booking,2023,6,2023-06-01,4.39,98655,0.88,0.37,0.72,synthetic
Switzerland,Zurich,Google,2023,7,2023-07-01,4.42,91116,0.61,0.3,0.66,synthetic
Switzerland,Zurich,Tripadvisor,2023,7,2023-07-01,4.43,85960,0.82,0.39,0.68,synthetic
Switzerland,Zurich,Booking,2023,7,2023-07-01,4.45,59770,0.89,0.17,0.75,synthetic
Switzerland,Zurich,Google,2023,8,2023-08-01,4.4,97920,0.55,0.09,0.68,synthetic
Switzerland,Zurich,Tripadvisor,2023,8,2023-08-01,4.36,65067,0.61,0.19,0.71,synthetic
Switzerland,Zurich,Booking,2023,8,2023-08-01,4.36,106590,0.56,0.34,0.67,synthetic
Switzerland,Zurich,Google,2023,9,2023-09-01,4.28,84165,0.71,0.36,0.62,synthetic
Switzerland,Zurich,Tripadvisor,2023,9,2023-09-01,4.29,92957,0.66,0.38,0.63,synthetic
Switzerland,Zurich,Booking,2023,9,2023-09-01,4.28,91811,0.6,0.44,0.64,synthetic
Switzerland,Zurich,Google,2023,10,2023-10-01,4.37,90605,0.51,0.24,0.68,synthetic
Switzerland,Zurich,Tripadvisor,2023,10,2023-10-01,4.32,83912,0.89,0.4,0.68,synthetic
Switzerland,Zurich,Booking,2023,10,2023-10-01,4.47,77743,0.97,0.25,0.83,synthetic
Switzerland,Zurich,Google,2023,11,2023-11-01,4.5,68131,0.82,0.27,0.72,synthetic
Switzerland,Zurich,Tripadvisor,2023,11,2023-11-01,4.41,75848,0.68,0.21,0.71,synthetic
Switzerland,Zurich,Booking,2023,11,2023-11-01,4.46,90287,0.55,0.35,0.66,synthetic
Switzerland,Zurich,Google,2023,12,2023-12-01,4.33,81829,0.72,0.34,0.69,synthetic
Switzerland,Zurich,Tripadvisor,2023,12,2023-12-01,4.37,78124,0.82,0.23,0.71,synthetic
Switzerland,Zurich,Booking,2023,12,2023-12-01,4.37,92114,0.51,0.41,0.75,synthetic
Switzerland,Zurich,Google,2024,1,2024-01-01,4.44,94950,0.53,0.58,0.67,synthetic
Switzerland,Zurich,Tripadvisor,2024,1,2024-01-01,4.43,96909,0.59,0.32,0.69,synthetic
Switzerland,Zurich,Booking,2024,1,2024-01-01,4.4,96730,1.0,0.41,0.73,synthetic
Switzerland,Zurich,Google,2024,2,2024-02-01,4.41,113758,0.45,0.28,0.61,synthetic
Switzerland,Zurich,Tripadvisor,2024,2,2024-02-01,4.41,102672,0.45,0.44,0.67,synthetic
Switzerland,Zurich,Booking,2024,2,2024-02-01,4.36,94524,0.84,0.21,0.69,synthetic
Switzerland,Zurich,Google,2024,3,2024-03-01,4.42,99544,0.69,0.38,0.68,synthetic
Switzerland,Zurich,Tripadvisor,2024,3,2024-03-01,4.48,91944,0.56,0.43,0.71,synthetic
Switzerland,Zurich,Booking,2024,3,2024-03-01,4.4,85104,0.98,0.53,0.69,synthetic
Switzerland,Zurich,Google,2024,4,2024-04-01,4.41,93245,0.55,0.31,0.7,synthetic
Switzerland,Zurich,Tripadvisor,2024,4,2024-04-01,4.28,96129,0.59,0.33,0.64,synthetic
Switzerland,Zurich,Booking,2024,4,2024-04-01,4.35,102971,0.68,0.44,0.7,synthetic
Switzerland,Zurich,Google,2024,5,2024-05-01,4.36,100084,0.3,0.51,0.7,synthetic
Switzerland,Zurich,Tripadvisor,2024,5,2024-05-01,4.51,83466,0.43,0.34,0.77,synthetic
Switzerland,Zurich,Booking,2024,5,2024-05-01,4.4,95265,0.51,0.15,0.71,synthetic
Switzerland,Zurich,Google,2024,6,2024-06-01,4.3,77789,0.54,0.34,0.75,synthetic
Switzerland,Zurich,Tripadvisor,2024,6,2024-06-01,4.43,109214,0.7,0.34,0.84,synthetic
Switzerland,Zurich,Booking,2024,6,2024-06-01,4.3,88566,0.55,0.39,0.6,synthetic
Switzerland,Zurich,Google,2024,7,2024-07-01,4.42,99669,0.72,0.38,0.79,synthetic
Switzerland,Zurich,Tripadvisor,2024,7,2024-07-01,4.37,99116,0.49,0.2,0.77,synthetic
Switzerland,Zurich,Booking,2024,7,2024-07-01,4.33,100359,0.68,0.42,0.58,synthetic
Switzerland,Zurich,Google,2024,8,2024-08-01,4.43,92538,0.51,0.27,0.77,synthetic
Switzerland,Zurich,Tripadvisor,2024,8,2024-08-01,4.42,91757,0.43,0.19,0.75,synthetic
Switzerland,Zurich,Booking,2024,8,2024-08-01,4.3,91866,1.0,0.35,0.69,synthetic
Switzerland,Zurich,Google,2024,9,2024-09-01,4.31,79463,0.72,0.27,0.71,synthetic
Switzerland,Zurich,Tripadvisor,2024,9,2024-09-01,4.38,132956,0.53,0.34,0.65,synthetic
Switzerland,Zurich,Booking,2024,9,2024-09-01,4.44,99232,0.47,0.28,0.8,synthetic
Switzerland,Zurich,Google,2024,10,2024-10-01,4.46,78489,0.55,0.49,0.73,synthetic
Switzerland,Zurich,Tripadvisor,2024,10,2024-10-01,4.39,105789,0.42,0.22,0.69,synthetic
Switzerland,Zurich,Booking,2024,10,2024-10-01,4.45,105709,0.72,0.3,0.79,synthetic
Switzerland,Zurich,Google,2024,11,2024-11-01,4.37,100769,0.75,0.48,0.69,synthetic
Switzerland,Zurich,Tripadvisor,2024,11,2024-11-01,4.36,108788,0.82,0.26,0.63,synthetic
Switzerland,Zurich,Booking,2024,11,2024-11-01,4.46,75947,0.36,0.28,0.73,synthetic
Switzerland,Zurich,Google,2024,12,2024-12-01,4.31,95668,0.64,0.25,0.76,synthetic
Switzerland,Zurich,Tripadvisor,2024,12,2024-12-01,4.4,105807,0.38,0.15,0.72,synthetic
Switzerland,Zurich,Booking,2024,12,2024-12-01,4.49,81894,0.62,0.18,0.71,synthetic
Switzerland,Zurich,Google,2025,1,2025-01-01,4.39,94173,0.4,0.17,0.6,synthetic
Switzerland,Zurich,Tripadvisor,2025,1,2025-01-01,4.4,107268,0.69,0.21,0.75,synthetic
Switzerland,Zurich,Booking,2025,1,2025-01-01,4.42,100178,0.58,0.24,0.72,synthetic
Switzerland,Zurich,Google,2025,2,2025-02-01,4.47,113757,0.56,0.35,0.68,synthetic
Switzerland,Zurich,Tripadvisor,2025,2,2025-02-01,4.42,90111,0.7,0.6,0.68,synthetic
Switzerland,Zurich,Booking,2025,2,2025-02-01,4.55,105983,0.49,0.22,0.89,synthetic
Switzerland,Zurich,Google,2025,3,2025-03-01,4.41,93290,0.57,0.34,0.7,synthetic
Switzerland,Zurich,Tripadvisor,2025,3,2025-03-01,4.4,121393,0.43,0.36,0.69,synthetic
Switzerland,Zurich,Booking,2025,3,2025-03-01,4.35,112968,0.38,0.06,0.68,synthetic
Switzerland,Zurich,Google,2025,4,2025-04-01,4.37,83841,0.34,0.49,0.71,synthetic
Switzerland,Zurich,Tripadvisor,2025,4,2025-04-01,4.38,126457,0.75,0.48,0.63,synthetic
Switzerland,Zurich,Booking,2025,4,2025-04-01,4.3,107502,0.66,0.42,0.57,synthetic
Switzerland,Zurich,Google,2025,5,2025-05-01,4.42,111972,0.74,0.26,0.74,synthetic
Switzerland,Zurich,Tripadvisor,2025,5,2025-05-01,4.33,96572,0.44,0.22,0.65,synthetic
Switzerland,Zurich,Booking,2025,5,2025-05-01,4.35,90976,0.41,0.5,0.65,synthetic
Switzerland,Zurich,Google,2025,6,2025-06-01,4.4,78963,0.8,0.32,0.68,synthetic
Switzerland,Zurich,Tripadvisor,2025,6,2025-06-01,4.35,110532,0.16,0.22,0.67,synthetic
Switzerland,Zurich,Booking,2025,6,2025-06-01,4.37,130181,0.55,0.4,0.77,synthetic
Austria,Vienna,Google,2023,1,2023-01-01,4.4,220426,0.85,0.35,0.76,synthetic
Austria,Vienna,Tripadvisor,2023,1,2023-01-01,4.63,222658,0.43,0.31,0.88,synthetic
Austria,Vienna,Booking,2023,1,2023-01-01,4.46,238885,0.59,0.33,0.71,synthetic
Austria,Vienna,Google,2023,2,2023-02-01,4.48,207486,0.36,0.26,0.68,synthetic
Austria,Vienna,Tripadvisor,2023,2,2023-02-01,4.45,183021,0.75,0.4,0.75,synthetic
Austria,Vienna,Booking,2023,2,2023-02-01,4.4,199945,0.4,0.29,0.73,synthetic
Austria,Vienna,Google,2023,3,2023-03-01,4.53,213808,0.79,0.33,0.76,synthetic
Austria,Vienna,Tripadvisor,2023,3,2023-03-01,4.53,224336,0.52,0.34,0.75,synthetic
Austria,Vienna,Booking,2023,3,2023-03-01,4.35,213013,0.41,0.33,0.6,synthetic
Austria,Vienna,Google,2023,4,2023-04-01,4.43,191800,0.78,0.25,0.66,synthetic
Austria,Vienna,Tripadvisor,2023,4,2023-04-01,4.5,197060,0.72,0.2,0.76,synthetic
Austria,Vienna,Booking,2023,4,2023-04-01,4.62,196518,0.63,0.13,0.77,synthetic
Austria,Vienna,Google,2023,5,2023-05-01,4.5,194318,0.69,0.34,0.68,synthetic
Austria,Vienna,Tripadvisor,2023,5,2023-05-01,4.53,172156,0.49,0.32,0.85,synthetic
Austria,Vienna,Booking,2023,5,2023-05-01,4.41,205913,0.62,0.37,0.77,synthetic
Austria,Vienna,Google,2023,6,2023-06-01,4.45,226895,0.8,0.48,0.75,synthetic
Austria,Vienna,Tripadvisor,2023,6,2023-06-01,4.48,190805,0.38,0.27,0.75,synthetic
Austria,Vienna,Booking,2023,6,2023-06-01,4.47,216840,0.38,0.28,0.83,synthetic
Austria,Vienna,Google,2023,7,2023-07-01,4.53,217288,0.66,0.26,0.68,synthetic
Austria,Vienna,Tripadvisor,2023,7,2023-07-01,4.5,142881,0.55,0.3,0.73,synthetic
Austria,Vienna,Booking,2023,7,2023-07-01,4.6,246621,0.75,0.21,0.9,synthetic
Austria,Vienna,Google,2023,8,2023-08-01,4.51,179457,0.6,0.4,0.73,synthetic
Austria,Vienna,Tripadvisor,2023,8,2023-08-01,4.48,210011,0.43,0.27,0.69,synthetic
Austria,Vienna,Booking,2023,8,2023-08-01,4.53,180280,0.64,0.16,0.71,synthetic
Austria,Vienna,Google,2023,9,2023-09-01,4.4,195297,0.63,0.34,0.61,synthetic
Austria,Vienna,Tripadvisor,2023,9,2023-09-01,4.46,184104,0.68,0.27,0.73,synthetic
Austria,Vienna,Booking,2023,9,2023-09-01,4.43,244201,0.41,0.26,0.72,synthetic
Austria,Vienna,Google,2023,10,2023-10-01,4.46,183780,0.33,0.23,0.68,synthetic
Austria,Vienna,Tripadvisor,2023,10,2023-10-01,4.57,257313,0.59,0.16,0.82,synthetic
Austria,Vienna,Booking,2023,10,2023-10-01,4.42,188994,0.51,0.25,0.69,synthetic
Austria,Vienna,Google,2023,11,2023-11-01,4.4,185283,0.75,0.3,0.7,synthetic
Austria,Vienna,Tripadvisor,2023,11,2023-11-01,4.34,225339,0.5,0.41,0.68,synthetic
Austria,Vienna,Booking,2023,11,2023-11-01,4.44,161592,0.93,0.38,0.76,synthetic
Austria,Vienna,Google,2023,12,2023-12-01,4.58,207768,0.8,0.25,0.83,synthetic
Austria,Vienna,Tripadvisor,2023,12,2023-12-01,4.44,190094,0.61,0.17,0.73,synthetic
Austria,Vienna,Booking,2023,12,2023-12-01,4.46,154071,0.53,0.27,0.77,synthetic
Austria,Vienna,Google,2024,1,2024-01-01,4.49,256469,0.68,0.24,0.74,synthetic
Austria,Vienna,Tripadvisor,2024,1,2024-01-01,4.45,231309,0.61,0.24,0.73,synthetic
Austria,Vienna,Booking,2024,1,2024-01-01,4.5,192124,0.65,0.14,0.81,synthetic
Austria,Vienna,Google,2024,2,2024-02-01,4.51,261236,0.43,0.41,0.8,synthetic
Austria,Vienna,Tripadvisor,2024,2,2024-02-01,4.46,208638,0.44,0.17,0.69,synthetic
Austria,Vienna,Booking,2024,2,2024-02-01,4.4,260356,0.37,0.31,0.72,synthetic
Austria,Vienna,Google,2024,3,2024-03-01,4.5,230190,0.74,0.26,0.75,synthetic
Austria,Vienna,Tripadvisor,2024,3,2024-03-01,4.46,252668,0.91,0.18,0.63,synthetic
Austria,Vienna,Booking,2024,3,2024-03-01,4.51,246581,0.89,0.37,0.82,synthetic
Austria,Vienna,Google,2024,4,2024-04-01,4.57,256923,0.73,0.17,0.79,synthetic
Austria,Vienna,Tripadvisor,2024,4,2024-04-01,4.49,215897,0.59,0.46,0.71,synthetic
Austria,Vienna,Booking,2024,4,2024-04-01,4.52,226811,0.47,0.19,0.68,synthetic
Austria,Vienna,Google,2024,5,2024-05-01,4.5,216855,0.48,0.11,0.77,synthetic
Austria,Vienna,Tripadvisor,2024,5,2024-05-01,4.46,199799,0.46,0.28,0.76,synthetic
Austria,Vienna,Booking,2024,5,2024-05-01,4.45,187349,0.59,0.4,0.73,synthetic
Austria,Vienna,Google,2024,6,2024-06-01,4.48,209974,0.47,0.21,0.66,synthetic
Austria,Vienna,Tripadvisor,2024,6,2024-06-01,4.54,230640,0.61,0.33,0.79,synthetic
Austria,Vienna,Booking,2024,6,2024-06-01,4.43,209985,0.53,0.55,0.77,synthetic
Austria,Vienna,Google,2024,7,2024-07-01,4.48,254332,0.79,0.16,0.73,synthetic
Austria,Vienna,Tripadvisor,2024,7,2024-07-01,4.47,234549,0.57,0.29,0.71,synthetic
Austria,Vienna,Booking,2024,7,2024-07-01,4.54,180667,0.54,0.12,0.72,synthetic
Austria,Vienna,Google,2024,8,2024-08-01,4.49,227328,0.55,0.41,0.81,synthetic
Austria,Vienna,Tripadvisor,2024,8,2024-08-01,4.47,225081,0.53,0.36,0.68,synthetic
Austria,Vienna,Booking,2024,8,2024-08-01,4.58,248406,0.42,0.22,0.81,synthetic
Austria,Vienna,Google,2024,9,2024-09-01,4.45,232794,0.55,0.45,0.73,synthetic
Austria,Vienna,Tripadvisor,2024,9,2024-09-01,4.62,234317,0.4,0.51,0.86,synthetic
Austria,Vienna,Booking,2024,9,2024-09-01,4.5,235470,0.42,0.12,0.75,synthetic
Austria,Vienna,Google,2024,10,2024-10-01,4.56,228890,0.86,0.43,0.78,synthetic
Austria,Vienna,Tripadvisor,2024,10,2024-10-01,4.54,258439,0.59,0.28,0.78,synthetic
Austria,Vienna,Booking,2024,10,2024-10-01,4.33,225867,0.71,0.31,0.68,synthetic
Austria,Vienna,Google,2024,11,2024-11-01,4.47,166148,0.85,0.26,0.7,synthetic
Austria,Vienna,Tripadvisor,2024,11,2024-11-01,4.56,244177,0.64,0.38,0.72,synthetic
Austria,Vienna,Booking,2024,11,2024-11-01,4.47,252465,0.5,0.2,0.74,synthetic
Austria,Vienna,Google,2024,12,2024-12-01,4.48,235494,0.39,0.05,0.79,synthetic
Austria,Vienna,Tripadvisor,2024,12,2024-12-01,4.41,202519,0.27,0.4,0.72,synthetic
Austria,Vienna,Booking,2024,12,2024-12-01,4.49,226471,0.29,0.2,0.72,synthetic
Austria,Vienna,Google,2025,1,2025-01-01,4.43,227053,0.64,0.4,0.64,synthetic
Austria,Vienna,Tripadvisor,2025,1,2025-01-01,4.47,254740,0.46,0.28,0.76,synthetic
Austria,Vienna,Booking,2025,1,2025-01-01,4.47,253688,0.61,0.27,0.68,synthetic
Austria,Vienna,Google,2025,2,2025-02-01,4.49,237516,0.45,0.36,0.81,synthetic
Austria,Vienna,Tripadvisor,2025,2,2025-02-01,4.43,214207,0.49,0.13,0.82,synthetic
Austria,Vienna,Booking,2025,2,2025-02-01,4.45,210522,0.43,0.26,0.69,synthetic
Austria,Vienna,Google,2025,3,2025-03-01,4.56,199530,0.37,0.36,0.77,synthetic
Austria,Vienna,Tripadvisor,2025,3,2025-03-01,4.46,250462,0.62,0.3,0.66,synthetic
Austria,Vienna,Booking,2025,3,2025-03-01,4.37,214973,0.44,0.33,0.6,synthetic
Austria,Vienna,Google,2025,4,2025-04-01,4.45,229825,0.59,0.34,0.71,synthetic
Austria,Vienna,Tripadvisor,2025,4,2025-04-01,4.43,269750,0.55,0.44,0.7,synthetic
Austria,Vienna,Booking,2025,4,2025-04-01,4.47,230792,0.63,0.26,0.74,synthetic
Austria,Vienna,Google,2025,5,2025-05-01,4.57,264240,0.76,0.17,0.72,synthetic
Austria,Vienna,Tripadvisor,2025,5,2025-05-01,4.49,256407,0.52,0.23,0.81,synthetic
Austria,Vienna,Booking,2025,5,2025-05-01,4.52,264497,0.53,0.25,0.8,synthetic
Austria,Vienna,Google,2025,6,2025-06-01,4.46,217496,0.46,0.25,0.77,synthetic
Austria,Vienna,Tripadvisor,2025,6,2025-06-01,4.38,252417,0.49,0.28,0.68,synthetic
Austria,Vienna,Booking,2025,6,2025-06-01,4.46,226613,0.53,0.24,0.8,synthetic
Czechia,Prague,Google,2023,1,2023-01-01,4.52,77128,0.54,0.24,0.8,synthetic
Czechia,Prague,Tripadvisor,2023,1,2023-01-01,4.48,61062,0.61,0.27,0.71,synthetic
Czechia,Prague,Booking,2023,1,2023-01-01,4.58,56173,0.84,0.41,0.76,synthetic
Czechia,Prague,Google,2023,2,2023-02-01,4.5,88654,0.68,0.24,0.67,synthetic
Czechia,Prague,Tripadvisor,2023,2,2023-02-01,4.65,93186,0.62,0.32,0.86,synthetic
Czechia,Prague,Booking,2023,2,2023-02-01,4.57,62665,0.55,0.25,0.78,synthetic
Czechia,Prague,Google,2023,3,2023-03-01,4.57,65637,0.4,0.23,0.79,synthetic
Czechia,Prague,Tripadvisor,2023,3,2023-03-01,4.58,99959,0.56,0.38,0.82,synthetic
Czechia,Prague,Booking,2023,3,2023-03-01,4.56,83351,0.54,0.19,0.72,synthetic
Czechia,Prague,Google,2023,4,2023-04-01,4.55,83049,0.54,0.37,0.76,synthetic
Czechia,Prague,Tripadvisor,2023,4,2023-04-01,4.47,80921,0.72,0.2,0.75,synthetic
Czechia,Prague,Booking,2023,4,2023-04-01,4.52,75963,0.56,0.14,0.77,synthetic
Czechia,Prague,Google,2023,5,2023-05-01,4.44,94353,0.59,0.24,0.78,synthetic
Czechia,Prague,Tripadvisor,2023,5,2023-05-01,4.46,76094,0.33,0.43,0.83,synthetic
Czechia,Prague,Booking,2023,5,2023-05-01,4.43,75411,0.61,0.25,0.71,synthetic
Czechia,Prague,Google,2023,6,2023-06-01,4.52,87683,0.46,0.32,0.7,synthetic
Czechia,Prague,Tripadvisor,2023,6,2023-06-01,4.5,66172,0.54,0.24,0.8,synthetic
Czechia,Prague,Booking,2023,6,2023-06-01,4.52,84823,0.6,0.09,0.66,synthetic
Czechia,Prague,Google,2023,7,2023-07-01,4.51,86389,0.56,0.21,0.74,synthetic
Czechia,Prague,Tripadvisor,2023,7,2023-07-01,4.51,91409,0.71,0.24,0.75,synthetic
Czechia,Prague,Booking,2023,7,2023-07-01,4.54,87854,0.85,0.3,0.83,synthetic
Czechia,Prague,Google,2023,8,2023-08-01,4.46,77198,0.28,0.32,0.76,synthetic
Czechia,Prague,Tripadvisor,2023,8,2023-08-01,4.37,85483,0.69,0.35,0.63,synthetic
Czechia,Prague,Booking,2023,8,2023-08-01,4.57,83688,0.69,0.29,0.81,synthetic
Czechia,Prague,Google,2023,9,2023-09-01,4.59,81548,0.64,0.42,0.79,synthetic
Czechia,Prague,Tripadvisor,2023,9,2023-09-01,4.46,90376,0.82,0.43,0.77,synthetic
Czechia,Prague,Booking,2023,9,2023-09-01,4.39,77216,0.51,0.3,0.78,synthetic
Czechia,Prague,Google,2023,10,2023-10-01,4.46,106087,0.54,0.22,0.77,synthetic
Czechia,Prague,Tripadvisor,2023,10,2023-10-01,4.58,90114,0.48,0.35,0.74,synthetic
Czechia,Prague,Booking,2023,10,2023-10-01,4.48,82643,0.48,0.41,0.71,synthetic
Czechia,Prague,Google,2023,11,2023-11-01,4.51,74765,0.76,0.23,0.81,synthetic
Czechia,Prague,Tripadvisor,2023,11,2023-11-01,4.59,79121,0.6,0.25,0.82,synthetic
Czechia,Prague,Booking,2023,11,2023-11-01,4.51,79407,0.61,0.14,0.75,synthetic
Czechia,Prague,Google,2023,12,2023-12-01,4.57,84979,0.74,0.26,0.76,synthetic
Czechia,Prague,Tripadvisor,2023,12,2023-12-01,4.46,79524,0.89,0.33,0.7,synthetic
Czechia,Prague,Booking,2023,12,2023-12-01,4.47,67559,0.48,0.38,0.71,synthetic
Czechia,Prague,Google,2024,1,2024-01-01,4.47,81093,0.7,0.29,0.7,synthetic
Czechia,Prague,Tripadvisor,2024,1,2024-01-01,4.51,114180,0.78,0.45,0.67,synthetic
Czechia,Prague,Booking,2024,1,2024-01-01,4.52,83297,0.68,0.41,0.77,synthetic
Czechia,Prague,Google,2024,2,2024-02-01,4.47,83121,0.69,0.37,0.74,synthetic
Czechia,Prague,Tripadvisor,2024,2,2024-02-01,4.53,90825,0.64,0.37,0.8,synthetic
Czechia,Prague,Booking,2024,2,2024-02-01,4.53,89751,0.59,0.22,0.72,synthetic
Czechia,Prague,Google,2024,3,2024-03-01,4.56,82559,0.72,0.29,0.82,synthetic
Czechia,Prague,Tripadvisor,2024,3,2024-03-01,4.56,99414,0.53,0.34,0.82,synthetic
Czechia,Prague,Booking,2024,3,2024-03-01,4.43,108718,0.94,0.39,0.76,synthetic
Czechia,Prague,Google,2024,4,2024-04-01,4.56,86778,0.58,0.4,0.73,synthetic
Czechia,Prague,Tripadvisor,2024,4,2024-04-01,4.46,85977,0.7,0.21,0.72,synthetic
Czechia,Prague,Booking,2024,4,2024-04-01,4.52,79320,0.23,0.2,0.77,synthetic
Czechia,Prague,Google,2024,5,2024-05-01,4.56,95638,0.69,0.24,0.74,synthetic
Czechia,Prague,Tripadvisor,2024,5,2024-05-01,4.55,87988,0.74,0.34,0.84,synthetic
Czechia,Prague,Booking,2024,5,2024-05-01,4.5,101848,0.91,0.31,0.77,synthetic
Czechia,Prague,Google,2024,6,2024-06-01,4.47,99968,0.77,0.25,0.76,synthetic
Czechia,Prague,Tripadvisor,2024,6,2024-06-01,4.54,94516,0.72,0.35,0.76,synthetic
Czechia,Prague,Booking,2024,6,2024-06-01,4.58,102328,0.52,0.3,0.7,synthetic
Czechia,Prague,Google,2024,7,2024-07-01,4.56,103533,0.56,0.31,0.77,synthetic
Czechia,Prague,Tripadvisor,2024,7,2024-07-01,4.5,92797,0.48,0.28,0.71,synthetic
Czechia,Prague,Booking,2024,7,2024-07-01,4.56,92874,0.54,0.3,0.77,synthetic
Czechia,Prague,Google,2024,8,2024-08-01,4.59,85504,0.7,0.23,0.84,synthetic
Czechia,Prague,Tripadvisor,2024,8,2024-08-01,4.59,102032,0.82,0.33,0.86,synthetic
Czechia,Prague,Booking,2024,8,2024-08-01,4.62,78126,0.51,0.15,0.86,synthetic
Czechia,Prague,Google,2024,9,2024-09-01,4.44,70999,0.44,0.13,0.73,synthetic
Czechia,Prague,Tripadvisor,2024,9,2024-09-01,4.46,71970,0.59,0.3,0.64,synthetic
Czechia,Prague,Booking,2024,9,2024-09-01,4.48,89473,0.55,0.27,0.8,synthetic
Czechia,Prague,Google,2024,10,2024-10-01,4.65,86888,0.4,0.28,0.84,synthetic
Czechia,Prague,Tripadvisor,2024,10,2024-10-01,4.52,96898,0.93,0.13,0.74,synthetic
Czechia,Prague,Booking,2024,10,2024-10-01,4.62,84626,0.72,0.36,0.87,synthetic
Czechia,Prague,Google,2024,11,2024-11-01,4.64,93891,0.34,0.23,0.93,synthetic
Czechia,Prague,Tripadvisor,2024,11,2024-11-01,4.44,95664,0.22,0.16,0.76,synthetic
Czechia,Prague,Booking,2024,11,2024-11-01,4.53,86204,0.48,0.1,0.8,synthetic
Czechia,Prague,Google,2024,12,2024-12-01,4.51,73794,0.6,0.36,0.74,synthetic
Czechia,Prague,Tripadvisor,2024,12,2024-12-01,4.53,90695,0.49,0.31,0.8,synthetic
Czechia,Prague,Booking,2024,12,2024-12-01,4.59,98849,0.5,0.36,0.82,synthetic
Czechia,Prague,Google,2025,1,2025-01-01,4.48,91567,0.7,0.44,0.65,synthetic
Czechia,Prague,Tripadvisor,2025,1,2025-01-01,4.62,110516,0.63,0.28,0.83,synthetic
Czechia,Prague,Booking,2025,1,2025-01-01,4.49,94902,0.38,0.13,0.86,synthetic
Czechia,Prague,Google,2025,2,2025-02-01,4.53,99340,0.6,0.22,0.75,synthetic
Czechia,Prague,Tripadvisor,2025,2,2025-02-01,4.53,94682,0.49,0.35,0.78,synthetic
Czechia,Prague,Booking,2025,2,2025-02-01,4.55,105174,0.57,0.28,0.85,synthetic
Czechia,Prague,Google,2025,3,2025-03-01,4.47,75167,0.68,0.24,0.68,synthetic
Czechia,Prague,Tripadvisor,2025,3,2025-03-01,4.58,95285,0.41,0.49,0.71,synthetic
Czechia,Prague,Booking,2025,3,2025-03-01,4.52,74985,0.64,0.24,0.8,synthetic
Czechia,Prague,Google,2025,4,2025-04-01,4.53,112686,0.54,0.14,0.77,synthetic
Czechia,Prague,Tripadvisor,2025,4,2025-04-01,4.51,75800,0.44,0.23,0.83,synthetic
Czechia,Prague,Booking,2025,4,2025-04-01,4.57,92923,0.67,0.1,0.76,synthetic
Czechia,Prague,Google,2025,5,2025-05-01,4.55,98894,0.52,0.3,0.79,synthetic
Czechia,Prague,Tripadvisor,2025,5,2025-05-01,4.53,106989,0.65,0.35,0.85,synthetic
Czechia,Prague,Booking,2025,5,2025-05-01,4.58,117228,0.5,0.14,0.78,synthetic
Czechia,Prague,Google,2025,6,2025-06-01,4.51,113952,0.43,0.29,0.78,synthetic
Czechia,Prague,Tripadvisor,2025,6,2025-06-01,4.53,94974,0.65,0.41,0.84,synthetic
Czechia,Prague,Booking,2025,6,2025-06-01,4.53,87476,0.83,0.19,0.85,synthetic
Greece,Athens,Google,2023,1,2023-01-01,4.37,49506,0.44,0.33,0.65,synthetic
Greece,Athens,Tripadvisor,2023,1,2023-01-01,4.31,71194,0.57,0.18,0.7,synthetic
Greece,Athens,Booking,2023,1,2023-01-01,4.36,64336,0.71,0.31,0.75,synthetic
Greece,Athens,Google,2023,2,2023-02-01,4.34,76854,0.32,0.35,0.65,synthetic
Greece,Athens,Tripadvisor,2023,2,2023-02-01,4.28,75537,0.73,0.1,0.67,synthetic
Greece,Athens,Booking,2023,2,2023-02-01,4.36,60563,0.47,0.14,0.66,synthetic
Greece,Athens,Google,2023,3,2023-03-01,4.32,72660,0.64,0.19,0.67,synthetic
Greece,Athens,Tripadvisor,2023,3,2023-03-01,4.31,58878,0.36,0.36,0.68,synthetic
Greece,Athens,Booking,2023,3,2023-03-01,4.36,60522,0.63,0.16,0.63,synthetic
Greece,Athens,Google,2023,4,2023-04-01,4.33,68405,0.36,0.19,0.65,synthetic
Greece,Athens,Tripadvisor,2023,4,2023-04-01,4.38,59847,0.62,0.32,0.68,synthetic
Greece,Athens,Booking,2023,4,2023-04-01,4.34,55614,0.5,0.44,0.75,synthetic
Greece,Athens,Google,2023,5,2023-05-01,4.38,75075,0.33,0.21,0.67,synthetic
Greece,Athens,Tripadvisor,2023,5,2023-05-01,4.47,63826,0.71,0.34,0.75,synthetic
Greece,Athens,Booking,2023,5,2023-05-01,4.33,56767,0.19,0.43,0.63,synthetic
Greece,Athens,Google,2023,6,2023-06-01,4.21,69803,0.66,0.38,0.66,synthetic
Greece,Athens,Tripadvisor,2023,6,2023-06-01,4.27,59354,0.55,0.38,0.53,synthetic
Greece,Athens,Booking,2023,6,2023-06-01,4.33,73735,0.73,0.37,0.72,synthetic
Greece,Athens,Google,2023,7,2023-07-01,4.16,79158,0.65,0.43,0.52,synthetic
Greece,Athens,Tripadvisor,2023,7,2023-07-01,4.22,80534,0.46,0.27,0.64,synthetic
Greece,Athens,Booking,2023,7,2023-07-01,4.37,74900,0.63,0.19,0.72,synthetic
Greece,Athens,Google,2023,8,2023-08-01,4.37,51873,0.81,0.05,0.74,synthetic
Greece,Athens,Tripadvisor,2023,8,2023-08-01,4.29,71932,0.68,0.3,0.67,synthetic
Greece,Athens,Booking,2023,8,2023-08-01,4.32,71999,0.93,0.17,0.5,synthetic
Greece,Athens,Google,2023,9,2023-09-01,4.3,62466,0.54,0.21,0.69,synthetic
Greece,Athens,Tripadvisor,2023,9,2023-09-01,4.24,69905,0.7,0.33,0.65,synthetic
Greece,Athens,Booking,2023,9,2023-09-01,4.38,66744,0.55,0.35,0.72,synthetic
Greece,Athens,Google,2023,10,2023-10-01,4.38,52690,0.57,0.19,0.72,synthetic
Greece,Athens,Tripadvisor,2023,10,2023-10-01,4.37,64134,0.49,0.36,0.68,synthetic
Greece,Athens,Booking,2023,10,2023-10-01,4.41,80427,0.75,0.32,0.8,synthetic
Greece,Athens,Google,2023,11,2023-11-01,4.34,62504,0.5,0.23,0.67,synthetic
Greece,Athens,Tripadvisor,2023,11,2023-11-01,4.35,55055,0.53,0.32,0.71,synthetic
Greece,Athens,Booking,2023,11,2023-11-01,4.33,68263,0.41,0.21,0.66,synthetic
Greece,Athens,Google,2023,12,2023-12-01,4.36,68158,0.47,0.28,0.75,synthetic
Greece,Athens,Tripadvisor,2023,12,2023-12-01,4.36,65024,0.45,0.23,0.68,synthetic
Greece,Athens,Booking,2023,12,2023-12-01,4.34,70818,0.66,0.26,0.65,synthetic
Greece,Athens,Google,2024,1,2024-01-01,4.45,66840,0.41,0.14,0.71,synthetic
Greece,Athens,Tripadvisor,2024,1,2024-01-01,4.38,66673,0.82,0.3,0.75,synthetic
Greece,Athens,Booking,2024,1,2024-01-01,4.28,65244,0.61,0.35,0.63,synthetic
Greece,Athens,Google,2024,2,2024-02-01,4.34,76681,0.39,0.27,0.65,synthetic
Greece,Athens,Tripadvisor,2024,2,2024-02-01,4.3,75120,0.52,0.1,0.64,synthetic
Greece,Athens,Booking,2024,2,2024-02-01,4.26,75889,0.72,0.08,0.59,synthetic
Greece,Athens,Google,2024,3,2024-03-01,4.35,59514,0.72,0.4,0.67,synthetic
Greece,Athens,Tripadvisor,2024,3,2024-03-01,4.28,51764,0.72,0.5,0.73,synthetic
Greece,Athens,Booking,2024,3,2024-03-01,4.32,62232,0.73,0.29,0.68,synthetic
Greece,Athens,Google,2024,4,2024-04-01,4.34,72422,0.75,0.41,0.65,synthetic
Greece,Athens,Tripadvisor,2024,4,2024-04-01,4.27,50144,0.55,0.19,0.66,synthetic
Greece,Athens,Booking,2024,4,2024-04-01,4.31,69668,0.72,0.34,0.65,synthetic
Greece,Athens,Google,2024,5,2024-05-01,4.43,77967,0.54,0.26,0.75,synthetic
Greece,Athens,Tripadvisor,2024,5,2024-05-01,4.34,61987,0.73,0.43,0.73,synthetic
Greece,Athens,Booking,2024,5,2024-05-01,4.42,89407,0.86,0.33,0.7,synthetic
Greece,Athens,Google,2024,6,2024-06-01,4.22,71716,0.68,0.3,0.51,synthetic
Greece,Athens,Tripadvisor,2024,6,2024-06-01,4.31,77169,0.45,0.32,0.68,synthetic
Greece,Athens,Booking,2024,6,2024-06-01,4.39,86342,0.54,0.32,0.71,synthetic
Greece,Athens,Google,2024,7,2024-07-01,4.37,76242,0.81,0.07,0.7,synthetic
Greece,Athens,Tripadvisor,2024,7,2024-07-01,4.36,69601,0.26,0.29,0.64,synthetic
Greece,Athens,Booking,2024,7,2024-07-01,4.43,74848,0.48,0.09,0.74,synthetic
Greece,Athens,Google,2024,8,2024-08-01,4.37,69768,0.69,0.27,0.74,synthetic
Greece,Athens,Tripadvisor,2024,8,2024-08-01,4.39,57537,0.39,0.5,0.74,synthetic
Greece,Athens,Booking,2024,8,2024-08-01,4.25,58126,0.63,0.19,0.61,synthetic
Greece,Athens,Google,2024,9,2024-09-01,4.32,70846,0.77,0.48,0.64,synthetic
Greece,Athens,Tripadvisor,2024,9,2024-09-01,4.26,74965,0.84,0.26,0.67,synthetic
Greece,Athens,Booking,2024,9,2024-09-01,4.28,71806,0.43,0.3,0.63,synthetic
Greece,Athens,Google,2024,10,2024-10-01,4.36,86905,0.54,0.1,0.67,synthetic
Greece,Athens,Tripadvisor,2024,10,2024-10-01,4.34,73358,0.58,0.45,0.68,synthetic
Greece,Athens,Booking,2024,10,2024-10-01,4.32,64939,0.34,0.33,0.67,synthetic
Greece,Athens,Google,2024,11,2024-11-01,4.26,71242,0.58,0.24,0.59,synthetic
Greece,Athens,Tripadvisor,2024,11,2024-11-01,4.35,69682,0.51,0.21,0.67,synthetic
Greece,Athens,Booking,2024,11,2024-11-01,4.38,73399,0.56,0.33,0.76,synthetic
Greece,Athens,Google,2024,12,2024-12-01,4.36,73859,0.7,0.28,0.69,synthetic
Greece,Athens,Tripadvisor,2024,12,2024-12-01,4.3,58296,0.65,0.33,0.63,synthetic
Greece,Athens,Booking,2024,12,2024-12-01,4.39,65421,0.33,0.23,0.62,synthetic
Greece,Athens,Google,2025,1,2025-01-01,4.35,69986,0.75,0.4,0.63,synthetic
Greece,Athens,Tripadvisor,2025,1,2025-01-01,4.28,81862,0.75,0.1,0.65,synthetic
Greece,Athens,Booking,2025,1,2025-01-01,4.19,71865,0.76,0.6,0.59,synthetic
Greece,Athens,Google,2025,2,2025-02-01,4.25,72188,0.61,0.23,0.58,synthetic
Greece,Athens,Tripadvisor,2025,2,2025-02-01,4.3,80580,0.57,0.21,0.62,synthetic
Greece,Athens,Booking,2025,2,2025-02-01,4.3,67702,0.49,0.36,0.64,synthetic
Greece,Athens,Google,2025,3,2025-03-01,4.22,86390,0.66,0.16,0.59,synthetic
Greece,Athens,Tripadvisor,2025,3,2025-03-01,4.28,83177,0.54,0.29,0.63,synthetic
Greece,Athens,Booking,2025,3,2025-03-01,4.24,89902,0.7,0.23,0.63,synthetic
Greece,Athens,Google,2025,4,2025-04-01,4.39,77443,0.83,0.59,0.69,synthetic
Greece,Athens,Tripadvisor,2025,4,2025-04-01,4.29,67795,0.27,0.42,0.63,synthetic
Greece,Athens,Booking,2025,4,2025-04-01,4.38,86866,0.44,0.21,0.78,synthetic
Greece,Athens,Google,2025,5,2025-05-01,4.32,70833,0.44,0.29,0.74,synthetic
Greece,Athens,Tripadvisor,2025,5,2025-05-01,4.37,78606,0.84,0.44,0.7,synthetic
Greece,Athens,Booking,2025,5,2025-05-01,4.49,74644,0.76,0.26,0.79,synthetic
Greece,Athens,Google,2025,6,2025-06-01,4.31,81187,0.96,0.4,0.68,synthetic
Greece,Athens,Tripadvisor,2025,6,2025-06-01,4.28,78666,0.45,0.39,0.68,synthetic
Greece,Athens,Booking,2025,6,2025-06-01,4.32,92285,0.83,0.31,0.69,synthetic
Turkey,Istanbul,Google,2023,1,2023-01-01,4.63,20293,0.53,0.29,0.73,synthetic
Turkey,Istanbul,Tripadvisor,2023,1,2023-01-01,4.69,26167,0.6,0.05,0.83,synthetic
Turkey,Istanbul,Booking,2023,1,2023-01-01,4.57,21603,0.82,0.06,0.74,synthetic
Turkey,Istanbul,Google,2023,2,2023-02-01,4.7,21345,0.48,0.5,0.87,synthetic
Turkey,Istanbul,Tripadvisor,2023,2,2023-02-01,4.71,24692,0.62,0.43,0.95,synthetic
Turkey,Istanbul,Booking,2023,2,2023-02-01,4.55,23210,0.59,0.26,0.82,synthetic
Turkey,Istanbul,Google,2023,3,2023-03-01,4.67,28694,0.77,0.44,0.77,synthetic
Turkey,Istanbul,Tripadvisor,2023,3,2023-03-01,4.6,21284,0.8,0.2,0.75,synthetic
Turkey,Istanbul,Booking,2023,3,2023-03-01,4.58,31009,0.58,0.35,0.73,synthetic
Turkey,Istanbul,Google,2023,4,2023-04-01,4.71,18347,0.45,0.23,0.87,synthetic
Turkey,Istanbul,Tripadvisor,2023,4,2023-04-01,4.6,27571,0.68,0.23,0.85,synthetic
Turkey,Istanbul,Booking,2023,4,2023-04-01,4.63,21657,0.73,0.05,0.85,synthetic
Turkey,Istanbul,Google,2023,5,2023-05-01,4.61,21310,0.89,0.25,0.85,synthetic
Turkey,Istanbul,Tripadvisor,2023,5,2023-05-01,4.67,24380,0.56,0.27,0.91,synthetic
Turkey,Istanbul,Booking,2023,5,2023-05-01,4.71,21911,0.44,0.24,0.9,synthetic
Turkey,Istanbul,Google,2023,6,2023-06-01,4.72,24861,0.36,0.38,0.93,synthetic
Turkey,Istanbul,Tripadvisor,2023,6,2023-06-01,4.66,28846,0.4,0.37,0.78,synthetic
Turkey,Istanbul,Booking,2023,6,2023-06-01,4.71,25023,0.87,0.35,0.84,synthetic
Turkey,Istanbul,Google,2023,7,2023-07-01,4.62,22609,0.52,0.43,0.87,synthetic
Turkey,Istanbul,Tripadvisor,2023,7,2023-07-01,4.56,23416,0.61,0.22,0.8,synthetic
Turkey,Istanbul,Booking,2023,7,2023-07-01,4.74,25803,0.8,0.23,0.87,synthetic
Turkey,Istanbul,Google,2023,8,2023-08-01,4.61,23978,0.65,0.4,0.87,synthetic
Turkey,Istanbul,Tripadvisor,2023,8,2023-08-01,4.69,20903,0.4,0.35,0.92,synthetic
Turkey,Istanbul,Booking,2023,8,2023-08-01,4.65,19036,0.91,0.35,0.83,synthetic
Turkey,Istanbul,Google,2023,9,2023-09-01,4.58,23354,0.7,0.35,0.76,synthetic
Turkey,Istanbul,Tripadvisor,2023,9,2023-09-01,4.65,21585,0.85,0.39,0.8,synthetic
Turkey,Istanbul,Booking,2023,9,2023-09-01,4.58,24086,0.53,0.26,0.73,synthetic
Turkey,Istanbul,Google,2023,10,2023-10-01,4.59,23764,0.56,0.55,0.82,synthetic
Turkey,Istanbul,Tripadvisor,2023,10,2023-10-01,4.58,19013,0.66,0.26,0.86,synthetic
Turkey,Istanbul,Booking,2023,10,2023-10-01,4.67,17763,0.45,0.23,0.86,synthetic
Turkey,Istanbul,Google,2023,11,2023-11-01,4.59,23736,0.4,0.3,0.81,synthetic
Turkey,Istanbul,Tripadvisor,2023,11,2023-11-01,4.74,23995,0.48,0.45,0.86,synthetic
Turkey,Istanbul,Booking,2023,11,2023-11-01,4.7,21594,0.61,0.22,0.86,synthetic
Turkey,Istanbul,Google,2023,12,2023-12-01,4.7,21925,0.52,0.34,0.81,synthetic
Turkey,Istanbul,Tripadvisor,2023,12,2023-12-01,4.56,24296,0.58,0.29,0.81,synthetic
Turkey,Istanbul,Booking,2023,12,2023-12-01,4.69,22858,0.43,0.24,0.87,synthetic
Turkey,Istanbul,Google,2024,1,2024-01-01,4.66,23512,0.48,0.36,0.82,synthetic
Turkey,Istanbul,Tripadvisor,2024,1,2024-01-01,4.7,27830,0.55,0.39,0.86,synthetic
Turkey,Istanbul,Booking,2024,1,2024-01-01,4.67,18561,0.45,0.21,0.82,synthetic
Turkey,Istanbul,Google,2024,2,2024-02-01,4.66,25642,0.64,0.23,0.86,synthetic
Turkey,Istanbul,Tripadvisor,2024,2,2024-02-01,4.76,24106,0.5,0.23,0.88,synthetic
Turkey,Istanbul,Booking,2024,2,2024-02-01,4.62,19946,0.38,0.4,0.87,synthetic
Turkey,Istanbul,Google,2024,3,2024-03-01,4.75,25857,0.45,0.26,0.8,synthetic
Turkey,Istanbul,Tripadvisor,2024,3,2024-03-01,4.56,25944,0.68,0.5,0.78,synthetic
Turkey,Istanbul,Booking,2024,3,2024-03-01,4.57,24805,0.56,0.25,0.8,synthetic
Turkey,Istanbul,Google,2024,4,2024-04-01,4.58,25568,0.7,0.44,0.8,synthetic
Turkey,Istanbul,Tripadvisor,2024,4,2024-04-01,4.71,23832,0.55,0.43,0.79,synthetic
Turkey,Istanbul,Booking,2024,4,2024-04-01,4.63,28582,0.57,0.27,0.8,synthetic
Turkey,Istanbul,Google,2024,5,2024-05-01,4.66,28454,0.74,0.3,0.88,synthetic
Turkey,Istanbul,Tripadvisor,2024,5,2024-05-01,4.67,27768,0.45,0.47,0.85,synthetic
Turkey,Istanbul,Booking,2024,5,2024-05-01,4.49,30186,0.6,0.26,0.71,synthetic
Turkey,Istanbul,Google,2024,6,2024-06-01,4.68,22490,0.51,0.24,0.82,synthetic
Turkey,Istanbul,Tripadvisor,2024,6,2024-06-01,4.62,27749,0.64,0.34,0.84,synthetic
Turkey,Istanbul,Booking,2024,6,2024-06-01,4.65,22091,0.87,0.39,0.9,synthetic
Turkey,Istanbul,Google,2024,7,2024-07-01,4.71,23783,0.25,0.18,0.89,synthetic
Turkey,Istanbul,Tripadvisor,2024,7,2024-07-01,4.64,23905,0.23,0.3,0.77,synthetic
Turkey,Istanbul,Booking,2024,7,2024-07-01,4.61,27741,0.45,0.21,0.81,synthetic
Turkey,Istanbul,Google,2024,8,2024-08-01,4.7,23957,0.82,0.17,0.78,synthetic
Turkey,Istanbul,Tripadvisor,2024,8,2024-08-01,4.56,20182,0.65,0.2,0.71,synthetic
Turkey,Istanbul,Booking,2024,8,2024-08-01,4.67,27662,0.76,0.39,0.79,synthetic
Turkey,Istanbul,Google,2024,9,2024-09-01,4.67,26674,0.53,0.32,0.77,synthetic
Turkey,Istanbul,Tripadvisor,2024,9,2024-09-01,4.61,26296,0.83,0.42,0.84,synthetic
Turkey,Istanbul,Booking,2024,9,2024-09-01,4.66,24946,0.38,0.22,0.79,synthetic
Turkey,Istanbul,Google,2024,10,2024-10-01,4.69,28028,0.71,0.42,0.85,synthetic
Turkey,Istanbul,Tripadvisor,2024,10,2024-10-01,4.59,25022,0.49,0.37,0.78,synthetic
Turkey,Istanbul,Booking,2024,10,2024-10-01,4.65,27269,0.49,0.4,0.76,synthetic
Turkey,Istanbul,Google,2024,11,2024-11-01,4.67,24899,0.72,0.16,0.76,synthetic
Turkey,Istanbul,Tripadvisor,2024,11,2024-11-01,4.7,23992,0.59,0.23,0.89,synthetic
Turkey,Istanbul,Booking,2024,11,2024-11-01,4.67,25900,0.42,0.35,0.78,synthetic
Turkey,Istanbul,Google,2024,12,2024-12-01,4.61,21049,0.58,0.41,0.82,synthetic
Turkey,Istanbul,Tripadvisor,2024,12,2024-12-01,4.62,25503,0.62,0.31,0.82,synthetic
Turkey,Istanbul,Booking,2024,12,2024-12-01,4.59,25495,0.34,0.36,0.74,synthetic
Turkey,Istanbul,Google,2025,1,2025-01-01,4.72,19104,0.85,0.14,0.8,synthetic
Turkey,Istanbul,Tripadvisor,2025,1,2025-01-01,4.67,29045,0.56,0.39,0.79,synthetic
Turkey,Istanbul,Booking,2025,1,2025-01-01,4.63,26058,0.52,0.11,0.81,synthetic
Turkey,Istanbul,Google,2025,2,2025-02-01,4.64,30536,0.41,0.24,0.88,synthetic
Turkey,Istanbul,Tripadvisor,2025,2,2025-02-01,4.67,28820,0.67,0.35,0.93,synthetic
Turkey,Istanbul,Booking,2025,2,2025-02-01,4.66,23757,0.7,0.24,0.82,synthetic
Turkey,Istanbul,Google,2025,3,2025-03-01,4.67,24373,0.52,0.35,0.81,synthetic
Turkey,Istanbul,Tripadvisor,2025,3,2025-03-01,4.71,23838,0.45,0.49,0.78,synthetic
Turkey,Istanbul,Booking,2025,3,2025-03-01,4.65,33045,0.6,0.43,0.86,synthetic
Turkey,Istanbul,Google,2025,4,2025-04-01,4.65,26614,0.28,0.27,0.84,synthetic
Turkey,Istanbul,Tripadvisor,2025,4,2025-04-01,4.66,35039,0.64,0.36,0.89,synthetic
Turkey,Istanbul,Booking,2025,4,2025-04-01,4.68,26759,0.59,0.26,0.86,synthetic
Turkey,Istanbul,Google,2025,5,2025-05-01,4.64,29066,0.45,0.31,0.9,synthetic
Turkey,Istanbul,Tripadvisor,2025,5,2025-05-01,4.64,33018,0.62,0.29,0.82,synthetic
Turkey,Istanbul,Booking,2025,5,2025-05-01,4.63,20612,0.73,0.52,0.84,synthetic
Turkey,Istanbul,Google,2025,6,2025-06-01,4.68,26445,0.77,0.3,0.86,synthetic
Turkey,Istanbul,Tripadvisor,2025,6,2025-06-01,4.56,25320,0.66,0.39,0.83,synthetic
Turkey,Istanbul,Booking,2025,6,2025-06-01,4.56,22243,0.69,0.23,0.82,synthetic
UAE,Dubai,Google,2023,1,2023-01-01,4.51,76525,0.45,0.1,0.76,synthetic
UAE,Dubai,Tripadvisor,2023,1,2023-01-01,4.54,81101,0.55,0.38,0.8,synthetic
UAE,Dubai,Booking,2023,1,2023-01-01,4.59,71873,0.34,0.29,0.8,synthetic
UAE,Dubai,Google,2023,2,2023-02-01,4.54,59046,0.55,0.39,0.77,synthetic
UAE,Dubai,Tripadvisor,2023,2,2023-02-01,4.49,88905,0.44,0.42,0.8,synthetic
UAE,Dubai,Booking,2023,2,2023-02-01,4.5,72068,0.59,0.32,0.72,synthetic
UAE,Dubai,Google,2023,3,2023-03-01,4.49,69269,0.55,0.27,0.63,synthetic
UAE,Dubai,Tripadvisor,2023,3,2023-03-01,4.52,67774,0.32,0.26,0.74,synthetic
UAE,Dubai,Booking,2023,3,2023-03-01,4.59,67672,0.7,0.44,0.76,synthetic
UAE,Dubai,Google,2023,4,2023-04-01,4.51,87363,0.63,0.34,0.73,synthetic
UAE,Dubai,Tripadvisor,2023,4,2023-04-01,4.55,72009,0.33,0.26,0.72,synthetic
UAE,Dubai,Booking,2023,4,2023-04-01,4.52,64393,0.67,0.3,0.7,synthetic
UAE,Dubai,Google,2023,5,2023-05-01,4.48,77742,0.77,0.21,0.69,synthetic
UAE,Dubai,Tripadvisor,2023,5,2023-05-01,4.63,72269,0.61,0.23,0.83,synthetic
UAE,Dubai,Booking,2023,5,2023-05-01,4.62,74562,0.76,0.3,0.76,synthetic
UAE,Dubai,Google,2023,6,2023-06-01,4.47,62648,0.63,0.42,0.74,synthetic
UAE,Dubai,Tripadvisor,2023,6,2023-06-01,4.49,65497,0.65,0.18,0.69,synthetic
UAE,Dubai,Booking,2023,6,2023-06-01,4.57,69942,0.56,0.28,0.82,synthetic
UAE,Dubai,Google,2023,7,2023-07-01,4.52,65902,0.49,0.28,0.78,synthetic
UAE,Dubai,Tripadvisor,2023,7,2023-07-01,4.51,71273,0.61,0.3,0.72,synthetic
UAE,Dubai,Booking,2023,7,2023-07-01,4.58,68166,0.62,0.09,0.78,synthetic
UAE,Dubai,Google,2023,8,2023-08-01,4.45,63853,0.96,0.32,0.78,synthetic
UAE,Dubai,Tripadvisor,2023,8,2023-08-01,4.56,80890,0.57,0.46,0.82,synthetic
UAE,Dubai,Booking,2023,8,2023-08-01,4.52,74640,0.58,0.31,0.76,synthetic
UAE,Dubai,Google,2023,9,2023-09-01,4.54,87461,0.42,0.41,0.75,synthetic
UAE,Dubai,Tripadvisor,2023,9,2023-09-01,4.59,69458,0.66,0.28,0.71,synthetic
UAE,Dubai,Booking,2023,9,2023-09-01,4.62,64168,0.61,0.19,0.74,synthetic
UAE,Dubai,Google,2023,10,2023-10-01,4.5,67200,0.42,0.3,0.68,synthetic
UAE,Dubai,Tripadvisor,2023,10,2023-10-01,4.52,71248,0.23,0.25,0.78,synthetic
UAE,Dubai,Booking,2023,10,2023-10-01,4.45,76797,0.66,0.2,0.72,synthetic
UAE,Dubai,Google,2023,11,2023-11-01,4.56,64744,0.57,0.42,0.74,synthetic
UAE,Dubai,Tripadvisor,2023,11,2023-11-01,4.54,62983,0.58,0.34,0.65,synthetic
UAE,Dubai,Booking,2023,11,2023-11-01,4.48,76081,0.63,0.25,0.69,synthetic
UAE,Dubai,Google,2023,12,2023-12-01,4.55,69554,0.68,0.34,0.75,synthetic
UAE,Dubai,Tripadvisor,2023,12,2023-12-01,4.58,67194,0.78,0.43,0.84,synthetic
UAE,Dubai,Booking,2023,12,2023-12-01,4.5,94468,0.62,0.32,0.75,synthetic
UAE,Dubai,Google,2024,1,2024-01-01,4.45,90286,0.51,0.39,0.78,synthetic
UAE,Dubai,Tripadvisor,2024,1,2024-01-01,4.55,71653,0.55,0.05,0.77,synthetic
UAE,Dubai,Booking,2024,1,2024-01-01,4.56,75915,0.51,0.27,0.84,synthetic
UAE,Dubai,Google,2024,2,2024-02-01,4.51,95564,0.51,0.32,0.73,synthetic
UAE,Dubai,Tripadvisor,2024,2,2024-02-01,4.64,79827,0.92,0.26,0.9,synthetic
UAE,Dubai,Booking,2024,2,2024-02-01,4.52,85987,0.42,0.33,0.71,synthetic
UAE,Dubai,Google,2024,3,2024-03-01,4.53,63904,0.59,0.41,0.79,synthetic
UAE,Dubai,Tripadvisor,2024,3,2024-03-01,4.44,60341,0.67,0.46,0.67,synthetic
UAE,Dubai,Booking,2024,3,2024-03-01,4.64,78081,0.31,0.14,0.86,synthetic
UAE,Dubai,Google,2024,4,2024-04-01,4.52,92041,0.42,0.31,0.76,synthetic
UAE,Dubai,Tripadvisor,2024,4,2024-04-01,4.5,74554,0.55,0.32,0.77,synthetic
UAE,Dubai,Booking,2024,4,2024-04-01,4.53,89450,0.42,0.12,0.81,synthetic
UAE,Dubai,Google,2024,5,2024-05-01,4.46,74583,0.51,0.24,0.66,synthetic
UAE,Dubai,Tripadvisor,2024,5,2024-05-01,4.48,84231,0.6,0.35,0.71,synthetic
UAE,Dubai,Booking,2024,5,2024-05-01,4.57,73375,0.28,0.33,0.82,synthetic
UAE,Dubai,Google,2024,6,2024-06-01,4.48,89387,0.47,0.37,0.83,synthetic
UAE,Dubai,Tripadvisor,2024,6,2024-06-01,4.52,76018,0.58,0.46,0.78,synthetic
UAE,Dubai,Booking,2024,6,2024-06-01,4.64,80760,0.5,0.24,0.82,synthetic
UAE,Dubai,Google,2024,7,2024-07-01,4.39,73688,0.53,0.32,0.79,synthetic
UAE,Dubai,Tripadvisor,2024,7,2024-07-01,4.52,60113,0.46,0.33,0.76,synthetic
UAE,Dubai,Booking,2024,7,2024-07-01,4.61,87145,0.74,0.28,0.86,synthetic
UAE,Dubai,Google,2024,8,2024-08-01,4.46,87222,0.56,0.16,0.76,synthetic
UAE,Dubai,Tripadvisor,2024,8,2024-08-01,4.6,74329,0.83,0.13,0.74,synthetic
UAE,Dubai,Booking,2024,8,2024-08-01,4.5,74665,0.5,0.31,0.73,synthetic
UAE,Dubai,Google,2024,9,2024-09-01,4.49,80753,0.5,0.29,0.71,synthetic
UAE,Dubai,Tripadvisor,2024,9,2024-09-01,4.44,85303,0.86,0.41,0.74,synthetic
UAE,Dubai,Booking,2024,9,2024-09-01,4.47,75451,0.76,0.07,0.72,synthetic
UAE,Dubai,Google,2024,10,2024-10-01,4.56,67468,0.66,0.34,0.71,synthetic
UAE,Dubai,Tripadvisor,2024,10,2024-10-01,4.52,72352,0.66,0.37,0.78,synthetic
UAE,Dubai,Booking,2024,10,2024-10-01,4.52,80851,0.42,0.3,0.72,synthetic
UAE,Dubai,Google,2024,11,2024-11-01,4.58,84549,0.7,0.47,0.77,synthetic
UAE,Dubai,Tripadvisor,2024,11,2024-11-01,4.48,74826,0.36,0.15,0.77,synthetic
UAE,Dubai,Booking,2024,11,2024-11-01,4.43,68062,0.58,0.26,0.76,synthetic
UAE,Dubai,Google,2024,12,2024-12-01,4.52,70655,0.75,0.37,0.69,synthetic
UAE,Dubai,Tripadvisor,2024,12,2024-12-01,4.53,71436,0.49,0.49,0.77,synthetic
UAE,Dubai,Booking,2024,12,2024-12-01,4.5,78938,0.73,0.23,0.72,synthetic
UAE,Dubai,Google,2025,1,2025-01-01,4.55,68658,0.75,0.14,0.76,synthetic
UAE,Dubai,Tripadvisor,2025,1,2025-01-01,4.42,73292,0.79,0.4,0.77,synthetic
UAE,Dubai,Booking,2025,1,2025-01-01,4.43,73344,0.65,0.37,0.67,synthetic
UAE,Dubai,Google,2025,2,2025-02-01,4.48,72536,0.85,0.25,0.74,synthetic
UAE,Dubai,Tripadvisor,2025,2,2025-02-01,4.52,95066,0.46,0.42,0.7,synthetic
UAE,Dubai,Booking,2025,2,2025-02-01,4.58,66654,0.58,0.46,0.83,synthetic
UAE,Dubai,Google,2025,3,2025-03-01,4.54,73371,0.49,0.43,0.79,synthetic
UAE,Dubai,Tripadvisor,2025,3,2025-03-01,4.57,84673,0.56,0.38,0.8,synthetic
UAE,Dubai,Booking,2025,3,2025-03-01,4.5,69689,0.74,0.34,0.72,synthetic
UAE,Dubai,Google,2025,4,2025-04-01,4.58,86386,0.64,0.39,0.83,synthetic
UAE,Dubai,Tripadvisor,2025,4,2025-04-01,4.53,82031,0.9,0.23,0.8,synthetic
UAE,Dubai,Booking,2025,4,2025-04-01,4.51,88510,0.79,0.27,0.78,synthetic
UAE,Dubai,Google,2025,5,2025-05-01,4.53,77471,0.79,0.37,0.74,synthetic
UAE,Dubai,Tripadvisor,2025,5,2025-05-01,4.58,75556,0.6,0.26,0.83,synthetic
UAE,Dubai,Booking,2025,5,2025-05-01,4.48,91569,0.69,0.26,0.83,synthetic
UAE,Dubai,Google,2025,6,2025-06-01,4.47,69739,0.73,0.09,0.81,synthetic
UAE,Dubai,Tripadvisor,2025,6,2025-06-01,4.52,69558,0.46,0.14,0.78,synthetic
UAE,Dubai,Booking,2025,6,2025-06-01,4.43,88987,0.55,0.25,0.74,synthetic
Qatar,Doha,Google,2023,1,2023-01-01,4.18,89865,0.6,0.24,0.6,synthetic
Qatar,Doha,Tripadvisor,2023,1,2023-01-01,4.07,92313,0.54,0.33,0.53,synthetic
Qatar,Doha,Booking,2023,1,2023-01-01,4.14,96014,0.51,0.32,0.53,synthetic
Qatar,Doha,Google,2023,2,2023-02-01,4.15,93931,0.63,0.32,0.65,synthetic
Qatar,Doha,Tripadvisor,2023,2,2023-02-01,4.14,98117,0.5,0.38,0.55,synthetic
Qatar,Doha,Booking,2023,2,2023-02-01,4.02,94986,0.63,0.22,0.5,synthetic
Qatar,Doha,Google,2023,3,2023-03-01,4.11,96610,0.79,0.17,0.66,synthetic
Qatar,Doha,Tripadvisor,2023,3,2023-03-01,4.11,104034,0.62,0.13,0.5,synthetic
Qatar,Doha,Booking,2023,3,2023-03-01,4.08,108861,0.39,0.21,0.55,synthetic
Qatar,Doha,Google,2023,4,2023-04-01,4.14,102430,0.45,0.14,0.6,synthetic
Qatar,Doha,Tripadvisor,2023,4,2023-04-01,4.2,93232,0.43,0.26,0.62,synthetic
Qatar,Doha,Booking,2023,4,2023-04-01,4.1,113687,0.74,0.32,0.45,synthetic
Qatar,Doha,Google,2023,5,2023-05-01,4.07,90866,0.49,0.32,0.55,synthetic
Qatar,Doha,Tripadvisor,2023,5,2023-05-01,4.01,106653,0.6,0.34,0.54,synthetic
Qatar,Doha,Booking,2023,5,2023-05-01,4.07,111956,0.58,0.45,0.49,synthetic
Qatar,Doha,Google,2023,6,2023-06-01,4.2,86712,0.98,0.2,0.65,synthetic
Qatar,Doha,Tripadvisor,2023,6,2023-06-01,4.09,105608,0.59,0.19,0.41,synthetic
Qatar,Doha,Booking,2023,6,2023-06-01,4.26,98115,0.16,0.33,0.67,synthetic
Qatar,Doha,Google,2023,7,2023-07-01,4.07,88995,0.6,0.42,0.54,synthetic
Qatar,Doha,Tripadvisor,2023,7,2023-07-01,4.2,110466,0.57,0.14,0.59,synthetic
Qatar,Doha,Booking,2023,7,2023-07-01,4.14,97962,0.7,0.39,0.6,synthetic
Qatar,Doha,Google,2023,8,2023-08-01,4.1,103330,0.94,0.15,0.57,synthetic
Qatar,Doha,Tripadvisor,2023,8,2023-08-01,4.22,83553,0.75,0.41,0.54,synthetic
Qatar,Doha,Booking,2023,8,2023-08-01,4.16,94096,0.59,0.27,0.64,synthetic
Qatar,Doha,Google,2023,9,2023-09-01,4.11,91855,0.53,0.27,0.5,synthetic
Qatar,Doha,Tripadvisor,2023,9,2023-09-01,4.08,98636,0.66,0.42,0.55,synthetic
Qatar,Doha,Booking,2023,9,2023-09-01,4.08,85462,0.64,0.29,0.54,synthetic
Qatar,Doha,Google,2023,10,2023-10-01,4.13,103325,0.64,0.28,0.52,synthetic
Qatar,Doha,Tripadvisor,2023,10,2023-10-01,4.08,107163,0.54,0.17,0.6,synthetic
Qatar,Doha,Booking,2023,10,2023-10-01,4.06,97674,0.67,0.3,0.4,synthetic
Qatar,Doha,Google,2023,11,2023-11-01,4.14,112744,0.72,0.09,0.67,synthetic
Qatar,Doha,Tripadvisor,2023,11,2023-11-01,4.03,84676,0.72,0.35,0.52,synthetic
Qatar,Doha,Booking,2023,11,2023-11-01,4.08,112796,0.59,0.14,0.6,synthetic
Qatar,Doha,Google,2023,12,2023-12-01,4.13,110276,0.69,0.54,0.55,synthetic
Qatar,Doha,Tripadvisor,2023,12,2023-12-01,4.11,105664,0.55,0.38,0.41,synthetic
Qatar,Doha,Booking,2023,12,2023-12-01,4.11,96060,0.58,0.21,0.6,synthetic
Qatar,Doha,Google,2024,1,2024-01-01,4.08,107568,0.59,0.35,0.61,synthetic
Qatar,Doha,Tripadvisor,2024,1,2024-01-01,4.12,115650,0.62,0.25,0.56,synthetic
Qatar,Doha,Booking,2024,1,2024-01-01,4.1,112205,0.62,0.22,0.54,synthetic
Qatar,Doha,Google,2024,2,2024-02-01,4.02,102717,0.6,0.48,0.58,synthetic
Qatar,Doha,Tripadvisor,2024,2,2024-02-01,4.05,107587,0.63,0.28,0.52,synthetic
Qatar,Doha,Booking,2024,2,2024-02-01,4.09,128650,0.54,0.33,0.42,synthetic
Qatar,Doha,Google,2024,3,2024-03-01,4.16,119971,0.44,0.25,0.6,synthetic
Qatar,Doha,Tripadvisor,2024,3,2024-03-01,4.11,110922,0.56,0.49,0.52,synthetic
Qatar,Doha,Booking,2024,3,2024-03-01,4.27,120698,0.72,0.2,0.68,synthetic
Qatar,Doha,Google,2024,4,2024-04-01,4.15,78325,0.39,0.34,0.57,synthetic
Qatar,Doha,Tripadvisor,2024,4,2024-04-01,4.08,118644,0.47,0.25,0.51,synthetic
Qatar,Doha,Booking,2024,4,2024-04-01,4.14,83369,0.53,0.13,0.56,synthetic
Qatar,Doha,Google,2024,5,2024-05-01,4.16,114383,0.49,0.35,0.57,synthetic
Qatar,Doha,Tripadvisor,2024,5,2024-05-01,4.19,103405,0.15,0.39,0.57,synthetic
Qatar,Doha,Booking,2024,5,2024-05-01,4.1,109278,0.39,0.31,0.57,synthetic
Qatar,Doha,Google,2024,6,2024-06-01,4.13,97494,0.75,0.2,0.54,synthetic
Qatar,Doha,Tripadvisor,2024,6,2024-06-01,4.1,108768,0.55,0.42,0.57,synthetic
Qatar,Doha,Booking,2024,6,2024-06-01,4.12,108323,0.71,0.32,0.47,synthetic
Qatar,Doha,Google,2024,7,2024-07-01,4.18,106552,0.7,0.26,0.5,synthetic
Qatar,Doha,Tripadvisor,2024,7,2024-07-01,3.98,93140,0.68,0.43,0.5,synthetic
Qatar,Doha,Booking,2024,7,2024-07-01,4.05,95159,0.8,0.17,0.63,synthetic
Qatar,Doha,Google,2024,8,2024-08-01,4.23,131952,0.66,0.27,0.63,synthetic
Qatar,Doha,Tripadvisor,2024,8,2024-08-01,4.17,96840,0.43,0.27,0.54,synthetic
Qatar,Doha,Booking,2024,8,2024-08-01,4.19,97273,0.61,0.4,0.66,synthetic
Qatar,Doha,Google,2024,9,2024-09-01,4.13,109888,0.45,0.4,0.63,synthetic
Qatar,Doha,Tripadvisor,2024,9,2024-09-01,4.0,127266,0.49,0.36,0.5,synthetic
Qatar,Doha,Booking,2024,9,2024-09-01,4.11,102440,0.45,0.35,0.54,synthetic
Qatar,Doha,Google,2024,10,2024-10-01,4.03,91997,0.41,0.25,0.54,synthetic
Qatar,Doha,Tripadvisor,2024,10,2024-10-01,4.07,117339,0.58,0.27,0.54,synthetic
Qatar,Doha,Booking,2024,10,2024-10-01,4.2,87757,0.85,0.4,0.6,synthetic
Qatar,Doha,Google,2024,11,2024-11-01,4.18,100979,0.64,0.25,0.64,synthetic
Qatar,Doha,Tripadvisor,2024,11,2024-11-01,4.07,104396,0.7,0.4,0.49,synthetic
Qatar,Doha,Booking,2024,11,2024-11-01,4.16,92665,0.28,0.23,0.62,synthetic
Qatar,Doha,Google,2024,12,2024-12-01,4.11,98300,0.61,0.3,0.59,synthetic
Qatar,Doha,Tripadvisor,2024,12,2024-12-01,4.02,103753,0.62,0.16,0.44,synthetic
Qatar,Doha,Booking,2024,12,2024-12-01,4.09,105151,0.6,0.24,0.52,synthetic
Qatar,Doha,Google,2025,1,2025-01-01,4.09,116866,0.79,0.08,0.58,synthetic
Qatar,Doha,Tripadvisor,2025,1,2025-01-01,4.11,119942,0.78,0.22,0.6,synthetic
Qatar,Doha,Booking,2025,1,2025-01-01,4.04,114552,0.56,0.3,0.47,synthetic
Qatar,Doha,Google,2025,2,2025-02-01,4.14,134301,0.45,0.32,0.61,synthetic
Qatar,Doha,Tripadvisor,2025,2,2025-02-01,4.09,131243,0.54,0.29,0.5,synthetic
Qatar,Doha,Booking,2025,2,2025-02-01,4.12,112866,0.7,0.24,0.53,synthetic
Qatar,Doha,Google,2025,3,2025-03-01,4.14,131741,0.69,0.48,0.6,synthetic
Qatar,Doha,Tripadvisor,2025,3,2025-03-01,4.14,122022,0.82,0.42,0.52,synthetic
Qatar,Doha,Booking,2025,3,2025-03-01,4.16,116417,0.57,0.12,0.5,synthetic
Qatar,Doha,Google,2025,4,2025-04-01,4.09,92995,0.55,0.37,0.52,synthetic
Qatar,Doha,Tripadvisor,2025,4,2025-04-01,4.12,98338,0.64,0.35,0.49,synthetic
Qatar,Doha,Booking,2025,4,2025-04-01,4.07,95668,0.68,0.32,0.53,synthetic
Qatar,Doha,Google,2025,5,2025-05-01,4.1,117195,0.65,0.25,0.52,synthetic
Qatar,Doha,Tripadvisor,2025,5,2025-05-01,4.11,110256,0.91,0.26,0.57,synthetic
Qatar,Doha,Booking,2025,5,2025-05-01,4.14,131786,0.48,0.43,0.56,synthetic
Qatar,Doha,Google,2025,6,2025-06-01,4.26,117734,0.42,0.28,0.7,synthetic
Qatar,Doha,Tripadvisor,2025,6,2025-06-01,4.12,112017,0.71,0.27,0.55,synthetic
Qatar,Doha,Booking,2025,6,2025-06-01,4.06,136231,0.42,0.32,0.55,synthetic
India,Delhi,Google,2023,1,2023-01-01,4.29,166520,0.48,0.09,0.66,synthetic
India,Delhi,Tripadvisor,2023,1,2023-01-01,4.3,168564,0.57,0.28,0.65,synthetic
India,Delhi,Booking,2023,1,2023-01-01,4.28,141173,0.56,0.19,0.68,synthetic
India,Delhi,Google,2023,2,2023-02-01,4.33,129440,0.52,0.31,0.64,synthetic
India,Delhi,Tripadvisor,2023,2,2023-02-01,4.37,167488,0.96,0.42,0.61,synthetic
India,Delhi,Booking,2023,2,2023-02-01,4.33,151681,0.69,0.21,0.64,synthetic
India,Delhi,Google,2023,3,2023-03-01,4.28,145370,0.52,0.27,0.58,synthetic
India,Delhi,Tripadvisor,2023,3,2023-03-01,4.41,165574,0.38,0.3,0.63,synthetic
India,Delhi,Booking,2023,3,2023-03-01,4.43,187045,0.59,0.21,0.68,synthetic
India,Delhi,Google,2023,4,2023-04-01,4.32,154686,0.81,0.4,0.71,synthetic
India,Delhi,Tripadvisor,2023,4,2023-04-01,4.36,135003,0.48,0.31,0.62,synthetic
India,Delhi,Booking,2023,4,2023-04-01,4.37,171834,0.68,0.35,0.59,synthetic
India,Delhi,Google,2023,5,2023-05-01,4.43,127222,0.58,0.36,0.73,synthetic
India,Delhi,Tripadvisor,2023,5,2023-05-01,4.27,136042,0.64,0.35,0.58,synthetic
India,Delhi,Booking,2023,5,2023-05-01,4.37,128202,0.69,0.21,0.69,synthetic
India,Delhi,Google,2023,6,2023-06-01,4.35,178519,0.64,0.24,0.69,synthetic
India,Delhi,Tripadvisor,2023,6,2023-06-01,4.48,170611,0.59,0.22,0.71,synthetic
India,Delhi,Booking,2023,6,2023-06-01,4.39,140038,0.6,0.44,0.7,synthetic
India,Delhi,Google,2023,7,2023-07-01,4.29,197645,0.86,0.35,0.71,synthetic
India,Delhi,Tripadvisor,2023,7,2023-07-01,4.33,170317,0.54,0.16,0.8,synthetic
India,Delhi,Booking,2023,7,2023-07-01,4.27,162290,0.64,0.35,0.63,synthetic
India,Delhi,Google,2023,8,2023-08-01,4.35,159297,0.67,0.3,0.67,synthetic
India,Delhi,Tripadvisor,2023,8,2023-08-01,4.27,194559,0.68,0.32,0.6,synthetic
India,Delhi,Booking,2023,8,2023-08-01,4.29,172865,0.58,0.36,0.58,synthetic
India,Delhi,Google,2023,9,2023-09-01,4.44,173643,0.59,0.35,0.76,synthetic
India,Delhi,Tripadvisor,2023,9,2023-09-01,4.27,188243,0.67,0.23,0.58,synthetic
India,Delhi,Booking,2023,9,2023-09-01,4.41,160665,0.67,0.3,0.65,synthetic
India,Delhi,Google,2023,10,2023-10-01,4.38,152980,0.6,0.54,0.73,synthetic
India,Delhi,Tripadvisor,2023,10,2023-10-01,4.41,207850,0.66,0.31,0.67,synthetic
India,Delhi,Booking,2023,10,2023-10-01,4.32,118202,0.72,0.17,0.71,synthetic
India,Delhi,Google,2023,11,2023-11-01,4.35,159102,0.59,0.44,0.73,synthetic
India,Delhi,Tripadvisor,2023,11,2023-11-01,4.35,139790,0.74,0.2,0.6,synthetic
India,Delhi,Booking,2023,11,2023-11-01,4.38,179606,0.54,0.34,0.67,synthetic
India,Delhi,Google,2023,12,2023-12-01,4.39,177285,0.56,0.2,0.62,synthetic
India,Delhi,Tripadvisor,2023,12,2023-12-01,4.41,135323,0.66,0.38,0.68,synthetic
India,Delhi,Booking,2023,12,2023-12-01,4.34,175480,0.48,0.21,0.66,synthetic
India,Delhi,Google,2024,1,2024-01-01,4.43,201940,0.59,0.23,0.77,synthetic
India,Delhi,Tripadvisor,2024,1,2024-01-01,4.25,174259,0.59,0.43,0.69,synthetic
India,Delhi,Booking,2024,1,2024-01-01,4.29,172635,0.51,0.27,0.68,synthetic
India,Delhi,Google,2024,2,2024-02-01,4.33,173168,0.74,0.45,0.68,synthetic
India,Delhi,Tripadvisor,2024,2,2024-02-01,4.36,146744,0.84,0.35,0.69,synthetic
India,Delhi,Booking,2024,2,2024-02-01,4.36,176554,0.72,0.39,0.76,synthetic
India,Delhi,Google,2024,3,2024-03-01,4.37,204854,0.76,0.29,0.6,synthetic
India,Delhi,Tripadvisor,2024,3,2024-03-01,4.36,200879,0.48,0.31,0.69,synthetic
India,Delhi,Booking,2024,3,2024-03-01,4.41,161355,0.47,0.36,0.67,synthetic
India,Delhi,Google,2024,4,2024-04-01,4.24,206604,0.74,0.49,0.66,synthetic
India,Delhi,Tripadvisor,2024,4,2024-04-01,4.39,176735,0.57,0.35,0.67,synthetic
India,Delhi,Booking,2024,4,2024-04-01,4.29,162483,0.79,0.18,0.58,synthetic
India,Delhi,Google,2024,5,2024-05-01,4.39,160801,0.67,0.4,0.72,synthetic
India,Delhi,Tripadvisor,2024,5,2024-05-01,4.31,195283,0.71,0.3,0.66,synthetic
India,Delhi,Booking,2024,5,2024-05-01,4.37,162894,0.36,0.38,0.72,synthetic
India,Delhi,Google,2024,6,2024-06-01,4.21,179601,0.86,0.19,0.6,synthetic
India,Delhi,Tripadvisor,2024,6,2024-06-01,4.34,202949,0.77,0.21,0.69,synthetic
India,Delhi,Booking,2024,6,2024-06-01,4.49,156544,0.6,0.35,0.71,synthetic
India,Delhi,Google,2024,7,2024-07-01,4.46,159631,0.39,0.25,0.76,synthetic
India,Delhi,Tripadvisor,2024,7,2024-07-01,4.3,175367,0.68,0.18,0.62,synthetic
India,Delhi,Booking,2024,7,2024-07-01,4.37,183494,0.52,0.32,0.67,synthetic
India,Delhi,Google,2024,8,2024-08-01,4.39,179778,0.54,0.35,0.68,synthetic
India,Delhi,Tripadvisor,2024,8,2024-08-01,4.38,178801,0.96,0.27,0.68,synthetic
India,Delhi,Booking,2024,8,2024-08-01,4.31,148256,0.53,0.37,0.69,synthetic
India,Delhi,Google,2024,9,2024-09-01,4.37,163224,0.53,0.21,0.66,synthetic
India,Delhi,Tripadvisor,2024,9,2024-09-01,4.27,196805,0.88,0.11,0.65,synthetic
India,Delhi,Booking,2024,9,2024-09-01,4.37,173471,0.51,0.4,0.7,synthetic
India,Delhi,Google,2024,10,2024-10-01,4.41,154253,0.39,0.34,0.66,synthetic
India,Delhi,Tripadvisor,2024,10,2024-10-01,4.41,126043,0.53,0.24,0.69,synthetic
India,Delhi,Booking,2024,10,2024-10-01,4.37,177277,0.7,0.38,0.67,synthetic
India,Delhi,Google,2024,11,2024-11-01,4.48,197399,0.55,0.29,0.72,synthetic
India,Delhi,Tripadvisor,2024,11,2024-11-01,4.37,149492,0.48,0.08,0.67,synthetic
India,Delhi,Booking,2024,11,2024-11-01,4.41,166141,0.59,0.33,0.66,synthetic
India,Delhi,Google,2024,12,2024-12-01,4.35,187311,0.65,0.4,0.74,synthetic
India,Delhi,Tripadvisor,2024,12,2024-12-01,4.39,154743,0.55,0.49,0.71,synthetic
India,Delhi,Booking,2024,12,2024-12-01,4.36,151766,0.59,0.37,0.68,synthetic
India,Delhi,Google,2025,1,2025-01-01,4.32,175497,0.78,0.37,0.69,synthetic
India,Delhi,Tripadvisor,2025,1,2025-01-01,4.38,155962,0.64,0.41,0.68,synthetic
India,Delhi,Booking,2025,1,2025-01-01,4.41,193658,0.72,0.31,0.75,synthetic
India,Delhi,Google,2025,2,2025-02-01,4.26,182489,0.71,0.33,0.69,synthetic
India,Delhi,Tripadvisor,2025,2,2025-02-01,4.34,169825,0.35,0.27,0.7,synthetic
India,Delhi,Booking,2025,2,2025-02-01,4.4,151247,0.78,0.2,0.69,synthetic
India,Delhi,Google,2025,3,2025-03-01,4.32,190867,0.61,0.37,0.75,synthetic
India,Delhi,Tripadvisor,2025,3,2025-03-01,4.37,169187,0.67,0.49,0.72,synthetic
India,Delhi,Booking,2025,3,2025-03-01,4.41,147007,0.66,0.27,0.67,synthetic
India,Delhi,Google,2025,4,2025-04-01,4.35,184135,0.51,0.32,0.67,synthetic
India,Delhi,Tripadvisor,2025,4,2025-04-01,4.39,186730,0.66,0.4,0.72,synthetic
India,Delhi,Booking,2025,4,2025-04-01,4.35,136246,0.68,0.21,0.67,synthetic
India,Delhi,Google,2025,5,2025-05-01,4.37,210842,0.88,0.21,0.62,synthetic
India,Delhi,Tripadvisor,2025,5,2025-05-01,4.37,187054,0.42,0.3,0.71,synthetic
India,Delhi,Booking,2025,5,2025-05-01,4.28,160072,0.5,0.28,0.67,synthetic
India,Delhi,Google,2025,6,2025-06-01,4.33,182972,0.94,0.2,0.63,synthetic
India,Delhi,Tripadvisor,2025,6,2025-06-01,4.39,203317,0.66,0.48,0.71,synthetic
India,Delhi,Booking,2025,6,2025-06-01,4.23,183881,0.51,0.44,0.66,synthetic
India,Mumbai,Google,2023,1,2023-01-01,4.51,264938,0.55,0.29,0.82,synthetic
India,Mumbai,Tripadvisor,2023,1,2023-01-01,4.31,250824,0.76,0.29,0.69,synthetic
India,Mumbai,Booking,2023,1,2023-01-01,4.43,215697,0.48,0.37,0.69,synthetic
India,Mumbai,Google,2023,2,2023-02-01,4.34,241596,0.52,0.18,0.67,synthetic
India,Mumbai,Tripadvisor,2023,2,2023-02-01,4.47,238674,0.44,0.35,0.79,synthetic
India,Mumbai,Booking,2023,2,2023-02-01,4.56,279295,0.45,0.39,0.79,synthetic
India,Mumbai,Google,2023,3,2023-03-01,4.36,246207,0.89,0.42,0.63,synthetic
India,Mumbai,Tripadvisor,2023,3,2023-03-01,4.43,252147,0.34,0.13,0.72,synthetic
India,Mumbai,Booking,2023,3,2023-03-01,4.44,185560,0.66,0.41,0.71,synthetic
India,Mumbai,Google,2023,4,2023-04-01,4.43,254425,0.67,0.13,0.67,synthetic
India,Mumbai,Tripadvisor,2023,4,2023-04-01,4.4,213503,0.82,0.36,0.65,synthetic
India,Mumbai,Booking,2023,4,2023-04-01,4.42,270396,0.5,0.39,0.78,synthetic
India,Mumbai,Google,2023,5,2023-05-01,4.5,243253,0.79,0.25,0.87,synthetic
India,Mumbai,Tripadvisor,2023,5,2023-05-01,4.44,270865,0.55,0.35,0.75,synthetic
India,Mumbai,Booking,2023,5,2023-05-01,4.37,210714,0.57,0.41,0.59,synthetic
India,Mumbai,Google,2023,6,2023-06-01,4.41,275524,0.42,0.43,0.65,synthetic
India,Mumbai,Tripadvisor,2023,6,2023-06-01,4.37,233892,0.88,0.24,0.6,synthetic
India,Mumbai,Booking,2023,6,2023-06-01,4.34,264726,0.4,0.42,0.68,synthetic
India,Mumbai,Google,2023,7,2023-07-01,4.43,246593,0.48,0.31,0.65,synthetic
India,Mumbai,Tripadvisor,2023,7,2023-07-01,4.51,208747,0.67,0.2,0.73,synthetic
India,Mumbai,Booking,2023,7,2023-07-01,4.41,323281,0.6,0.22,0.68,synthetic
India,Mumbai,Google,2023,8,2023-08-01,4.34,233447,0.88,0.33,0.71,synthetic
India,Mumbai,Tripadvisor,2023,8,2023-08-01,4.37,232289,0.63,0.23,0.71,synthetic
India,Mumbai,Booking,2023,8,2023-08-01,4.46,253609,0.58,0.41,0.72,synthetic
India,Mumbai,Google,2023,9,2023-09-01,4.41,279286,0.43,0.13,0.66,synthetic
India,Mumbai,Tripadvisor,2023,9,2023-09-01,4.45,274773,0.5,0.48,0.73,synthetic
India,Mumbai,Booking,2023,9,2023-09-01,4.42,213814,0.89,0.28,0.64,synthetic
India,Mumbai,Google,2023,10,2023-10-01,4.58,249346,0.72,0.47,0.82,synthetic
India,Mumbai,Tripadvisor,2023,10,2023-10-01,4.49,239651,0.71,0.3,0.74,synthetic
India,Mumbai,Booking,2023,10,2023-10-01,4.44,226761,0.68,0.35,0.76,synthetic
India,Mumbai,Google,2023,11,2023-11-01,4.47,295243,0.76,0.28,0.76,synthetic
India,Mumbai,Tripadvisor,2023,11,2023-11-01,4.51,210956,0.9,0.22,0.8,synthetic
India,Mumbai,Booking,2023,11,2023-11-01,4.43,236643,0.4,0.39,0.65,synthetic
India,Mumbai,Google,2023,12,2023-12-01,4.34,271233,0.87,0.23,0.72,synthetic
India,Mumbai,Tripadvisor,2023,12,2023-12-01,4.48,235484,0.8,0.28,0.76,synthetic
India,Mumbai,Booking,2023,12,2023-12-01,4.35,203497,0.78,0.36,0.67,synthetic
India,Mumbai,Google,2024,1,2024-01-01,4.54,315693,0.67,0.15,0.77,synthetic
India,Mumbai,Tripadvisor,2024,1,2024-01-01,4.38,259909,0.46,0.18,0.58,synthetic
India,Mumbai,Booking,2024,1,2024-01-01,4.44,186212,0.55,0.37,0.68,synthetic
India,Mumbai,Google,2024,2,2024-02-01,4.36,255053,0.48,0.32,0.63,synthetic
India,Mumbai,Tripadvisor,2024,2,2024-02-01,4.42,246457,0.6,0.46,0.72,synthetic
India,Mumbai,Booking,2024,2,2024-02-01,4.46,237867,0.63,0.27,0.73,synthetic
India,Mumbai,Google,2024,3,2024-03-01,4.47,241710,0.54,0.25,0.71,synthetic
India,Mumbai,Tripadvisor,2024,3,2024-03-01,4.44,245915,0.82,0.57,0.69,synthetic
India,Mumbai,Booking,2024,3,2024-03-01,4.45,289177,0.56,0.2,0.81,synthetic
India,Mumbai,Google,2024,4,2024-04-01,4.47,266980,0.82,0.38,0.73,synthetic
India,Mumbai,Tripadvisor,2024,4,2024-04-01,4.37,241923,0.78,0.37,0.68,synthetic
India,Mumbai,Booking,2024,4,2024-04-01,4.53,252295,0.75,0.32,0.86,synthetic
India,Mumbai,Google,2024,5,2024-05-01,4.47,258571,0.57,0.3,0.7,synthetic
India,Mumbai,Tripadvisor,2024,5,2024-05-01,4.35,266673,0.52,0.25,0.67,synthetic
India,Mumbai,Booking,2024,5,2024-05-01,4.43,257374,0.86,0.37,0.82,synthetic
India,Mumbai,Google,2024,6,2024-06-01,4.4,281330,0.54,0.24,0.81,synthetic
India,Mumbai,Tripadvisor,2024,6,2024-06-01,4.38,188280,0.49,0.1,0.64,synthetic
India,Mumbai,Booking,2024,6,2024-06-01,4.38,258235,0.29,0.42,0.59,synthetic
India,Mumbai,Google,2024,7,2024-07-01,4.42,247144,0.72,0.34,0.77,synthetic
India,Mumbai,Tripadvisor,2024,7,2024-07-01,4.41,242805,0.66,0.4,0.74,synthetic
India,Mumbai,Booking,2024,7,2024-07-01,4.45,264326,0.59,0.34,0.83,synthetic
India,Mumbai,Google,2024,8,2024-08-01,4.41,245899,0.53,0.34,0.6,synthetic
India,Mumbai,Tripadvisor,2024,8,2024-08-01,4.42,284321,0.52,0.32,0.82,synthetic
India,Mumbai,Booking,2024,8,2024-08-01,4.45,188049,0.39,0.27,0.68,synthetic
India,Mumbai,Google,2024,9,2024-09-01,4.43,248057,0.77,0.19,0.71,synthetic
India,Mumbai,Tripadvisor,2024,9,2024-09-01,4.44,267673,0.62,0.06,0.72,synthetic
India,Mumbai,Booking,2024,9,2024-09-01,4.42,283811,0.71,0.32,0.73,synthetic
India,Mumbai,Google,2024,10,2024-10-01,4.51,292642,0.64,0.51,0.72,synthetic
India,Mumbai,Tripadvisor,2024,10,2024-10-01,4.36,256812,0.54,0.05,0.65,synthetic
India,Mumbai,Booking,2024,10,2024-10-01,4.45,255356,0.48,0.3,0.73,synthetic
India,Mumbai,Google,2024,11,2024-11-01,4.47,237351,0.73,0.19,0.71,synthetic
India,Mumbai,Tripadvisor,2024,11,2024-11-01,4.53,225552,0.5,0.17,0.72,synthetic
India,Mumbai,Booking,2024,11,2024-11-01,4.44,278949,0.6,0.27,0.66,synthetic
India,Mumbai,Google,2024,12,2024-12-01,4.38,209439,0.71,0.38,0.69,synthetic
India,Mumbai,Tripadvisor,2024,12,2024-12-01,4.45,284185,0.62,0.44,0.68,synthetic
India,Mumbai,Booking,2024,12,2024-12-01,4.41,242713,0.7,0.16,0.78,synthetic
India,Mumbai,Google,2025,1,2025-01-01,4.46,334205,0.59,0.24,0.76,synthetic
India,Mumbai,Tripadvisor,2025,1,2025-01-01,4.49,252516,0.3,0.12,0.76,synthetic
India,Mumbai,Booking,2025,1,2025-01-01,4.52,233080,0.56,0.27,0.86,synthetic
India,Mumbai,Google,2025,2,2025-02-01,4.56,290262,0.73,0.39,0.72,synthetic
India,Mumbai,Tripadvisor,2025,2,2025-02-01,4.47,242401,0.57,0.41,0.74,synthetic
India,Mumbai,Booking,2025,2,2025-02-01,4.49,319256,0.34,0.08,0.81,synthetic
India,Mumbai,Google,2025,3,2025-03-01,4.5,284699,0.66,0.39,0.79,synthetic
India,Mumbai,Tripadvisor,2025,3,2025-03-01,4.41,307874,0.55,0.32,0.71,synthetic
India,Mumbai,Booking,2025,3,2025-03-01,4.38,251569,0.94,0.21,0.71,synthetic
India,Mumbai,Google,2025,4,2025-04-01,4.46,274397,0.7,0.33,0.69,synthetic
India,Mumbai,Tripadvisor,2025,4,2025-04-01,4.46,258141,0.86,0.34,0.7,synthetic
India,Mumbai,Booking,2025,4,2025-04-01,4.45,245542,0.64,0.28,0.68,synthetic
India,Mumbai,Google,2025,5,2025-05-01,4.38,356896,0.61,0.26,0.66,synthetic
India,Mumbai,Tripadvisor,2025,5,2025-05-01,4.46,255032,0.44,0.3,0.73,synthetic
India,Mumbai,Booking,2025,5,2025-05-01,4.4,246654,0.54,0.25,0.67,synthetic
India,Mumbai,Google,2025,6,2025-06-01,4.44,349979,0.8,0.49,0.69,synthetic
India,Mumbai,Tripadvisor,2025,6,2025-06-01,4.53,283727,0.75,0.35,0.75,synthetic
India,Mumbai,Booking,2025,6,2025-06-01,4.47,292267,0.33,0.29,0.78,synthetic
Thailand,Bangkok,Google,2023,1,2023-01-01,3.99,131343,0.59,0.28,0.46,synthetic
Thailand,Bangkok,Tripadvisor,2023,1,2023-01-01,4.09,132708,0.64,0.51,0.57,synthetic
Thailand,Bangkok,Booking,2023,1,2023-01-01,4.11,131599,0.55,0.19,0.56,synthetic
Thailand,Bangkok,Google,2023,2,2023-02-01,3.87,131592,0.65,0.28,0.43,synthetic
Thailand,Bangkok,Tripadvisor,2023,2,2023-02-01,3.96,148613,0.55,0.2,0.51,synthetic
Thailand,Bangkok,Booking,2023,2,2023-02-01,4.04,121946,0.53,0.3,0.59,synthetic
Thailand,Bangkok,Google,2023,3,2023-03-01,4.06,126899,0.73,0.3,0.55,synthetic
Thailand,Bangkok,Tripadvisor,2023,3,2023-03-01,4.04,136444,0.53,0.19,0.57,synthetic
Thailand,Bangkok,Booking,2023,3,2023-03-01,4.12,110729,0.63,0.26,0.61,synthetic
Thailand,Bangkok,Google,2023,4,2023-04-01,4.05,178306,0.55,0.45,0.61,synthetic
Thailand,Bangkok,Tripadvisor,2023,4,2023-04-01,4.07,127993,0.61,0.3,0.59,synthetic
Thailand,Bangkok,Booking,2023,4,2023-04-01,3.98,124964,0.56,0.13,0.53,synthetic
Thailand,Bangkok,Google,2023,5,2023-05-01,4.1,117728,0.75,0.14,0.55,synthetic
Thailand,Bangkok,Tripadvisor,2023,5,2023-05-01,4.03,128767,0.61,0.29,0.49,synthetic
Thailand,Bangkok,Booking,2023,5,2023-05-01,4.03,148271,0.51,0.53,0.48,synthetic
Thailand,Bangkok,Google,2023,6,2023-06-01,4.05,136160,0.56,0.44,0.55,synthetic
Thailand,Bangkok,Tripadvisor,2023,6,2023-06-01,4.02,148394,0.45,0.24,0.54,synthetic
Thailand,Bangkok,Booking,2023,6,2023-06-01,4.08,132359,0.58,0.27,0.6,synthetic
Thailand,Bangkok,Google,2023,7,2023-07-01,4.05,114088,0.46,0.45,0.49,synthetic
Thailand,Bangkok,Tripadvisor,2023,7,2023-07-01,4.05,148082,0.68,0.22,0.47,synthetic
Thailand,Bangkok,Booking,2023,7,2023-07-01,4.15,111505,0.52,0.34,0.56,synthetic
Thailand,Bangkok,Google,2023,8,2023-08-01,4.07,104982,0.57,0.37,0.57,synthetic
Thailand,Bangkok,Tripadvisor,2023,8,2023-08-01,4.0,111802,0.63,0.17,0.56,synthetic
Thailand,Bangkok,Booking,2023,8,2023-08-01,4.04,116770,0.44,0.24,0.44,synthetic
Thailand,Bangkok,Google,2023,9,2023-09-01,4.06,115149,0.66,0.35,0.58,synthetic
Thailand,Bangkok,Tripadvisor,2023,9,2023-09-01,4.05,144632,0.81,0.33,0.54,synthetic
Thailand,Bangkok,Booking,2023,9,2023-09-01,4.0,112324,0.79,0.36,0.53,synthetic
Thailand,Bangkok,Google,2023,10,2023-10-01,4.0,152257,0.57,0.22,0.47,synthetic
Thailand,Bangkok,Tripadvisor,2023,10,2023-10-01,4.13,110436,0.49,0.59,0.61,synthetic
Thailand,Bangkok,Booking,2023,10,2023-10-01,3.99,110889,0.35,0.31,0.53,synthetic
Thailand,Bangkok,Google,2023,11,2023-11-01,4.12,98464,0.4,0.29,0.7,synthetic
Thailand,Bangkok,Tripadvisor,2023,11,2023-11-01,4.09,133126,0.42,0.09,0.55,synthetic
Thailand,Bangkok,Booking,2023,11,2023-11-01,4.03,123330,0.54,0.23,0.46,synthetic
Thailand,Bangkok,Google,2023,12,2023-12-01,4.12,113869,0.56,0.3,0.59,synthetic
Thailand,Bangkok,Tripadvisor,2023,12,2023-12-01,3.98,142381,0.51,0.28,0.57,synthetic
Thailand,Bangkok,Booking,2023,12,2023-12-01,3.98,138449,0.75,0.33,0.48,synthetic
Thailand,Bangkok,Google,2024,1,2024-01-01,4.16,137391,0.63,0.27,0.59,synthetic
Thailand,Bangkok,Tripadvisor,2024,1,2024-01-01,4.09,133073,0.28,0.35,0.49,synthetic
Thailand,Bangkok,Booking,2024,1,2024-01-01,4.08,137598,0.74,0.21,0.51,synthetic
Thailand,Bangkok,Google,2024,2,2024-02-01,4.01,113141,0.77,0.14,0.56,synthetic
Thailand,Bangkok,Tripadvisor,2024,2,2024-02-01,4.06,134335,0.65,0.33,0.51,synthetic
Thailand,Bangkok,Booking,2024,2,2024-02-01,4.05,149695,0.46,0.33,0.39,synthetic
Thailand,Bangkok,Google,2024,3,2024-03-01,3.92,146942,0.54,0.21,0.46,synthetic
Thailand,Bangkok,Tripadvisor,2024,3,2024-03-01,4.01,121293,0.35,0.1,0.54,synthetic
Thailand,Bangkok,Booking,2024,3,2024-03-01,4.01,153631,0.54,0.34,0.5,synthetic
Thailand,Bangkok,Google,2024,4,2024-04-01,4.04,139156,0.53,0.18,0.56,synthetic
Thailand,Bangkok,Tripadvisor,2024,4,2024-04-01,4.13,165021,0.52,0.23,0.54,synthetic
Thailand,Bangkok,Booking,2024,4,2024-04-01,4.02,136753,0.45,0.15,0.51,synthetic
Thailand,Bangkok,Google,2024,5,2024-05-01,3.82,135957,0.46,0.38,0.46,synthetic
Thailand,Bangkok,Tripadvisor,2024,5,2024-05-01,4.1,131898,0.43,0.22,0.56,synthetic
Thailand,Bangkok,Booking,2024,5,2024-05-01,3.93,160633,0.55,0.35,0.38,synthetic
Thailand,Bangkok,Google,2024,6,2024-06-01,3.98,106148,0.75,0.28,0.52,synthetic
Thailand,Bangkok,Tripadvisor,2024,6,2024-06-01,4.04,145356,0.55,0.28,0.51,synthetic
Thailand,Bangkok,Booking,2024,6,2024-06-01,4.06,144756,1.02,0.47,0.44,synthetic
Thailand,Bangkok,Google,2024,7,2024-07-01,4.02,130916,0.79,0.27,0.54,synthetic
Thailand,Bangkok,Tripadvisor,2024,7,2024-07-01,3.89,112623,0.91,0.31,0.4,synthetic
Thailand,Bangkok,Booking,2024,7,2024-07-01,4.05,120229,0.56,0.15,0.48,synthetic
Thailand,Bangkok,Google,2024,8,2024-08-01,4.01,156127,0.67,0.36,0.5,synthetic
Thailand,Bangkok,Tripadvisor,2024,8,2024-08-01,4.08,123194,0.49,0.34,0.53,synthetic
Thailand,Bangkok,Booking,2024,8,2024-08-01,4.03,134909,0.79,0.43,0.49,synthetic
Thailand,Bangkok,Google,2024,9,2024-09-01,3.93,125870,0.47,0.38,0.51,synthetic
Thailand,Bangkok,Tripadvisor,2024,9,2024-09-01,3.97,125159,0.38,0.31,0.48,synthetic
Thailand,Bangkok,Booking,2024,9,2024-09-01,4.08,145829,0.69,0.15,0.51,synthetic
Thailand,Bangkok,Google,2024,10,2024-10-01,4.09,128725,0.36,0.38,0.52,synthetic
Thailand,Bangkok,Tripadvisor,2024,10,2024-10-01,4.1,137315,0.56,0.44,0.48,synthetic
Thailand,Bangkok,Booking,2024,10,2024-10-01,4.12,127061,0.62,0.32,0.54,synthetic
Thailand,Bangkok,Google,2024,11,2024-11-01,3.99,131512,0.45,0.5,0.47,synthetic
Thailand,Bangkok,Tripadvisor,2024,11,2024-11-01,4.1,154583,0.65,0.29,0.56,synthetic
Thailand,Bangkok,Booking,2024,11,2024-11-01,4.07,139279,0.36,0.12,0.61,synthetic
Thailand,Bangkok,Google,2024,12,2024-12-01,3.88,140851,0.56,0.32,0.38,synthetic
Thailand,Bangkok,Tripadvisor,2024,12,2024-12-01,4.05,141022,1.01,0.31,0.59,synthetic
Thailand,Bangkok,Booking,2024,12,2024-12-01,3.94,154466,0.63,0.33,0.49,synthetic
Thailand,Bangkok,Google,2025,1,2025-01-01,4.14,152339,0.48,0.24,0.61,synthetic
Thailand,Bangkok,Tripadvisor,2025,1,2025-01-01,4.06,120667,0.68,0.19,0.55,synthetic
Thailand,Bangkok,Booking,2025,1,2025-01-01,3.99,142821,0.52,0.45,0.51,synthetic
Thailand,Bangkok,Google,2025,2,2025-02-01,4.11,199168,0.61,0.45,0.52,synthetic
Thailand,Bangkok,Tripadvisor,2025,2,2025-02-01,4.11,133490,0.6,0.35,0.59,synthetic
Thailand,Bangkok,Booking,2025,2,2025-02-01,3.96,132435,0.69,0.26,0.41,synthetic
Thailand,Bangkok,Google,2025,3,2025-03-01,4.03,145703,0.63,0.35,0.54,synthetic
Thailand,Bangkok,Tripadvisor,2025,3,2025-03-01,3.99,140527,0.74,0.25,0.47,synthetic
Thailand,Bangkok,Booking,2025,3,2025-03-01,3.94,147305,0.65,0.1,0.42,synthetic
Thailand,Bangkok,Google,2025,4,2025-04-01,3.95,161797,0.31,0.29,0.51,synthetic
Thailand,Bangkok,Tripadvisor,2025,4,2025-04-01,4.04,140010,0.65,0.4,0.52,synthetic
Thailand,Bangkok,Booking,2025,4,2025-04-01,3.9,168172,0.66,0.3,0.35,synthetic
Thailand,Bangkok,Google,2025,5,2025-05-01,4.02,132285,0.42,0.29,0.48,synthetic
Thailand,Bangkok,Tripadvisor,2025,5,2025-05-01,4.01,160933,0.64,0.25,0.47,synthetic
Thailand,Bangkok,Booking,2025,5,2025-05-01,4.01,143425,0.69,0.2,0.58,synthetic
Thailand,Bangkok,Google,2025,6,2025-06-01,4.07,99249,0.61,0.4,0.55,synthetic
Thailand,Bangkok,Tripadvisor,2025,6,2025-06-01,4.01,146730,0.63,0.38,0.43,synthetic
Thailand,Bangkok,Booking,2025,6,2025-06-01,4.0,176878,0.6,0.45,0.65,synthetic
Vietnam,Ho Chi Minh City,Google,2023,1,2023-01-01,4.07,222636,0.76,0.42,0.65,synthetic
Vietnam,Ho Chi Minh City,Tripadvisor,2023,1,2023-01-01,4.14,243432,0.49,0.05,0.57,synthetic
Vietnam,Ho Chi Minh City,Booking,2023,1,2023-01-01,4.07,247717,0.32,0.23,0.55,synthetic
Vietnam,Ho Chi Minh City,Google,2023,2,2023-02-01,4.16,228654,0.88,0.46,0.55,synthetic
Vietnam,Ho Chi Minh City,Tripadvisor,2023,2,2023-02-01,4.24,278593,0.58,0.3,0.61,synthetic
Vietnam,Ho Chi Minh City,Booking,2023,2,2023-02-01,4.1,214905,0.8,0.34,0.52,synthetic
Vietnam,Ho Chi Minh City,Google,2023,3,2023-03-01,4.08,209043,0.58,0.39,0.5,synthetic
Vietnam,Ho Chi Minh City,Tripadvisor,2023,3,2023-03-01,4.19,235399,0.62,0.4,0.64,synthetic
Vietnam,Ho Chi Minh City,Booking,2023,3,2023-03-01,4.05,200049,0.57,0.34,0.6,synthetic
Vietnam,Ho Chi Minh City,Google,2023,4,2023-04-01,4.14,276978,0.49,0.25,0.56,synthetic
Vietnam,Ho Chi Minh City,Tripadvisor,2023,4,2023-04-01,4.09,261958,0.18,0.25,0.6,synthetic
Vietnam,Ho Chi Minh City,Booking,2023,4,2023-04-01,4.12,259571,0.93,0.31,0.62,synthetic
Vietnam,Ho Chi Minh City,Google,2023,5,2023-05-01,4.28,241059,0.59,0.39,0.7,synthetic
Vietnam,Ho Chi Minh City,Tripadvisor,2023,5,2023-05-01,4.14,216612,0.86,0.27,0.63,synthetic
Vietnam,Ho Chi Minh City,Booking,2023,5,2023-05-01,4.15,280380,0.47,0.21,0.62,synthetic
Vietnam,Ho Chi Minh City,Google,2023,6,2023-06-01,4.07,233182,0.83,0.12,0.56,synthetic
Vietnam,Ho Chi Minh City,Tripadvisor,2023,6,2023-06-01,4.21,229249,0.46,0.27,0.56,synthetic
Vietnam,Ho Chi Minh City,Booking,2023,6,2023-06-01,4.14,222328,0.52,0.35,0.65,synthetic
Vietnam,Ho Chi Minh City,Google,2023,7,2023-07-01,4.16,267043,0.84,0.24,0.59,synthetic
Vietnam,Ho Chi Minh City,Tripadvisor,2023,7,2023-07-01,4.11,189062,0.65,0.19,0.58,synthetic
Vietnam,Ho Chi Minh City,Booking,2023,7,2023-07-01,4.05,234682,0.36,0.37,0.5,synthetic
Vietnam,Ho Chi Minh City,Google,2023,8,2023-08-01,4.11,261050,0.55,0.31,0.54,synthetic
Vietnam,Ho Chi Minh City,Tripadvisor,2023,8,2023-08-01,4.17,258744,0.73,0.25,0.64,synthetic
Vietnam,Ho Chi Minh City,Booking,2023,8,2023-08-01,4.08,209474,0.58,0.4,0.48,synthetic
Vietnam,Ho Chi Minh City,Google,2023,9,2023-09-01,4.19,228453,0.53,0.41,0.56,synthetic
Vietnam,Ho Chi Minh City,Tripadvisor,2023,9,2023-09-01,4.28,225089,0.62,0.45,0.65,synthetic
Vietnam,Ho Chi Minh City,Booking,2023,9,2023-09-01,4.21,176065,0.53,0.34,0.66,synthetic
Vietnam,Ho Chi Minh City,Google,2023,10,2023-10-01,4.18,248619,0.76,0.35,0.49,synthetic
Vietnam,Ho Chi Minh City,Tripadvisor,2023,10,2023-10-01,4.23,206848,0.65,0.32,0.61,synthetic
Vietnam,Ho Chi Minh City,Booking,2023,10,2023-10-01,4.07,176464,0.45,0.38,0.46,synthetic
Vietnam,Ho Chi Minh City,Google,2023,11,2023-11-01,4.09,241500,0.45,0.25,0.55,synthetic
Vietnam,Ho Chi Minh City,Tripadvisor,2023,11,2023-11-01,4.16,201065,0.62,0.34,0.51,synthetic
Vietnam,Ho Chi Minh City,Booking,2023,11,2023-11-01,4.15,210189,0.62,0.37,0.57,synthetic
Vietnam,Ho Chi Minh City,Google,2023,12,2023-12-01,4.19,251787,0.74,0.34,0.65,synthetic
Vietnam,Ho Chi Minh City,Tripadvisor,2023,12,2023-12-01,4.16,183954,0.48,0.28,0.58,synthetic
Vietnam,Ho Chi Minh City,Booking,2023,12,2023-12-01,4.16,207695,0.9,0.29,0.58,synthetic
Vietnam,Ho Chi Minh City,Google,2024,1,2024-01-01,4.1,218457,0.58,0.3,0.54,synthetic
Vietnam,Ho Chi Minh City,Tripadvisor,2024,1,2024-01-01,4.24,244596,0.59,0.38,0.61,synthetic
Vietnam,Ho Chi Minh City,Booking,2024,1,2024-01-01,4.17,210241,0.41,0.31,0.57,synthetic
Vietnam,Ho Chi Minh City,Google,2024,2,2024-02-01,4.09,251992,0.63,0.23,0.52,synthetic
Vietnam,Ho Chi Minh City,Tripadvisor,2024,2,2024-02-01,4.15,217929,0.51,0.35,0.57,synthetic
Vietnam,Ho Chi Minh City,Booking,2024,2,2024-02-01,4.11,221446,0.45,0.29,0.66,synthetic
Vietnam,Ho Chi Minh City,Google,2024,3,2024-03-01,4.17,208637,0.71,0.22,0.59,synthetic
Vietnam,Ho Chi Minh City,Tripadvisor,2024,3,2024-03-01,4.1,308645,0.43,0.33,0.52,synthetic
Vietnam,Ho Chi Minh City,Booking,2024,3,2024-03-01,4.18,257107,0.79,0.37,0.56,synthetic
Vietnam,Ho Chi Minh City,Google,2024,4,2024-04-01,4.31,264914,0.52,0.32,0.69,synthetic
Vietnam,Ho Chi Minh City,Tripadvisor,2024,4,2024-04-01,4.17,263144,0.74,0.39,0.54,synthetic
Vietnam,Ho Chi Minh City,Booking,2024,4,2024-04-01,4.26,307040,0.72,0.3,0.64,synthetic
Vietnam,Ho Chi Minh City,Google,2024,5,2024-05-01,4.12,242567,0.27,0.45,0.62,synthetic
Vietnam,Ho Chi Minh City,Tripadvisor,2024,5,2024-05-01,4.04,274885,0.6,0.28,0.54,synthetic
Vietnam,Ho Chi Minh City,Booking,2024,5,2024-05-01,4.03,248025,0.61,0.31,0.45,synthetic
Vietnam,Ho Chi Minh City,Google,2024,6,2024-06-01,4.17,279947,0.66,0.28,0.72,synthetic
Vietnam,Ho Chi Minh City,Tripadvisor,2024,6,2024-06-01,4.08,271412,0.64,0.5,0.56,synthetic
Vietnam,Ho Chi Minh City,Booking,2024,6,2024-06-01,4.17,263433,0.44,0.21,0.57,synthetic
Vietnam,Ho Chi Minh City,Google,2024,7,2024-07-01,4.2,255308,0.57,0.44,0.5,synthetic
Vietnam,Ho Chi Minh City,Tripadvisor,2024,7,2024-07-01,4.06,173954,0.78,0.29,0.58,synthetic
Vietnam,Ho Chi Minh City,Booking,2024,7,2024-07-01,4.13,278855,0.58,0.34,0.58,synthetic
Vietnam,Ho Chi Minh City,Google,2024,8,2024-08-01,4.16,298571,0.36,0.29,0.59,synthetic
Vietnam,Ho Chi Minh City,Tripadvisor,2024,8,2024-08-01,4.14,236502,0.52,0.45,0.57,synthetic
Vietnam,Ho Chi Minh City,Booking,2024,8,2024-08-01,4.28,264105,0.56,0.36,0.65,synthetic
Vietnam,Ho Chi Minh City,Google,2024,9,2024-09-01,4.22,213559,0.33,0.34,0.65,synthetic
Vietnam,Ho Chi Minh City,Tripadvisor,2024,9,2024-09-01,4.16,268403,0.68,0.15,0.59,synthetic
Vietnam,Ho Chi Minh City,Booking,2024,9,2024-09-01,4.22,253480,0.4,0.27,0.64,synthetic
Vietnam,Ho Chi Minh City,Google,2024,10,2024-10-01,4.25,190055,0.65,0.21,0.65,synthetic
Vietnam,Ho Chi Minh City,Tripadvisor,2024,10,2024-10-01,4.17,241412,0.69,0.41,0.58,synthetic
Vietnam,Ho Chi Minh City,Booking,2024,10,2024-10-01,4.06,290847,0.72,0.36,0.49,synthetic
Vietnam,Ho Chi Minh City,Google,2024,11,2024-11-01,4.2,309232,0.58,0.31,0.55,synthetic
Vietnam,Ho Chi Minh City,Tripadvisor,2024,11,2024-11-01,4.1,216335,0.62,0.27,0.57,synthetic
Vietnam,Ho Chi Minh City,Booking,2024,11,2024-11-01,4.08,243367,0.46,0.32,0.46,synthetic
Vietnam,Ho Chi Minh City,Google,2024,12,2024-12-01,4.15,240054,0.63,0.13,0.61,synthetic
Vietnam,Ho Chi Minh City,Tripadvisor,2024,12,2024-12-01,4.12,254831,0.32,0.18,0.54,synthetic
Vietnam,Ho Chi Minh City,Booking,2024,12,2024-12-01,4.22,264075,0.62,0.21,0.56,synthetic
Vietnam,Ho Chi Minh City,Google,2025,1,2025-01-01,4.16,289187,0.63,0.47,0.54,synthetic
Vietnam,Ho Chi Minh City,Tripadvisor,2025,1,2025-01-01,4.15,212558,0.63,0.45,0.52,synthetic
Vietnam,Ho Chi Minh City,Booking,2025,1,2025-01-01,4.19,312887,0.5,0.35,0.67,synthetic
Vietnam,Ho Chi Minh City,Google,2025,2,2025-02-01,4.15,291941,0.33,0.36,0.6,synthetic
Vietnam,Ho Chi Minh City,Tripadvisor,2025,2,2025-02-01,4.06,235889,0.69,0.27,0.59,synthetic
Vietnam,Ho Chi Minh City,Booking,2025,2,2025-02-01,4.16,268565,0.57,0.33,0.62,synthetic
Vietnam,Ho Chi Minh City,Google,2025,3,2025-03-01,4.17,253217,0.79,0.37,0.6,synthetic
Vietnam,Ho Chi Minh City,Tripadvisor,2025,3,2025-03-01,4.14,282765,0.33,0.32,0.65,synthetic
Vietnam,Ho Chi Minh City,Booking,2025,3,2025-03-01,4.15,269430,0.51,0.35,0.57,synthetic
Vietnam,Ho Chi Minh City,Google,2025,4,2025-04-01,4.22,239112,0.53,0.24,0.7,synthetic
Vietnam,Ho Chi Minh City,Tripadvisor,2025,4,2025-04-01,4.13,249213,0.29,0.21,0.59,synthetic
Vietnam,Ho Chi Minh City,Booking,2025,4,2025-04-01,4.17,245912,0.51,0.49,0.72,synthetic
Vietnam,Ho Chi Minh City,Google,2025,5,2025-05-01,4.21,316672,0.87,0.52,0.59,synthetic
Vietnam,Ho Chi Minh City,Tripadvisor,2025,5,2025-05-01,4.09,325450,0.46,0.2,0.49,synthetic
Vietnam,Ho Chi Minh City,Booking,2025,5,2025-05-01,4.13,203236,0.39,0.24,0.51,synthetic
Vietnam,Ho Chi Minh City,Google,2025,6,2025-06-01,4.2,266971,0.69,0.35,0.59,synthetic
Vietnam,Ho Chi Minh City,Tripadvisor,2025,6,2025-06-01,4.2,281231,0.55,0.13,0.62,synthetic
Vietnam,Ho Chi Minh City,Booking,2025,6,2025-06-01,4.06,278931,0.61,0.16,0.54,synthetic
Malaysia,Kuala Lumpur,Google,2023,1,2023-01-01,4.12,118166,0.69,0.23,0.5,synthetic
Malaysia,Kuala Lumpur,Tripadvisor,2023,1,2023-01-01,4.15,142609,0.69,0.28,0.48,synthetic
Malaysia,Kuala Lumpur,Booking,2023,1,2023-01-01,4.2,98125,0.69,0.51,0.61,synthetic
Malaysia,Kuala Lumpur,Google,2023,2,2023-02-01,4.13,134038,0.63,0.54,0.52,synthetic
Malaysia,Kuala Lumpur,Tripadvisor,2023,2,2023-02-01,4.05,123164,0.86,0.24,0.55,synthetic
Malaysia,Kuala Lumpur,Booking,2023,2,2023-02-01,4.17,140187,0.75,0.44,0.6,synthetic
Malaysia,Kuala Lumpur,Google,2023,3,2023-03-01,4.08,130467,0.55,0.55,0.51,synthetic
Malaysia,Kuala Lumpur,Tripadvisor,2023,3,2023-03-01,4.14,105113,0.62,0.27,0.6,synthetic
Malaysia,Kuala Lumpur,Booking,2023,3,2023-03-01,4.15,150002,0.8,0.29,0.53,synthetic
Malaysia,Kuala Lumpur,Google,2023,4,2023-04-01,4.06,132860,0.62,0.33,0.5,synthetic
Malaysia,Kuala Lumpur,Tripadvisor,2023,4,2023-04-01,4.19,105546,0.51,0.19,0.59,synthetic
Malaysia,Kuala Lumpur,Booking,2023,4,2023-04-01,4.18,123776,0.62,0.37,0.57,synthetic
Malaysia,Kuala Lumpur,Google,2023,5,2023-05-01,4.13,132060,0.43,0.25,0.58,synthetic
Malaysia,Kuala Lumpur,Tripadvisor,2023,5,2023-05-01,4.18,147914,0.91,0.35,0.57,synthetic
Malaysia,Kuala Lumpur,Booking,2023,5,2023-05-01,4.1,126452,0.54,0.34,0.57,synthetic
Malaysia,Kuala Lumpur,Google,2023,6,2023-06-01,4.04,144943,0.32,0.28,0.58,synthetic
Malaysia,Kuala Lumpur,Tripadvisor,2023,6,2023-06-01,4.14,122711,0.9,0.26,0.47,synthetic
Malaysia,Kuala Lumpur,Booking,2023,6,2023-06-01,4.14,100841,0.48,0.36,0.54,synthetic
Malaysia,Kuala Lumpur,Google,2023,7,2023-07-01,4.14,110386,0.73,0.13,0.64,synthetic
Malaysia,Kuala Lumpur,Tripadvisor,2023,7,2023-07-01,4.08,151758,0.47,0.49,0.49,synthetic
Malaysia,Kuala Lumpur,Booking,2023,7,2023-07-01,4.0,128866,0.79,0.38,0.56,synthetic
Malaysia,Kuala Lumpur,Google,2023,8,2023-08-01,4.16,115583,0.71,0.31,0.54,synthetic
Malaysia,Kuala Lumpur,Tripadvisor,2023,8,2023-08-01,4.12,127336,0.81,0.25,0.53,synthetic
Malaysia,Kuala Lumpur,Booking,2023,8,2023-08-01,4.07,157384,0.5,0.43,0.48,synthetic
Malaysia,Kuala Lumpur,Google,2023,9,2023-09-01,4.14,132241,0.79,0.41,0.57,synthetic
Malaysia,Kuala Lumpur,Tripadvisor,2023,9,2023-09-01,4.08,153201,0.5,0.07,0.44,synthetic
Malaysia,Kuala Lumpur,Booking,2023,9,2023-09-01,4.01,137367,0.93,0.1,0.47,synthetic
Malaysia,Kuala Lumpur,Google,2023,10,2023-10-01,4.11,151979,0.48,0.36,0.54,synthetic
Malaysia,Kuala Lumpur,Tripadvisor,2023,10,2023-10-01,4.26,130426,0.65,0.31,0.61,synthetic
Malaysia,Kuala Lumpur,Booking,2023,10,2023-10-01,4.17,110372,0.3,0.28,0.62,synthetic
Malaysia,Kuala Lumpur,Google,2023,11,2023-11-01,4.07,131072,0.42,0.41,0.57,synthetic
Malaysia,Kuala Lumpur,Tripadvisor,2023,11,2023-11-01,4.11,130798,0.39,0.17,0.55,synthetic
Malaysia,Kuala Lumpur,Booking,2023,11,2023-11-01,4.14,136885,0.55,0.37,0.64,synthetic
Malaysia,Kuala Lumpur,Google,2023,12,2023-12-01,4.1,132966,0.57,0.29,0.56,synthetic
Malaysia,Kuala Lumpur,Tripadvisor,2023,12,2023-12-01,4.21,142283,0.72,0.25,0.56,synthetic
Malaysia,Kuala Lumpur,Booking,2023,12,2023-12-01,4.13,147337,0.86,0.05,0.69,synthetic
Malaysia,Kuala Lumpur,Google,2024,1,2024-01-01,4.13,153561,0.34,0.28,0.61,synthetic
Malaysia,Kuala Lumpur,Tripadvisor,2024,1,2024-01-01,4.04,90469,0.65,0.3,0.59,synthetic
Malaysia,Kuala Lumpur,Booking,2024,1,2024-01-01,4.1,137018,0.7,0.4,0.51,synthetic
Malaysia,Kuala Lumpur,Google,2024,2,2024-02-01,4.16,129790,0.6,0.37,0.62,synthetic
Malaysia,Kuala Lumpur,Tripadvisor,2024,2,2024-02-01,4.13,120505,0.32,0.28,0.61,synthetic
Malaysia,Kuala Lumpur,Booking,2024,2,2024-02-01,4.14,142480,0.6,0.33,0.52,synthetic
Malaysia,Kuala Lumpur,Google,2024,3,2024-03-01,4.15,152520,0.55,0.34,0.49,synthetic
Malaysia,Kuala Lumpur,Tripadvisor,2024,3,2024-03-01,4.12,136247,0.79,0.28,0.6,synthetic
Malaysia,Kuala Lumpur,Booking,2024,3,2024-03-01,4.08,100475,0.57,0.32,0.55,synthetic
Malaysia,Kuala Lumpur,Google,2024,4,2024-04-01,4.12,130044,0.55,0.19,0.46,synthetic
Malaysia,Kuala Lumpur,Tripadvisor,2024,4,2024-04-01,4.1,126077,0.76,0.08,0.57,synthetic
Malaysia,Kuala Lumpur,Booking,2024,4,2024-04-01,4.24,135421,0.6,0.34,0.64,synthetic
Malaysia,Kuala Lumpur,Google,2024,5,2024-05-01,4.08,121706,0.7,0.11,0.58,synthetic
Malaysia,Kuala Lumpur,Tripadvisor,2024,5,2024-05-01,4.08,138510,0.52,0.44,0.55,synthetic
Malaysia,Kuala Lumpur,Booking,2024,5,2024-05-01,4.09,132645,0.58,0.54,0.48,synthetic
Malaysia,Kuala Lumpur,Google,2024,6,2024-06-01,4.17,147898,0.83,0.36,0.59,synthetic
Malaysia,Kuala Lumpur,Tripadvisor,2024,6,2024-06-01,4.17,142276,0.71,0.44,0.59,synthetic
Malaysia,Kuala Lumpur,Booking,2024,6,2024-06-01,4.08,127762,0.67,0.21,0.52,synthetic
Malaysia,Kuala Lumpur,Google,2024,7,2024-07-01,4.05,146905,0.49,0.17,0.47,synthetic
Malaysia,Kuala Lumpur,Tripadvisor,2024,7,2024-07-01,4.07,130478,0.64,0.28,0.56,synthetic
Malaysia,Kuala Lumpur,Booking,2024,7,2024-07-01,4.14,150762,0.31,0.19,0.6,synthetic
Malaysia,Kuala Lumpur,Google,2024,8,2024-08-01,4.12,154691,0.37,0.25,0.55,synthetic
Malaysia,Kuala Lumpur,Tripadvisor,2024,8,2024-08-01,4.12,139055,0.67,0.29,0.63,synthetic
Malaysia,Kuala Lumpur,Booking,2024,8,2024-08-01,4.21,119885,0.61,0.38,0.63,synthetic
Malaysia,Kuala Lumpur,Google,2024,9,2024-09-01,4.08,142693,0.36,0.3,0.47,synthetic
Malaysia,Kuala Lumpur,Tripadvisor,2024,9,2024-09-01,4.14,119917,0.62,0.33,0.57,synthetic
Malaysia,Kuala Lumpur,Booking,2024,9,2024-09-01,4.07,134963,0.78,0.26,0.54,synthetic
Malaysia,Kuala Lumpur,Google,2024,10,2024-10-01,4.07,155413,0.61,0.22,0.54,synthetic
Malaysia,Kuala Lumpur,Tripadvisor,2024,10,2024-10-01,4.09,161597,0.59,0.16,0.57,synthetic
Malaysia,Kuala Lumpur,Booking,2024,10,2024-10-01,4.22,158346,0.43,0.27,0.61,synthetic
Malaysia,Kuala Lumpur,Google,2024,11,2024-11-01,4.11,144788,0.55,0.21,0.6,synthetic
Malaysia,Kuala Lumpur,Tripadvisor,2024,11,2024-11-01,4.04,125131,0.43,0.36,0.53,synthetic
Malaysia,Kuala Lumpur,Booking,2024,11,2024-11-01,4.16,125413,0.41,0.26,0.57,synthetic
Malaysia,Kuala Lumpur,Google,2024,12,2024-12-01,4.12,110506,0.67,0.21,0.53,synthetic
Malaysia,Kuala Lumpur,Tripadvisor,2024,12,2024-12-01,4.18,102185,0.65,0.33,0.55,synthetic
Malaysia,Kuala Lumpur,Booking,2024,12,2024-12-01,4.08,158747,0.89,0.41,0.63,synthetic
Malaysia,Kuala Lumpur,Google,2025,1,2025-01-01,4.07,120517,0.59,0.38,0.44,synthetic
Malaysia,Kuala Lumpur,Tripadvisor,2025,1,2025-01-01,4.05,134164,0.65,0.32,0.49,synthetic
Malaysia,Kuala Lumpur,Booking,2025,1,2025-01-01,4.12,128285,0.54,0.17,0.55,synthetic
Malaysia,Kuala Lumpur,Google,2025,2,2025-02-01,4.06,161035,0.6,0.28,0.62,synthetic
Malaysia,Kuala Lumpur,Tripadvisor,2025,2,2025-02-01,4.13,142145,0.51,0.18,0.56,synthetic
Malaysia,Kuala Lumpur,Booking,2025,2,2025-02-01,4.13,114551,0.4,0.25,0.51,synthetic
Malaysia,Kuala Lumpur,Google,2025,3,2025-03-01,4.11,151966,0.58,0.36,0.53,synthetic
Malaysia,Kuala Lumpur,Tripadvisor,2025,3,2025-03-01,4.11,130810,0.64,0.31,0.49,synthetic
Malaysia,Kuala Lumpur,Booking,2025,3,2025-03-01,4.1,148040,0.64,0.33,0.51,synthetic
Malaysia,Kuala Lumpur,Google,2025,4,2025-04-01,4.15,158049,0.49,0.19,0.54,synthetic
Malaysia,Kuala Lumpur,Tripadvisor,2025,4,2025-04-01,4.02,152427,0.78,0.44,0.46,synthetic
Malaysia,Kuala Lumpur,Booking,2025,4,2025-04-01,4.16,150223,0.24,0.27,0.56,synthetic
Malaysia,Kuala Lumpur,Google,2025,5,2025-05-01,4.18,133172,0.68,0.29,0.52,synthetic
Malaysia,Kuala Lumpur,Tripadvisor,2025,5,2025-05-01,4.07,176048,0.57,0.39,0.58,synthetic
Malaysia,Kuala Lumpur,Booking,2025,5,2025-05-01,4.08,125811,0.43,0.45,0.55,synthetic
Malaysia,Kuala Lumpur,Google,2025,6,2025-06-01,4.0,163598,0.33,0.22,0.51,synthetic
Malaysia,Kuala Lumpur,Tripadvisor,2025,6,2025-06-01,4.26,163277,0.53,0.3,0.68,synthetic
Malaysia,Kuala Lumpur,Booking,2025,6,2025-06-01,4.19,144296,0.57,0.22,0.63,synthetic
Singapore,Singapore,Google,2023,1,2023-01-01,4.57,9362,0.42,0.32,0.72,synthetic
Singapore,Singapore,Tripadvisor,2023,1,2023-01-01,4.61,11156,0.58,0.29,0.82,synthetic
Singapore,Singapore,Booking,2023,1,2023-01-01,4.74,9337,0.54,0.26,0.93,synthetic
Singapore,Singapore,Google,2023,2,2023-02-01,4.68,9487,0.66,0.48,0.84,synthetic
Singapore,Singapore,Tripadvisor,2023,2,2023-02-01,4.67,12123,0.8,0.42,0.81,synthetic
Singapore,Singapore,Booking,2023,2,2023-02-01,4.65,7667,0.74,0.31,0.73,synthetic
Singapore,Singapore,Google,2023,3,2023-03-01,4.76,9433,0.57,0.15,0.9,synthetic
Singapore,Singapore,Tripadvisor,2023,3,2023-03-01,4.71,9774,0.54,0.56,0.8,synthetic
Singapore,Singapore,Booking,2023,3,2023-03-01,4.64,10666,0.45,0.19,0.88,synthetic
Singapore,Singapore,Google,2023,4,2023-04-01,4.72,10402,0.63,0.23,0.85,synthetic
Singapore,Singapore,Tripadvisor,2023,4,2023-04-01,4.68,10829,0.66,0.21,0.88,synthetic
Singapore,Singapore,Booking,2023,4,2023-04-01,4.58,9452,0.43,0.21,0.89,synthetic
Singapore,Singapore,Google,2023,5,2023-05-01,4.6,8864,0.68,0.25,0.81,synthetic
Singapore,Singapore,Tripadvisor,2023,5,2023-05-01,4.77,10603,0.53,0.29,0.91,synthetic
Singapore,Singapore,Booking,2023,5,2023-05-01,4.72,9855,0.65,0.34,0.86,synthetic
Singapore,Singapore,Google,2023,6,2023-06-01,4.65,10707,0.64,0.09,0.78,synthetic
Singapore,Singapore,Tripadvisor,2023,6,2023-06-01,4.66,9593,0.78,0.62,0.7,synthetic
Singapore,Singapore,Booking,2023,6,2023-06-01,4.7,9913,0.57,0.35,0.86,synthetic
Singapore,Singapore,Google,2023,7,2023-07-01,4.66,9865,0.68,0.35,0.84,synthetic
Singapore,Singapore,Tripadvisor,2023,7,2023-07-01,4.65,13156,0.65,0.38,0.8,synthetic
Singapore,Singapore,Booking,2023,7,2023-07-01,4.7,10045,0.31,0.23,0.81,synthetic
Singapore,Singapore,Google,2023,8,2023-08-01,4.65,8568,0.61,0.44,0.83,synthetic
Singapore,Singapore,Tripadvisor,2023,8,2023-08-01,4.61,8614,0.54,0.16,0.82,synthetic
Singapore,Singapore,Booking,2023,8,2023-08-01,4.77,9151,0.61,0.26,0.85,synthetic
Singapore,Singapore,Google,2023,9,2023-09-01,4.7,9048,0.48,0.14,0.85,synthetic
Singapore,Singapore,Tripadvisor,2023,9,2023-09-01,4.75,10665,0.82,0.23,0.92,synthetic
Singapore,Singapore,Booking,2023,9,2023-09-01,4.62,10667,0.85,0.35,0.89,synthetic
Singapore,Singapore,Google,2023,10,2023-10-01,4.65,9672,0.46,0.3,0.84,synthetic
Singapore,Singapore,Tripadvisor,2023,10,2023-10-01,4.69,9271,0.53,0.33,0.84,synthetic
Singapore,Singapore,Booking,2023,10,2023-10-01,4.62,7592,0.51,0.16,0.77,synthetic
Singapore,Singapore,Google,2023,11,2023-11-01,4.66,9658,0.5,0.52,0.77,synthetic
Singapore,Singapore,Tripadvisor,2023,11,2023-11-01,4.76,9639,0.5,0.36,0.86,synthetic
Singapore,Singapore,Booking,2023,11,2023-11-01,4.64,11942,0.27,0.28,0.83,synthetic
Singapore,Singapore,Google,2023,12,2023-12-01,4.77,9360,1.0,0.38,0.77,synthetic
Singapore,Singapore,Tripadvisor,2023,12,2023-12-01,4.6,10110,0.43,0.35,0.78,synthetic
Singapore,Singapore,Booking,2023,12,2023-12-01,4.61,8693,0.73,0.1,0.86,synthetic
Singapore,Singapore,Google,2024,1,2024-01-01,4.75,10195,0.39,0.36,0.85,synthetic
Singapore,Singapore,Tripadvisor,2024,1,2024-01-01,4.59,13049,0.47,0.15,0.81,synthetic
Singapore,Singapore,Booking,2024,1,2024-01-01,4.68,12511,0.54,0.26,0.86,synthetic
Singapore,Singapore,Google,2024,2,2024-02-01,4.7,10910,0.64,0.32,0.83,synthetic
Singapore,Singapore,Tripadvisor,2024,2,2024-02-01,4.73,10158,0.72,0.44,0.83,synthetic
Singapore,Singapore,Booking,2024,2,2024-02-01,4.83,9709,0.49,0.35,0.94,synthetic
Singapore,Singapore,Google,2024,3,2024-03-01,4.69,11660,0.64,0.51,0.84,synthetic
Singapore,Singapore,Tripadvisor,2024,3,2024-03-01,4.63,9914,0.67,0.35,0.83,synthetic
Singapore,Singapore,Booking,2024,3,2024-03-01,4.63,12030,0.89,0.3,0.91,synthetic
Singapore,Singapore,Google,2024,4,2024-04-01,4.74,13444,0.67,0.31,0.91,synthetic
Singapore,Singapore,Tripadvisor,2024,4,2024-04-01,4.66,11136,0.8,0.38,0.83,synthetic
Singapore,Singapore,Booking,2024,4,2024-04-01,4.7,11582,0.71,0.38,0.87,synthetic
Singapore,Singapore,Google,2024,5,2024-05-01,4.64,9770,0.67,0.38,0.85,synthetic
Singapore,Singapore,Tripadvisor,2024,5,2024-05-01,4.64,10424,0.42,0.16,0.83,synthetic
Singapore,Singapore,Booking,2024,5,2024-05-01,4.77,10744,0.89,0.28,0.88,synthetic
Singapore,Singapore,Google,2024,6,2024-06-01,4.63,10175,0.42,0.15,0.75,synthetic
Singapore,Singapore,Tripadvisor,2024,6,2024-06-01,4.69,9678,0.53,0.34,0.77,synthetic
Singapore,Singapore,Booking,2024,6,2024-06-01,4.69,11698,0.74,0.35,0.84,synthetic
Singapore,Singapore,Google,2024,7,2024-07-01,4.65,10512,0.85,0.33,0.82,synthetic
Singapore,Singapore,Tripadvisor,2024,7,2024-07-01,4.72,10680,0.63,0.28,0.84,synthetic
Singapore,Singapore,Booking,2024,7,2024-07-01,4.74,8132,0.67,0.25,0.78,synthetic
Singapore,Singapore,Google,2024,8,2024-08-01,4.63,10571,0.62,0.37,0.85,synthetic
Singapore,Singapore,Tripadvisor,2024,8,2024-08-01,4.59,11098,0.71,0.32,0.82,synthetic
Singapore,Singapore,Booking,2024,8,2024-08-01,4.57,9355,0.8,0.27,0.9,synthetic
Singapore,Singapore,Google,2024,9,2024-09-01,4.61,12609,0.51,0.39,0.79,synthetic
Singapore,Singapore,Tripadvisor,2024,9,2024-09-01,4.69,11376,0.51,0.38,0.83,synthetic
Singapore,Singapore,Booking,2024,9,2024-09-01,4.7,7247,0.55,0.43,0.88,synthetic
Singapore,Singapore,Google,2024,10,2024-10-01,4.74,10685,0.85,0.33,0.84,synthetic
Singapore,Singapore,Tripadvisor,2024,10,2024-10-01,4.74,11792,0.69,0.26,0.88,synthetic
Singapore,Singapore,Booking,2024,10,2024-10-01,4.77,11225,0.38,0.24,0.85,synthetic
Singapore,Singapore,Google,2024,11,2024-11-01,4.64,7927,0.88,0.21,0.78,synthetic
Singapore,Singapore,Tripadvisor,2024,11,2024-11-01,4.57,11721,0.59,0.26,0.77,synthetic
Singapore,Singapore,Booking,2024,11,2024-11-01,4.72,10005,0.3,0.17,0.79,synthetic
Singapore,Singapore,Google,2024,12,2024-12-01,4.7,11802,0.82,0.14,0.88,synthetic
Singapore,Singapore,Tripadvisor,2024,12,2024-12-01,4.65,14342,0.81,0.47,0.86,synthetic
Singapore,Singapore,Booking,2024,12,2024-12-01,4.71,10104,0.51,0.22,0.88,synthetic
Singapore,Singapore,Google,2025,1,2025-01-01,4.78,10915,0.49,0.15,0.9,synthetic
Singapore,Singapore,Tripadvisor,2025,1,2025-01-01,4.76,13154,0.81,0.34,0.88,synthetic
Singapore,Singapore,Booking,2025,1,2025-01-01,4.76,9884,0.53,0.47,0.83,synthetic
Singapore,Singapore,Google,2025,2,2025-02-01,4.68,12267,0.61,0.41,0.92,synthetic
Singapore,Singapore,Tripadvisor,2025,2,2025-02-01,4.71,13306,0.46,0.28,0.98,synthetic
Singapore,Singapore,Booking,2025,2,2025-02-01,4.8,9656,0.6,0.31,0.92,synthetic
Singapore,Singapore,Google,2025,3,2025-03-01,4.76,13920,0.61,0.41,0.91,synthetic
Singapore,Singapore,Tripadvisor,2025,3,2025-03-01,4.68,9080,0.75,0.36,0.86,synthetic
Singapore,Singapore,Booking,2025,3,2025-03-01,4.63,14084,0.62,0.19,0.75,synthetic
Singapore,Singapore,Google,2025,4,2025-04-01,4.73,12371,0.53,0.35,0.9,synthetic
Singapore,Singapore,Tripadvisor,2025,4,2025-04-01,4.69,10444,0.74,0.38,0.87,synthetic
Singapore,Singapore,Booking,2025,4,2025-04-01,4.63,9582,0.61,0.39,0.87,synthetic
Singapore,Singapore,Google,2025,5,2025-05-01,4.72,10787,0.48,0.3,0.86,synthetic
Singapore,Singapore,Tripadvisor,2025,5,2025-05-01,4.75,10747,0.54,0.51,0.95,synthetic
Singapore,Singapore,Booking,2025,5,2025-05-01,4.63,13413,0.43,0.26,0.8,synthetic
Singapore,Singapore,Google,2025,6,2025-06-01,4.68,12252,0.62,0.36,0.82,synthetic
Singapore,Singapore,Tripadvisor,2025,6,2025-06-01,4.71,11512,0.39,0.35,0.86,synthetic
Singapore,Singapore,Booking,2025,6,2025-06-01,4.64,10822,0.54,0.28,0.91,synthetic
Indonesia,Bali,Google,2023,1,2023-01-01,4.55,180484,0.57,0.39,0.86,synthetic
Indonesia,Bali,Tripadvisor,2023,1,2023-01-01,4.43,164527,0.89,0.18,0.71,synthetic
Indonesia,Bali,Booking,2023,1,2023-01-01,4.49,182367,0.78,0.32,0.75,synthetic
Indonesia,Bali,Google,2023,2,2023-02-01,4.41,189578,0.55,0.29,0.75,synthetic
Indonesia,Bali,Tripadvisor,2023,2,2023-02-01,4.53,181434,0.69,0.32,0.78,synthetic
Indonesia,Bali,Booking,2023,2,2023-02-01,4.45,159033,0.76,0.21,0.69,synthetic
Indonesia,Bali,Google,2023,3,2023-03-01,4.46,164908,0.81,0.35,0.62,synthetic
Indonesia,Bali,Tripadvisor,2023,3,2023-03-01,4.55,153337,0.68,0.29,0.73,synthetic
Indonesia,Bali,Booking,2023,3,2023-03-01,4.51,153349,0.65,0.21,0.7,synthetic
Indonesia,Bali,Google,2023,4,2023-04-01,4.56,183474,0.69,0.24,0.74,synthetic
Indonesia,Bali,Tripadvisor,2023,4,2023-04-01,4.47,179229,0.48,0.39,0.77,synthetic
Indonesia,Bali,Booking,2023,4,2023-04-01,4.59,182586,0.68,0.15,0.83,synthetic
Indonesia,Bali,Google,2023,5,2023-05-01,4.52,154675,0.8,0.28,0.73,synthetic
Indonesia,Bali,Tripadvisor,2023,5,2023-05-01,4.58,154056,0.51,0.19,0.75,synthetic
Indonesia,Bali,Booking,2023,5,2023-05-01,4.47,173995,0.45,0.11,0.75,synthetic
Indonesia,Bali,Google,2023,6,2023-06-01,4.48,161611,0.79,0.31,0.81,synthetic
Indonesia,Bali,Tripadvisor,2023,6,2023-06-01,4.51,181494,0.52,0.31,0.71,synthetic
Indonesia,Bali,Booking,2023,6,2023-06-01,4.47,157562,0.4,0.32,0.72,synthetic
Indonesia,Bali,Google,2023,7,2023-07-01,4.53,136410,0.71,0.47,0.84,synthetic
Indonesia,Bali,Tripadvisor,2023,7,2023-07-01,4.63,162752,0.55,0.35,0.8,synthetic
Indonesia,Bali,Booking,2023,7,2023-07-01,4.41,177848,0.56,0.15,0.68,synthetic
Indonesia,Bali,Google,2023,8,2023-08-01,4.5,162157,0.6,0.44,0.69,synthetic
Indonesia,Bali,Tripadvisor,2023,8,2023-08-01,4.51,144848,0.79,0.24,0.74,synthetic
Indonesia,Bali,Booking,2023,8,2023-08-01,4.58,187670,0.82,0.14,0.81,synthetic
Indonesia,Bali,Google,2023,9,2023-09-01,4.53,160932,0.61,0.43,0.82,synthetic
Indonesia,Bali,Tripadvisor,2023,9,2023-09-01,4.57,165948,0.94,0.26,0.7,synthetic
Indonesia,Bali,Booking,2023,9,2023-09-01,4.5,163049,0.8,0.25,0.77,synthetic
Indonesia,Bali,Google,2023,10,2023-10-01,4.43,182941,0.61,0.27,0.82,synthetic
Indonesia,Bali,Tripadvisor,2023,10,2023-10-01,4.58,141722,0.58,0.57,0.89,synthetic
Indonesia,Bali,Booking,2023,10,2023-10-01,4.57,126037,0.8,0.24,0.85,synthetic
Indonesia,Bali,Google,2023,11,2023-11-01,4.47,171426,0.5,0.26,0.77,synthetic
Indonesia,Bali,Tripadvisor,2023,11,2023-11-01,4.44,208027,0.45,0.19,0.75,synthetic
Indonesia,Bali,Booking,2023,11,2023-11-01,4.59,155638,0.44,0.21,0.75,synthetic
Indonesia,Bali,Google,2023,12,2023-12-01,4.53,160568,0.66,0.34,0.81,synthetic
Indonesia,Bali,Tripadvisor,2023,12,2023-12-01,4.49,147583,0.62,0.29,0.76,synthetic
Indonesia,Bali,Booking,2023,12,2023-12-01,4.47,174407,0.42,0.26,0.79,synthetic
Indonesia,Bali,Google,2024,1,2024-01-01,4.45,196922,0.39,0.14,0.65,synthetic
Indonesia,Bali,Tripadvisor,2024,1,2024-01-01,4.52,190193,0.79,0.42,0.8,synthetic
Indonesia,Bali,Booking,2024,1,2024-01-01,4.47,157243,0.72,0.44,0.68,synthetic
Indonesia,Bali,Google,2024,2,2024-02-01,4.59,134582,0.66,0.29,0.79,synthetic
Indonesia,Bali,Tripadvisor,2024,2,2024-02-01,4.52,156965,0.67,0.31,0.81,synthetic
Indonesia,Bali,Booking,2024,2,2024-02-01,4.61,177545,0.48,0.19,0.89,synthetic
Indonesia,Bali,Google,2024,3,2024-03-01,4.61,193504,0.61,0.38,0.87,synthetic
Indonesia,Bali,Tripadvisor,2024,3,2024-03-01,4.48,175507,0.43,0.29,0.82,synthetic
Indonesia,Bali,Booking,2024,3,2024-03-01,4.58,177715,0.2,0.23,0.8,synthetic
Indonesia,Bali,Google,2024,4,2024-04-01,4.5,175570,0.64,0.25,0.75,synthetic
Indonesia,Bali,Tripadvisor,2024,4,2024-04-01,4.51,160124,0.88,0.25,0.64,synthetic
Indonesia,Bali,Booking,2024,4,2024-04-01,4.62,157122,0.73,0.23,0.84,synthetic
Indonesia,Bali,Google,2024,5,2024-05-01,4.51,195875,0.57,0.23,0.77,synthetic
Indonesia,Bali,Tripadvisor,2024,5,2024-05-01,4.49,134396,0.51,0.59,0.66,synthetic
Indonesia,Bali,Booking,2024,5,2024-05-01,4.53,169784,0.88,0.19,0.77,synthetic
Indonesia,Bali,Google,2024,6,2024-06-01,4.56,171119,0.48,0.3,0.76,synthetic
Indonesia,Bali,Tripadvisor,2024,6,2024-06-01,4.5,194414,0.66,0.36,0.77,synthetic
Indonesia,Bali,Booking,2024,6,2024-06-01,4.57,202253,0.56,0.38,0.72,synthetic
Indonesia,Bali,Google,2024,7,2024-07-01,4.38,213210,0.55,0.33,0.63,synthetic
Indonesia,Bali,Tripadvisor,2024,7,2024-07-01,4.44,159920,0.7,0.25,0.7,synthetic
Indonesia,Bali,Booking,2024,7,2024-07-01,4.47,199347,0.73,0.25,0.77,synthetic
Indonesia,Bali,Google,2024,8,2024-08-01,4.5,167798,0.59,0.36,0.71,synthetic
Indonesia,Bali,Tripadvisor,2024,8,2024-08-01,4.55,227301,0.63,0.3,0.77,synthetic
Indonesia,Bali,Booking,2024,8,2024-08-01,4.54,141086,0.86,0.4,0.74,synthetic
Indonesia,Bali,Google,2024,9,2024-09-01,4.52,163185,0.64,0.31,0.77,synthetic
Indonesia,Bali,Tripadvisor,2024,9,2024-09-01,4.45,164776,0.77,0.25,0.59,synthetic
Indonesia,Bali,Booking,2024,9,2024-09-01,4.51,225489,0.73,0.24,0.75,synthetic
Indonesia,Bali,Google,2024,10,2024-10-01,4.56,138025,0.47,0.34,0.86,synthetic
Indonesia,Bali,Tripadvisor,2024,10,2024-10-01,4.49,207767,0.49,0.05,0.78,synthetic
Indonesia,Bali,Booking,2024,10,2024-10-01,4.55,190331,0.7,0.32,0.76,synthetic
Indonesia,Bali,Google,2024,11,2024-11-01,4.5,165220,0.54,0.12,0.69,synthetic
Indonesia,Bali,Tripadvisor,2024,11,2024-11-01,4.51,127855,0.3,0.27,0.75,synthetic
Indonesia,Bali,Booking,2024,11,2024-11-01,4.5,124937,0.83,0.16,0.71,synthetic
Indonesia,Bali,Google,2024,12,2024-12-01,4.44,202143,0.66,0.25,0.69,synthetic
Indonesia,Bali,Tripadvisor,2024,12,2024-12-01,4.53,148722,0.66,0.25,0.79,synthetic
Indonesia,Bali,Booking,2024,12,2024-12-01,4.54,162424,0.29,0.28,0.7,synthetic
Indonesia,Bali,Google,2025,1,2025-01-01,4.52,182053,0.51,0.17,0.82,synthetic
Indonesia,Bali,Tripadvisor,2025,1,2025-01-01,4.49,240881,0.61,0.34,0.75,synthetic
Indonesia,Bali,Booking,2025,1,2025-01-01,4.54,212466,0.77,0.12,0.81,synthetic
Indonesia,Bali,Google,2025,2,2025-02-01,4.55,188645,0.86,0.48,0.82,synthetic
Indonesia,Bali,Tripadvisor,2025,2,2025-02-01,4.48,160957,0.71,0.44,0.64,synthetic
Indonesia,Bali,Booking,2025,2,2025-02-01,4.58,182091,0.33,0.35,0.84,synthetic
Indonesia,Bali,Google,2025,3,2025-03-01,4.49,164003,0.86,0.23,0.81,synthetic
Indonesia,Bali,Tripadvisor,2025,3,2025-03-01,4.42,197213,0.66,0.39,0.79,synthetic
Indonesia,Bali,Booking,2025,3,2025-03-01,4.47,199574,0.4,0.16,0.7,synthetic
Indonesia,Bali,Google,2025,4,2025-04-01,4.54,225633,0.88,0.26,0.79,synthetic
Indonesia,Bali,Tripadvisor,2025,4,2025-04-01,4.57,205088,0.57,0.31,0.78,synthetic
Indonesia,Bali,Booking,2025,4,2025-04-01,4.5,180140,0.58,0.26,0.69,synthetic
Indonesia,Bali,Google,2025,5,2025-05-01,4.57,199473,0.88,0.34,0.76,synthetic
Indonesia,Bali,Tripadvisor,2025,5,2025-05-01,4.48,188904,0.68,0.28,0.67,synthetic
Indonesia,Bali,Booking,2025,5,2025-05-01,4.47,188242,0.71,0.15,0.75,synthetic
Indonesia,Bali,Google,2025,6,2025-06-01,4.53,177657,0.51,0.23,0.77,synthetic
Indonesia,Bali,Tripadvisor,2025,6,2025-06-01,4.58,214834,0.43,0.28,0.68,synthetic
Indonesia,Bali,Booking,2025,6,2025-06-01,4.52,201307,0.84,0.12,0.71,synthetic
Australia,Sydney,Google,2023,1,2023-01-01,4.08,93294,0.69,0.17,0.55,synthetic
Australia,Sydney,Tripadvisor,2023,1,2023-01-01,4.11,106492,0.63,0.24,0.49,synthetic
Australia,Sydney,Booking,2023,1,2023-01-01,4.2,106300,0.48,0.26,0.56,synthetic
Australia,Sydney,Google,2023,2,2023-02-01,4.27,70470,0.79,0.26,0.63,synthetic
Australia,Sydney,Tripadvisor,2023,2,2023-02-01,4.16,94034,0.49,0.41,0.64,synthetic
Australia,Sydney,Booking,2023,2,2023-02-01,4.12,98727,0.55,0.31,0.64,synthetic
Australia,Sydney,Google,2023,3,2023-03-01,4.14,101569,0.67,0.28,0.59,synthetic
Australia,Sydney,Tripadvisor,2023,3,2023-03-01,4.2,78700,0.51,0.2,0.58,synthetic
Australia,Sydney,Booking,2023,3,2023-03-01,4.26,97779,0.39,0.27,0.64,synthetic
Australia,Sydney,Google,2023,4,2023-04-01,4.23,84267,0.41,0.29,0.64,synthetic
Australia,Sydney,Tripadvisor,2023,4,2023-04-01,4.2,81702,0.86,0.29,0.61,synthetic
Australia,Sydney,Booking,2023,4,2023-04-01,4.14,103542,0.69,0.33,0.51,synthetic
Australia,Sydney,Google,2023,5,2023-05-01,4.25,99708,0.75,0.3,0.62,synthetic
Australia,Sydney,Tripadvisor,2023,5,2023-05-01,4.17,116403,0.52,0.18,0.57,synthetic
Australia,Sydney,Booking,2023,5,2023-05-01,4.15,105224,0.4,0.24,0.58,synthetic
Australia,Sydney,Google,2023,6,2023-06-01,4.26,99228,0.84,0.33,0.62,synthetic
Australia,Sydney,Tripadvisor,2023,6,2023-06-01,4.23,76409,0.34,0.4,0.63,synthetic
Australia,Sydney,Booking,2023,6,2023-06-01,4.24,82056,0.79,0.37,0.62,synthetic
Australia,Sydney,Google,2023,7,2023-07-01,4.19,95211,0.47,0.26,0.61,synthetic
Australia,Sydney,Tripadvisor,2023,7,2023-07-01,4.16,75288,0.64,0.38,0.63,synthetic
Australia,Sydney,Booking,2023,7,2023-07-01,4.21,100381,0.75,0.31,0.5,synthetic
Australia,Sydney,Google,2023,8,2023-08-01,4.25,81607,0.43,0.19,0.75,synthetic
Australia,Sydney,Tripadvisor,2023,8,2023-08-01,4.21,79980,0.5,0.3,0.63,synthetic
Australia,Sydney,Booking,2023,8,2023-08-01,4.2,81220,0.65,0.24,0.65,synthetic
Australia,Sydney,Google,2023,9,2023-09-01,4.18,83077,0.7,0.34,0.57,synthetic
Australia,Sydney,Tripadvisor,2023,9,2023-09-01,4.22,98306,0.78,0.37,0.6,synthetic
Australia,Sydney,Booking,2023,9,2023-09-01,4.08,93453,0.65,0.31,0.39,synthetic
Australia,Sydney,Google,2023,10,2023-10-01,4.22,81401,0.7,0.47,0.6,synthetic
Australia,Sydney,Tripadvisor,2023,10,2023-10-01,4.21,91765,0.68,0.31,0.58,synthetic
Australia,Sydney,Booking,2023,10,2023-10-01,4.13,108851,0.67,0.38,0.58,synthetic
Australia,Sydney,Google,2023,11,2023-11-01,4.24,81578,0.61,0.35,0.68,synthetic
Australia,Sydney,Tripadvisor,2023,11,2023-11-01,4.34,95875,0.5,0.18,0.63,synthetic
Australia,Sydney,Booking,2023,11,2023-11-01,4.13,59584,0.5,0.37,0.57,synthetic
Australia,Sydney,Google,2023,12,2023-12-01,4.17,73615,0.76,0.35,0.58,synthetic
Australia,Sydney,Tripadvisor,2023,12,2023-12-01,4.05,86022,0.67,0.3,0.53,synthetic
Australia,Sydney,Booking,2023,12,2023-12-01,4.22,93103,0.7,0.22,0.55,synthetic
Australia,Sydney,Google,2024,1,2024-01-01,4.21,106802,0.68,0.31,0.59,synthetic
Australia,Sydney,Tripadvisor,2024,1,2024-01-01,4.19,103211,0.67,0.56,0.55,synthetic
Australia,Sydney,Booking,2024,1,2024-01-01,4.37,83829,0.66,0.18,0.7,synthetic
Australia,Sydney,Google,2024,2,2024-02-01,4.24,99104,0.75,0.26,0.52,synthetic
Australia,Sydney,Tripadvisor,2024,2,2024-02-01,4.22,99081,0.53,0.26,0.63,synthetic
Australia,Sydney,Booking,2024,2,2024-02-01,4.13,103163,0.78,0.51,0.64,synthetic
Australia,Sydney,Google,2024,3,2024-03-01,4.19,101770,0.54,0.25,0.64,synthetic
Australia,Sydney,Tripadvisor,2024,3,2024-03-01,4.16,103055,0.46,0.44,0.57,synthetic
Australia,Sydney,Booking,2024,3,2024-03-01,4.25,90380,0.49,0.43,0.59,synthetic
Australia,Sydney,Google,2024,4,2024-04-01,4.09,86399,0.73,0.38,0.51,synthetic
Australia,Sydney,Tripadvisor,2024,4,2024-04-01,4.14,106691,0.8,0.29,0.6,synthetic
Australia,Sydney,Booking,2024,4,2024-04-01,4.23,124223,0.43,0.23,0.59,synthetic
Australia,Sydney,Google,2024,5,2024-05-01,4.23,95734,0.65,0.31,0.62,synthetic
Australia,Sydney,Tripadvisor,2024,5,2024-05-01,4.19,110918,0.45,0.29,0.53,synthetic
Australia,Sydney,Booking,2024,5,2024-05-01,4.19,96402,0.76,0.3,0.58,synthetic
Australia,Sydney,Google,2024,6,2024-06-01,4.17,119134,0.36,0.24,0.58,synthetic
Australia,Sydney,Tripadvisor,2024,6,2024-06-01,4.14,104531,0.59,0.33,0.58,synthetic
Australia,Sydney,Booking,2024,6,2024-06-01,4.17,83427,0.63,0.12,0.55,synthetic
Australia,Sydney,Google,2024,7,2024-07-01,4.21,112811,0.95,0.26,0.56,synthetic
Australia,Sydney,Tripadvisor,2024,7,2024-07-01,4.21,120870,0.83,0.2,0.6,synthetic
Australia,Sydney,Booking,2024,7,2024-07-01,4.23,109613,0.69,0.26,0.65,synthetic
Australia,Sydney,Google,2024,8,2024-08-01,4.24,87677,0.8,0.4,0.58,synthetic
Australia,Sydney,Tripadvisor,2024,8,2024-08-01,4.24,108350,0.73,0.46,0.62,synthetic
Australia,Sydney,Booking,2024,8,2024-08-01,4.2,67459,0.77,0.4,0.67,synthetic
Australia,Sydney,Google,2024,9,2024-09-01,4.12,110115,0.75,0.23,0.62,synthetic
Australia,Sydney,Tripadvisor,2024,9,2024-09-01,4.21,78603,0.69,0.22,0.52,synthetic
Australia,Sydney,Booking,2024,9,2024-09-01,4.2,97944,0.81,0.32,0.64,synthetic
Australia,Sydney,Google,2024,10,2024-10-01,4.21,110812,0.47,0.32,0.6,synthetic
Australia,Sydney,Tripadvisor,2024,10,2024-10-01,4.22,101748,0.51,0.27,0.69,synthetic
Australia,Sydney,Booking,2024,10,2024-10-01,4.08,107121,0.79,0.36,0.64,synthetic
Australia,Sydney,Google,2024,11,2024-11-01,4.24,103268,0.53,0.34,0.65,synthetic
Australia,Sydney,Tripadvisor,2024,11,2024-11-01,4.18,89918,0.42,0.32,0.52,synthetic
Australia,Sydney,Booking,2024,11,2024-11-01,4.15,69911,0.72,0.42,0.58,synthetic
Australia,Sydney,Google,2024,12,2024-12-01,4.29,114679,0.67,0.29,0.63,synthetic
Australia,Sydney,Tripadvisor,2024,12,2024-12-01,4.21,97045,0.68,0.36,0.6,synthetic
Australia,Sydney,Booking,2024,12,2024-12-01,4.25,96011,0.6,0.2,0.61,synthetic
Australia,Sydney,Google,2025,1,2025-01-01,4.31,94574,0.67,0.25,0.54,synthetic
Australia,Sydney,Tripadvisor,2025,1,2025-01-01,4.21,98954,0.65,0.4,0.62,synthetic
Australia,Sydney,Booking,2025,1,2025-01-01,4.2,94987,0.71,0.28,0.5,synthetic
Australia,Sydney,Google,2025,2,2025-02-01,4.23,120446,0.82,0.52,0.65,synthetic
Australia,Sydney,Tripadvisor,2025,2,2025-02-01,4.21,119919,0.47,0.13,0.58,synthetic
Australia,Sydney,Booking,2025,2,2025-02-01,4.26,97619,0.67,0.36,0.64,synthetic
Australia,Sydney,Google,2025,3,2025-03-01,4.1,110391,0.54,0.47,0.61,synthetic
Australia,Sydney,Tripadvisor,2025,3,2025-03-01,4.16,128497,0.65,0.13,0.58,synthetic
Australia,Sydney,Booking,2025,3,2025-03-01,4.28,95599,0.59,0.16,0.58,synthetic
Australia,Sydney,Google,2025,4,2025-04-01,4.13,90413,0.51,0.47,0.56,synthetic
Australia,Sydney,Tripadvisor,2025,4,2025-04-01,4.23,119919,0.43,0.22,0.65,synthetic
Australia,Sydney,Booking,2025,4,2025-04-01,4.14,114932,0.85,0.15,0.55,synthetic
Australia,Sydney,Google,2025,5,2025-05-01,4.17,99333,0.51,0.25,0.58,synthetic
Australia,Sydney,Tripadvisor,2025,5,2025-05-01,4.19,118161,0.6,0.41,0.57,synthetic
Australia,Sydney,Booking,2025,5,2025-05-01,4.11,102153,0.67,0.39,0.63,synthetic
Australia,Sydney,Google,2025,6,2025-06-01,4.2,115612,0.81,0.22,0.59,synthetic
Australia,Sydney,Tripadvisor,2025,6,2025-06-01,4.35,116927,0.68,0.39,0.61,synthetic
Australia,Sydney,Booking,2025,6,2025-06-01,4.14,93150,0.66,0.26,0.58,synthetic
New Zealand,Auckland,Google,2023,1,2023-01-01,4.06,82454,0.49,0.17,0.49,synthetic
New Zealand,Auckland,Tripadvisor,2023,1,2023-01-01,4.02,120064,0.37,0.24,0.42,synthetic
New Zealand,Auckland,Booking,2023,1,2023-01-01,3.98,105469,0.72,0.09,0.52,synthetic
New Zealand,Auckland,Google,2023,2,2023-02-01,3.95,89306,0.61,0.36,0.47,synthetic
New Zealand,Auckland,Tripadvisor,2023,2,2023-02-01,3.95,103299,0.49,0.36,0.53,synthetic
New Zealand,Auckland,Booking,2023,2,2023-02-01,4.07,104319,0.77,0.2,0.63,synthetic
New Zealand,Auckland,Google,2023,3,2023-03-01,3.95,79092,0.8,0.23,0.48,synthetic
New Zealand,Auckland,Tripadvisor,2023,3,2023-03-01,3.95,134225,0.87,0.45,0.48,synthetic
New Zealand,Auckland,Booking,2023,3,2023-03-01,4.07,103901,0.77,0.26,0.61,synthetic
New Zealand,Auckland,Google,2023,4,2023-04-01,3.98,100209,0.53,0.32,0.47,synthetic
New Zealand,Auckland,Tripadvisor,2023,4,2023-04-01,4.04,98531,0.72,0.45,0.52,synthetic
New Zealand,Auckland,Booking,2023,4,2023-04-01,4.14,118715,0.92,0.29,0.49,synthetic
New Zealand,Auckland,Google,2023,5,2023-05-01,3.97,96986,0.46,0.08,0.54,synthetic
New Zealand,Auckland,Tripadvisor,2023,5,2023-05-01,3.9,116222,0.93,0.22,0.47,synthetic
New Zealand,Auckland,Booking,2023,5,2023-05-01,3.99,114945,0.42,0.29,0.55,synthetic
New Zealand,Auckland,Google,2023,6,2023-06-01,4.01,84130,0.79,0.17,0.51,synthetic
New Zealand,Auckland,Tripadvisor,2023,6,2023-06-01,4.05,106070,0.98,0.37,0.51,synthetic
New Zealand,Auckland,Booking,2023,6,2023-06-01,4.05,107201,0.61,0.32,0.5,synthetic
New Zealand,Auckland,Google,2023,7,2023-07-01,4.02,98224,0.32,0.41,0.48,synthetic
New Zealand,Auckland,Tripadvisor,2023,7,2023-07-01,4.02,95025,0.49,0.2,0.56,synthetic
New Zealand,Auckland,Booking,2023,7,2023-07-01,4.08,104892,0.52,0.13,0.58,synthetic
New Zealand,Auckland,Google,2023,8,2023-08-01,3.97,90547,0.6,0.27,0.41,synthetic
New Zealand,Auckland,Tripadvisor,2023,8,2023-08-01,3.93,108789,0.5,0.35,0.47,synthetic
New Zealand,Auckland,Booking,2023,8,2023-08-01,4.07,94125,0.63,0.36,0.51,synthetic
New Zealand,Auckland,Google,2023,9,2023-09-01,4.08,83658,0.48,0.13,0.5,synthetic
New Zealand,Auckland,Tripadvisor,2023,9,2023-09-01,4.0,115000,0.58,0.24,0.42,synthetic
New Zealand,Auckland,Booking,2023,9,2023-09-01,3.94,108459,0.73,0.26,0.53,synthetic
New Zealand,Auckland,Google,2023,10,2023-10-01,3.95,99666,0.55,0.45,0.48,synthetic
New Zealand,Auckland,Tripadvisor,2023,10,2023-10-01,3.9,116508,0.88,0.28,0.41,synthetic
New Zealand,Auckland,Booking,2023,10,2023-10-01,4.06,129214,0.73,0.14,0.57,synthetic
New Zealand,Auckland,Google,2023,11,2023-11-01,4.04,92588,0.79,0.34,0.58,synthetic
New Zealand,Auckland,Tripadvisor,2023,11,2023-11-01,3.95,109570,0.47,0.32,0.55,synthetic
New Zealand,Auckland,Booking,2023,11,2023-11-01,3.93,87388,0.74,0.3,0.52,synthetic
New Zealand,Auckland,Google,2023,12,2023-12-01,3.96,105209,0.7,0.32,0.39,synthetic
New Zealand,Auckland,Tripadvisor,2023,12,2023-12-01,4.18,107231,0.4,0.33,0.61,synthetic
New Zealand,Auckland,Booking,2023,12,2023-12-01,4.07,116200,0.57,0.13,0.56,synthetic
New Zealand,Auckland,Google,2024,1,2024-01-01,3.91,129401,0.49,0.36,0.42,synthetic
New Zealand,Auckland,Tripadvisor,2024,1,2024-01-01,3.98,102077,0.71,0.24,0.53,synthetic
New Zealand,Auckland,Booking,2024,1,2024-01-01,3.98,109796,0.61,0.32,0.44,synthetic
New Zealand,Auckland,Google,2024,2,2024-02-01,4.05,109255,0.68,0.3,0.56,synthetic
New Zealand,Auckland,Tripadvisor,2024,2,2024-02-01,3.99,102231,0.66,0.25,0.57,synthetic
New Zealand,Auckland,Booking,2024,2,2024-02-01,4.02,94317,0.51,0.2,0.56,synthetic
New Zealand,Auckland,Google,2024,3,2024-03-01,4.06,112105,0.64,0.29,0.57,synthetic
New Zealand,Auckland,Tripadvisor,2024,3,2024-03-01,4.04,122418,0.57,0.24,0.55,synthetic
New Zealand,Auckland,Booking,2024,3,2024-03-01,4.1,127920,0.84,0.32,0.5,synthetic
New Zealand,Auckland,Google,2024,4,2024-04-01,3.96,131628,0.32,0.45,0.44,synthetic
New Zealand,Auckland,Tripadvisor,2024,4,2024-04-01,4.13,111975,0.71,0.54,0.55,synthetic
New Zealand,Auckland,Booking,2024,4,2024-04-01,3.99,103515,0.45,0.27,0.47,synthetic
New Zealand,Auckland,Google,2024,5,2024-05-01,3.94,110079,0.67,0.21,0.46,synthetic
New Zealand,Auckland,Tripadvisor,2024,5,2024-05-01,4.1,93695,0.89,0.23,0.56,synthetic
New Zealand,Auckland,Booking,2024,5,2024-05-01,4.09,134403,0.67,0.23,0.51,synthetic
New Zealand,Auckland,Google,2024,6,2024-06-01,3.98,138535,0.54,0.33,0.44,synthetic
New Zealand,Auckland,Tripadvisor,2024,6,2024-06-01,3.94,113290,0.55,0.27,0.4,synthetic
New Zealand,Auckland,Booking,2024,6,2024-06-01,4.01,133927,0.47,0.39,0.33,synthetic
New Zealand,Auckland,Google,2024,7,2024-07-01,3.96,87042,0.79,0.39,0.43,synthetic
New Zealand,Auckland,Tripadvisor,2024,7,2024-07-01,4.03,129217,0.8,0.26,0.4,synthetic
New Zealand,Auckland,Booking,2024,7,2024-07-01,3.96,123315,0.91,0.29,0.45,synthetic
New Zealand,Auckland,Google,2024,8,2024-08-01,4.16,118430,0.42,0.29,0.63,synthetic
New Zealand,Auckland,Tripadvisor,2024,8,2024-08-01,4.01,123697,0.36,0.16,0.47,synthetic
New Zealand,Auckland,Booking,2024,8,2024-08-01,3.99,117457,0.7,0.55,0.46,synthetic
New Zealand,Auckland,Google,2024,9,2024-09-01,3.99,103301,0.76,0.41,0.47,synthetic
New Zealand,Auckland,Tripadvisor,2024,9,2024-09-01,4.14,103325,0.75,0.45,0.5,synthetic
New Zealand,Auckland,Booking,2024,9,2024-09-01,4.05,76002,0.72,0.19,0.55,synthetic
New Zealand,Auckland,Google,2024,10,2024-10-01,4.06,128112,0.73,0.31,0.51,synthetic
New Zealand,Auckland,Tripadvisor,2024,10,2024-10-01,4.01,97808,0.57,0.27,0.46,synthetic
New Zealand,Auckland,Booking,2024,10,2024-10-01,3.91,95627,0.13,0.27,0.47,synthetic
New Zealand,Auckland,Google,2024,11,2024-11-01,3.85,116140,0.58,0.18,0.4,synthetic
New Zealand,Auckland,Tripadvisor,2024,11,2024-11-01,4.07,99730,0.61,0.33,0.5,synthetic
New Zealand,Auckland,Booking,2024,11,2024-11-01,4.07,118405,0.56,0.54,0.59,synthetic
New Zealand,Auckland,Google,2024,12,2024-12-01,3.91,107658,0.97,0.2,0.46,synthetic
New Zealand,Auckland,Tripadvisor,2024,12,2024-12-01,4.09,121772,0.72,0.37,0.54,synthetic
New Zealand,Auckland,Booking,2024,12,2024-12-01,3.96,118824,0.54,0.25,0.56,synthetic
New Zealand,Auckland,Google,2025,1,2025-01-01,3.99,146131,0.64,0.28,0.4,synthetic
New Zealand,Auckland,Tripadvisor,2025,1,2025-01-01,4.14,121210,0.26,0.4,0.57,synthetic
New Zealand,Auckland,Booking,2025,1,2025-01-01,3.96,134851,0.22,0.23,0.46,synthetic
New Zealand,Auckland,Google,2025,2,2025-02-01,4.06,153906,0.56,0.35,0.67,synthetic
New Zealand,Auckland,Tripadvisor,2025,2,2025-02-01,4.01,128112,0.41,0.5,0.47,synthetic
New Zealand,Auckland,Booking,2025,2,2025-02-01,4.03,124794,0.61,0.26,0.53,synthetic
New Zealand,Auckland,Google,2025,3,2025-03-01,4.12,154498,0.57,0.26,0.52,synthetic
New Zealand,Auckland,Tripadvisor,2025,3,2025-03-01,4.17,123173,0.77,0.37,0.7,synthetic
New Zealand,Auckland,Booking,2025,3,2025-03-01,4.0,105183,0.88,0.39,0.52,synthetic
New Zealand,Auckland,Google,2025,4,2025-04-01,4.1,128769,0.84,0.32,0.6,synthetic
New Zealand,Auckland,Tripadvisor,2025,4,2025-04-01,4.04,116562,0.57,0.26,0.53,synthetic
New Zealand,Auckland,Booking,2025,4,2025-04-01,3.98,127642,0.66,0.32,0.5,synthetic
New Zealand,Auckland,Google,2025,5,2025-05-01,3.98,117193,0.35,0.29,0.44,synthetic
New Zealand,Auckland,Tripadvisor,2025,5,2025-05-01,4.02,110897,0.29,0.53,0.5,synthetic
New Zealand,Auckland,Booking,2025,5,2025-05-01,4.1,113627,0.85,0.18,0.56,synthetic
New Zealand,Auckland,Google,2025,6,2025-06-01,3.95,159153,0.56,0.38,0.5,synthetic
New Zealand,Auckland,Tripadvisor,2025,6,2025-06-01,4.01,128833,0.8,0.37,0.51,synthetic
New Zealand,Auckland,Booking,2025,6,2025-06-01,4.04,149172,0.54,0.11,0.47,synthetic
Japan,Tokyo,Google,2023,1,2023-01-01,4.09,133780,0.6,0.32,0.56,synthetic
Japan,Tokyo,Tripadvisor,2023,1,2023-01-01,4.1,166674,0.68,0.46,0.59,synthetic
Japan,Tokyo,Booking,2023,1,2023-01-01,4.12,172242,0.64,0.38,0.6,synthetic
Japan,Tokyo,Google,2023,2,2023-02-01,4.14,150759,0.58,0.21,0.46,synthetic
Japan,Tokyo,Tripadvisor,2023,2,2023-02-01,4.1,152473,0.76,0.38,0.54,synthetic
Japan,Tokyo,Booking,2023,2,2023-02-01,4.1,145699,0.45,0.09,0.47,synthetic
Japan,Tokyo,Google,2023,3,2023-03-01,4.23,182103,0.71,0.29,0.54,synthetic
Japan,Tokyo,Tripadvisor,2023,3,2023-03-01,4.13,159847,0.72,0.37,0.63,synthetic
Japan,Tokyo,Booking,2023,3,2023-03-01,4.26,141676,1.02,0.1,0.59,synthetic
Japan,Tokyo,Google,2023,4,2023-04-01,4.16,158724,0.57,0.25,0.69,synthetic
Japan,Tokyo,Tripadvisor,2023,4,2023-04-01,4.11,130698,0.85,0.38,0.61,synthetic
Japan,Tokyo,Booking,2023,4,2023-04-01,4.16,124325,0.61,0.15,0.59,synthetic
Japan,Tokyo,Google,2023,5,2023-05-01,4.18,168131,0.59,0.37,0.55,synthetic
Japan,Tokyo,Tripadvisor,2023,5,2023-05-01,4.2,160968,0.48,0.35,0.66,synthetic
Japan,Tokyo,Booking,2023,5,2023-05-01,4.15,134215,0.63,0.36,0.53,synthetic
Japan,Tokyo,Google,2023,6,2023-06-01,4.08,158235,0.72,0.51,0.57,synthetic
Japan,Tokyo,Tripadvisor,2023,6,2023-06-01,4.07,185364,0.76,0.1,0.48,synthetic
Japan,Tokyo,Booking,2023,6,2023-06-01,4.11,163890,0.24,0.29,0.6,synthetic
Japan,Tokyo,Google,2023,7,2023-07-01,3.97,162258,0.73,0.22,0.43,synthetic
Japan,Tokyo,Tripadvisor,2023,7,2023-07-01,4.09,101164,0.55,0.32,0.49,synthetic
Japan,Tokyo,Booking,2023,7,2023-07-01,4.2,150746,0.64,0.26,0.64,synthetic
Japan,Tokyo,Google,2023,8,2023-08-01,4.22,141631,0.71,0.38,0.63,synthetic
Japan,Tokyo,Tripadvisor,2023,8,2023-08-01,4.24,135931,0.54,0.22,0.66,synthetic
Japan,Tokyo,Booking,2023,8,2023-08-01,4.13,136481,0.85,0.48,0.55,synthetic
Japan,Tokyo,Google,2023,9,2023-09-01,4.06,182214,0.67,0.34,0.54,synthetic
Japan,Tokyo,Tripadvisor,2023,9,2023-09-01,4.1,141528,0.7,0.26,0.57,synthetic
Japan,Tokyo,Booking,2023,9,2023-09-01,4.14,130027,0.84,0.36,0.59,synthetic
Japan,Tokyo,Google,2023,10,2023-10-01,4.18,116875,0.53,0.15,0.59,synthetic
Japan,Tokyo,Tripadvisor,2023,10,2023-10-01,4.16,151439,0.78,0.15,0.54,synthetic
Japan,Tokyo,Booking,2023,10,2023-10-01,4.17,153630,0.4,0.42,0.66,synthetic
Japan,Tokyo,Google,2023,11,2023-11-01,4.17,121947,0.62,0.33,0.57,synthetic
Japan,Tokyo,Tripadvisor,2023,11,2023-11-01,4.22,146842,0.92,0.38,0.63,synthetic
Japan,Tokyo,Booking,2023,11,2023-11-01,4.2,176270,0.73,0.29,0.57,synthetic
Japan,Tokyo,Google,2023,12,2023-12-01,4.08,105299,0.63,0.26,0.52,synthetic
Japan,Tokyo,Tripadvisor,2023,12,2023-12-01,4.21,146911,0.88,0.24,0.55,synthetic
Japan,Tokyo,Booking,2023,12,2023-12-01,4.07,161829,0.77,0.24,0.48,synthetic
Japan,Tokyo,Google,2024,1,2024-01-01,4.24,132835,0.75,0.24,0.64,synthetic
Japan,Tokyo,Tripadvisor,2024,1,2024-01-01,4.21,170018,0.56,0.44,0.62,synthetic
Japan,Tokyo,Booking,2024,1,2024-01-01,4.36,127918,0.34,0.4,0.68,synthetic
Japan,Tokyo,Google,2024,2,2024-02-01,4.19,139629,0.61,0.35,0.57,synthetic
Japan,Tokyo,Tripadvisor,2024,2,2024-02-01,4.16,134550,0.66,0.44,0.52,synthetic
Japan,Tokyo,Booking,2024,2,2024-02-01,4.07,183791,0.4,0.38,0.54,synthetic
Japan,Tokyo,Google,2024,3,2024-03-01,4.12,189129,0.74,0.33,0.45,synthetic
Japan,Tokyo,Tripadvisor,2024,3,2024-03-01,4.19,140160,0.57,0.3,0.69,synthetic
Japan,Tokyo,Booking,2024,3,2024-03-01,4.13,133368,0.82,0.37,0.6,synthetic
Japan,Tokyo,Google,2024,4,2024-04-01,4.23,194083,0.47,0.16,0.66,synthetic
Japan,Tokyo,Tripadvisor,2024,4,2024-04-01,4.13,157511,0.43,0.36,0.58,synthetic
Japan,Tokyo,Booking,2024,4,2024-04-01,4.13,134033,0.78,0.33,0.62,synthetic
Japan,Tokyo,Google,2024,5,2024-05-01,4.02,161923,0.49,0.3,0.56,synthetic
Japan,Tokyo,Tripadvisor,2024,5,2024-05-01,4.17,161176,0.6,0.14,0.54,synthetic
Japan,Tokyo,Booking,2024,5,2024-05-01,4.21,151070,0.77,0.38,0.65,synthetic
Japan,Tokyo,Google,2024,6,2024-06-01,4.16,152412,0.58,0.36,0.48,synthetic
Japan,Tokyo,Tripadvisor,2024,6,2024-06-01,4.22,151175,0.59,0.29,0.61,synthetic
Japan,Tokyo,Booking,2024,6,2024-06-01,4.06,163755,0.69,0.1,0.47,synthetic
Japan,Tokyo,Google,2024,7,2024-07-01,4.2,174525,0.64,0.23,0.63,synthetic
Japan,Tokyo,Tripadvisor,2024,7,2024-07-01,4.07,158176,0.4,0.28,0.48,synthetic
Japan,Tokyo,Booking,2024,7,2024-07-01,4.19,169187,0.51,0.41,0.55,synthetic
Japan,Tokyo,Google,2024,8,2024-08-01,4.14,148961,0.71,0.36,0.64,synthetic
Japan,Tokyo,Tripadvisor,2024,8,2024-08-01,4.15,103709,0.54,0.46,0.56,synthetic
Japan,Tokyo,Booking,2024,8,2024-08-01,4.03,169498,0.68,0.23,0.5,synthetic
Japan,Tokyo,Google,2024,9,2024-09-01,4.09,170912,0.61,0.18,0.55,synthetic
Japan,Tokyo,Tripadvisor,2024,9,2024-09-01,4.1,189024,0.73,0.29,0.55,synthetic
Japan,Tokyo,Booking,2024,9,2024-09-01,4.2,157476,0.71,0.45,0.58,synthetic
Japan,Tokyo,Google,2024,10,2024-10-01,4.24,186979,0.64,0.26,0.63,synthetic
Japan,Tokyo,Tripadvisor,2024,10,2024-10-01,4.13,145527,0.68,0.2,0.55,synthetic
Japan,Tokyo,Booking,2024,10,2024-10-01,4.12,134478,0.7,0.28,0.63,synthetic
Japan,Tokyo,Google,2024,11,2024-11-01,4.13,152980,0.46,0.3,0.57,synthetic
Japan,Tokyo,Tripadvisor,2024,11,2024-11-01,4.19,162120,0.91,0.35,0.54,synthetic
Japan,Tokyo,Booking,2024,11,2024-11-01,4.08,171148,0.45,0.36,0.58,synthetic
Japan,Tokyo,Google,2024,12,2024-12-01,4.2,144052,0.74,0.33,0.57,synthetic
Japan,Tokyo,Tripadvisor,2024,12,2024-12-01,4.13,169922,0.5,0.33,0.64,synthetic
Japan,Tokyo,Booking,2024,12,2024-12-01,4.2,162409,0.64,0.25,0.58,synthetic
Japan,Tokyo,Google,2025,1,2025-01-01,4.05,177945,0.7,0.29,0.48,synthetic
Japan,Tokyo,Tripadvisor,2025,1,2025-01-01,4.15,200553,0.73,0.3,0.68,synthetic
Japan,Tokyo,Booking,2025,1,2025-01-01,4.31,162787,0.56,0.37,0.61,synthetic
Japan,Tokyo,Google,2025,2,2025-02-01,4.19,174843,0.66,0.24,0.56,synthetic
Japan,Tokyo,Tripadvisor,2025,2,2025-02-01,4.02,203518,0.74,0.37,0.53,synthetic
Japan,Tokyo,Booking,2025,2,2025-02-01,4.01,157170,0.56,0.19,0.42,synthetic
Japan,Tokyo,Google,2025,3,2025-03-01,4.09,173758,0.61,0.39,0.65,synthetic
Japan,Tokyo,Tripadvisor,2025,3,2025-03-01,4.18,169101,0.87,0.14,0.49,synthetic
Japan,Tokyo,Booking,2025,3,2025-03-01,4.09,189575,0.63,0.19,0.51,synthetic
Japan,Tokyo,Google,2025,4,2025-04-01,4.07,147005,0.83,0.29,0.62,synthetic
Japan,Tokyo,Tripadvisor,2025,4,2025-04-01,4.09,182920,0.63,0.39,0.56,synthetic
Japan,Tokyo,Booking,2025,4,2025-04-01,4.2,184228,0.44,0.37,0.6,synthetic
Japan,Tokyo,Google,2025,5,2025-05-01,4.1,187125,0.74,0.25,0.53,synthetic
Japan,Tokyo,Tripadvisor,2025,5,2025-05-01,4.06,135330,0.56,0.38,0.5,synthetic
Japan,Tokyo,Booking,2025,5,2025-05-01,4.23,168489,0.57,0.27,0.66,synthetic
Japan,Tokyo,Google,2025,6,2025-06-01,4.09,170067,0.52,0.24,0.54,synthetic
Japan,Tokyo,Tripadvisor,2025,6,2025-06-01,4.14,194540,0.6,0.36,0.58,synthetic
Japan,Tokyo,Booking,2025,6,2025-06-01,4.23,166472,0.56,0.37,0.6,synthetic
South Korea,Seoul,Google,2023,1,2023-01-01,4.05,251538,0.53,0.43,0.56,synthetic
South Korea,Seoul,Tripadvisor,2023,1,2023-01-01,4.14,208634,0.56,0.23,0.57,synthetic
South Korea,Seoul,Booking,2023,1,2023-01-01,4.1,217354,0.39,0.3,0.61,synthetic
South Korea,Seoul,Google,2023,2,2023-02-01,4.17,213070,0.98,0.24,0.58,synthetic
South Korea,Seoul,Tripadvisor,2023,2,2023-02-01,4.02,202192,0.87,0.26,0.43,synthetic
South Korea,Seoul,Booking,2023,2,2023-02-01,4.16,222408,0.72,0.27,0.53,synthetic
South Korea,Seoul,Google,2023,3,2023-03-01,4.1,226631,0.59,0.34,0.52,synthetic
South Korea,Seoul,Tripadvisor,2023,3,2023-03-01,4.13,212407,0.49,0.31,0.55,synthetic
South Korea,Seoul,Booking,2023,3,2023-03-01,4.15,234747,0.68,0.14,0.52,synthetic
South Korea,Seoul,Google,2023,4,2023-04-01,4.07,192179,0.52,0.39,0.57,synthetic
South Korea,Seoul,Tripadvisor,2023,4,2023-04-01,4.08,227573,0.65,0.3,0.6,synthetic
South Korea,Seoul,Booking,2023,4,2023-04-01,4.07,213829,0.44,0.2,0.47,synthetic
South Korea,Seoul,Google,2023,5,2023-05-01,4.05,214602,0.55,0.27,0.51,synthetic
South Korea,Seoul,Tripadvisor,2023,5,2023-05-01,4.21,183488,0.41,0.22,0.6,synthetic
South Korea,Seoul,Booking,2023,5,2023-05-01,4.14,228256,0.74,0.29,0.55,synthetic
South Korea,Seoul,Google,2023,6,2023-06-01,4.21,141492,0.61,0.34,0.7,synthetic
South Korea,Seoul,Tripadvisor,2023,6,2023-06-01,4.01,201771,0.4,0.12,0.49,synthetic
South Korea,Seoul,Booking,2023,6,2023-06-01,4.16,243233,0.52,0.37,0.57,synthetic
South Korea,Seoul,Google,2023,7,2023-07-01,4.14,241920,0.57,0.41,0.51,synthetic
South Korea,Seoul,Tripadvisor,2023,7,2023-07-01,4.15,238840,0.74,0.18,0.56,synthetic
South Korea,Seoul,Booking,2023,7,2023-07-01,4.13,223780,0.62,0.44,0.5,synthetic
South Korea,Seoul,Google,2023,8,2023-08-01,4.09,169449,0.69,0.36,0.71,synthetic
South Korea,Seoul,Tripadvisor,2023,8,2023-08-01,4.17,220933,0.64,0.27,0.59,synthetic
South Korea,Seoul,Booking,2023,8,2023-08-01,4.13,162386,0.63,0.31,0.65,synthetic
South Korea,Seoul,Google,2023,9,2023-09-01,4.1,192964,0.64,0.31,0.54,synthetic
South Korea,Seoul,Tripadvisor,2023,9,2023-09-01,4.03,208505,0.51,0.28,0.55,synthetic
South Korea,Seoul,Booking,2023,9,2023-09-01,4.07,206842,0.68,0.27,0.66,synthetic
South Korea,Seoul,Google,2023,10,2023-10-01,4.12,180818,0.47,0.21,0.52,synthetic
South Korea,Seoul,Tripadvisor,2023,10,2023-10-01,4.14,184270,0.55,0.41,0.54,synthetic
South Korea,Seoul,Booking,2023,10,2023-10-01,4.15,169571,0.54,0.21,0.59,synthetic
South Korea,Seoul,Google,2023,11,2023-11-01,4.05,265256,0.35,0.41,0.57,synthetic
South Korea,Seoul,Tripadvisor,2023,11,2023-11-01,4.13,213871,0.88,0.55,0.55,synthetic
South Korea,Seoul,Booking,2023,11,2023-11-01,4.12,198398,0.42,0.35,0.57,synthetic
South Korea,Seoul,Google,2023,12,2023-12-01,4.01,224111,0.64,0.24,0.47,synthetic
South Korea,Seoul,Tripadvisor,2023,12,2023-12-01,4.13,253507,0.66,0.38,0.53,synthetic
South Korea,Seoul,Booking,2023,12,2023-12-01,4.08,227987,0.4,0.32,0.57,synthetic
South Korea,Seoul,Google,2024,1,2024-01-01,4.11,238277,0.61,0.24,0.49,synthetic
South Korea,Seoul,Tripadvisor,2024,1,2024-01-01,4.1,265406,0.75,0.27,0.53,synthetic
South Korea,Seoul,Booking,2024,1,2024-01-01,4.08,217377,0.64,0.41,0.65,synthetic
South Korea,Seoul,Google,2024,2,2024-02-01,4.06,247414,0.68,0.27,0.48,synthetic
South Korea,Seoul,Tripadvisor,2024,2,2024-02-01,4.13,287859,0.64,0.22,0.55,synthetic
South Korea,Seoul,Booking,2024,2,2024-02-01,4.04,229992,0.7,0.23,0.36,synthetic
South Korea,Seoul,Google,2024,3,2024-03-01,4.13,215671,0.49,0.22,0.58,synthetic
South Korea,Seoul,Tripadvisor,2024,3,2024-03-01,4.08,255105,0.74,0.27,0.52,synthetic
South Korea,Seoul,Booking,2024,3,2024-03-01,4.12,225478,0.34,0.49,0.59,synthetic
South Korea,Seoul,Google,2024,4,2024-04-01,4.08,176709,0.57,0.24,0.54,synthetic
South Korea,Seoul,Tripadvisor,2024,4,2024-04-01,3.98,216478,0.54,0.28,0.48,synthetic
South Korea,Seoul,Booking,2024,4,2024-04-01,4.11,271372,0.52,0.21,0.47,synthetic
South Korea,Seoul,Google,2024,5,2024-05-01,4.08,190895,0.74,0.29,0.59,synthetic
South Korea,Seoul,Tripadvisor,2024,5,2024-05-01,4.2,205660,0.55,0.43,0.61,synthetic
South Korea,Seoul,Booking,2024,5,2024-05-01,4.14,257928,0.73,0.34,0.64,synthetic
South Korea,Seoul,Google,2024,6,2024-06-01,4.1,243786,0.57,0.4,0.52,synthetic
South Korea,Seoul,Tripadvisor,2024,6,2024-06-01,4.01,247517,0.45,0.19,0.57,synthetic
South Korea,Seoul,Booking,2024,6,2024-06-01,4.17,220050,0.14,0.35,0.62,synthetic
South Korea,Seoul,Google,2024,7,2024-07-01,4.14,242449,0.57,0.26,0.51,synthetic
South Korea,Seoul,Tripadvisor,2024,7,2024-07-01,4.07,238335,0.65,0.38,0.46,synthetic
South Korea,Seoul,Booking,2024,7,2024-07-01,4.01,219026,0.45,0.32,0.44,synthetic
South Korea,Seoul,Google,2024,8,2024-08-01,4.18,206844,0.84,0.35,0.54,synthetic
South Korea,Seoul,Tripadvisor,2024,8,2024-08-01,4.23,236792,0.62,0.29,0.64,synthetic
South Korea,Seoul,Booking,2024,8,2024-08-01,4.14,205663,0.57,0.31,0.6,synthetic
South Korea,Seoul,Google,2024,9,2024-09-01,4.14,234013,0.52,0.24,0.51,synthetic
South Korea,Seoul,Tripadvisor,2024,9,2024-09-01,4.14,212519,0.57,0.32,0.57,synthetic
South Korea,Seoul,Booking,2024,9,2024-09-01,4.11,204561,0.64,0.27,0.55,synthetic
South Korea,Seoul,Google,2024,10,2024-10-01,4.18,243398,0.51,0.29,0.67,synthetic
South Korea,Seoul,Tripadvisor,2024,10,2024-10-01,4.09,230580,0.7,0.32,0.53,synthetic
South Korea,Seoul,Booking,2024,10,2024-10-01,4.06,229204,0.7,0.43,0.46,synthetic
South Korea,Seoul,Google,2024,11,2024-11-01,4.21,221540,0.74,0.23,0.53,synthetic
South Korea,Seoul,Tripadvisor,2024,11,2024-11-01,4.03,220368,0.68,0.3,0.5,synthetic
South Korea,Seoul,Booking,2024,11,2024-11-01,4.18,229537,0.64,0.61,0.59,synthetic
South Korea,Seoul,Google,2024,12,2024-12-01,4.07,242727,0.71,0.33,0.54,synthetic
South Korea,Seoul,Tripadvisor,2024,12,2024-12-01,4.2,266858,0.58,0.24,0.62,synthetic
South Korea,Seoul,Booking,2024,12,2024-12-01,4.07,253858,0.66,0.57,0.61,synthetic
South Korea,Seoul,Google,2025,1,2025-01-01,4.04,231136,0.31,0.09,0.53,synthetic
South Korea,Seoul,Tripadvisor,2025,1,2025-01-01,4.04,295024,0.77,0.27,0.5,synthetic
South Korea,Seoul,Booking,2025,1,2025-01-01,4.2,297195,0.46,0.19,0.58,synthetic
South Korea,Seoul,Google,2025,2,2025-02-01,4.13,231288,0.67,0.5,0.5,synthetic
South Korea,Seoul,Tripadvisor,2025,2,2025-02-01,4.08,205457,0.47,0.27,0.5,synthetic
South Korea,Seoul,Booking,2025,2,2025-02-01,4.14,250946,0.64,0.27,0.56,synthetic
South Korea,Seoul,Google,2025,3,2025-03-01,4.09,239126,0.66,0.11,0.56,synthetic
South Korea,Seoul,Tripadvisor,2025,3,2025-03-01,4.06,236458,0.37,0.26,0.54,synthetic
South Korea,Seoul,Booking,2025,3,2025-03-01,4.14,211392,0.66,0.41,0.54,synthetic
South Korea,Seoul,Google,2025,4,2025-04-01,4.11,185298,0.47,0.33,0.6,synthetic
South Korea,Seoul,Tripadvisor,2025,4,2025-04-01,4.07,325435,0.65,0.17,0.6,synthetic
South Korea,Seoul,Booking,2025,4,2025-04-01,4.03,256195,0.46,0.16,0.56,synthetic
South Korea,Seoul,Google,2025,5,2025-05-01,4.09,297522,0.45,0.14,0.52,synthetic
South Korea,Seoul,Tripadvisor,2025,5,2025-05-01,4.28,271146,0.68,0.36,0.62,synthetic
South Korea,Seoul,Booking,2025,5,2025-05-01,4.27,260030,0.65,0.4,0.57,synthetic
South Korea,Seoul,Google,2025,6,2025-06-01,4.06,239219,0.75,0.17,0.52,synthetic
South Korea,Seoul,Tripadvisor,2025,6,2025-06-01,4.1,199914,0.52,0.35,0.47,synthetic
South Korea,Seoul,Booking,2025,6,2025-06-01,4.19,260325,0.65,0.3,0.54,synthetic
China,Shanghai,Google,2023,1,2023-01-01,4.26,143313,0.63,0.21,0.65,synthetic
China,Shanghai,Tripadvisor,2023,1,2023-01-01,4.27,125103,0.61,0.15,0.54,synthetic
China,Shanghai,Booking,2023,1,2023-01-01,4.21,207651,0.72,0.44,0.63,synthetic
China,Shanghai,Google,2023,2,2023-02-01,4.25,172175,0.5,0.35,0.69,synthetic
China,Shanghai,Tripadvisor,2023,2,2023-02-01,4.28,178656,0.63,0.47,0.63,synthetic
China,Shanghai,Booking,2023,2,2023-02-01,4.37,166172,0.54,0.18,0.64,synthetic
China,Shanghai,Google,2023,3,2023-03-01,4.18,153815,0.41,0.43,0.6,synthetic
China,Shanghai,Tripadvisor,2023,3,2023-03-01,4.25,133728,0.48,0.08,0.7,synthetic
China,Shanghai,Booking,2023,3,2023-03-01,4.16,130435,0.81,0.34,0.58,synthetic
China,Shanghai,Google,2023,4,2023-04-01,4.26,173267,0.61,0.15,0.67,synthetic
China,Shanghai,Tripadvisor,2023,4,2023-04-01,4.27,177328,0.41,0.23,0.65,synthetic
China,Shanghai,Booking,2023,4,2023-04-01,4.18,111575,0.63,0.39,0.59,synthetic
China,Shanghai,Google,2023,5,2023-05-01,4.27,162996,0.6,0.31,0.7,synthetic
China,Shanghai,Tripadvisor,2023,5,2023-05-01,4.18,169893,0.42,0.22,0.65,synthetic
China,Shanghai,Booking,2023,5,2023-05-01,4.17,150963,0.95,0.4,0.55,synthetic
China,Shanghai,Google,2023,6,2023-06-01,4.21,152297,0.8,0.2,0.55,synthetic
China,Shanghai,Tripadvisor,2023,6,2023-06-01,4.28,124106,0.46,0.29,0.64,synthetic
China,Shanghai,Booking,2023,6,2023-06-01,4.16,162070,0.68,0.23,0.66,synthetic
China,Shanghai,Google,2023,7,2023-07-01,4.26,136723,0.84,0.25,0.64,synthetic
China,Shanghai,Tripadvisor,2023,7,2023-07-01,4.21,167115,0.53,0.26,0.6,synthetic
China,Shanghai,Booking,2023,7,2023-07-01,4.21,175467,0.41,0.3,0.61,synthetic
China,Shanghai,Google,2023,8,2023-08-01,4.23,173536,0.37,0.36,0.55,synthetic
China,Shanghai,Tripadvisor,2023,8,2023-08-01,4.21,130327,0.55,0.24,0.69,synthetic
China,Shanghai,Booking,2023,8,2023-08-01,4.26,163675,0.43,0.37,0.71,synthetic
China,Shanghai,Google,2023,9,2023-09-01,4.29,130993,0.53,0.31,0.62,synthetic
China,Shanghai,Tripadvisor,2023,9,2023-09-01,4.39,146473,0.59,0.24,0.71,synthetic
China,Shanghai,Booking,2023,9,2023-09-01,4.32,157613,0.57,0.19,0.72,synthetic
China,Shanghai,Google,2023,10,2023-10-01,4.23,151987,0.25,0.29,0.6,synthetic
China,Shanghai,Tripadvisor,2023,10,2023-10-01,4.13,173933,0.52,0.49,0.64,synthetic
China,Shanghai,Booking,2023,10,2023-10-01,4.2,181017,0.84,0.24,0.55,synthetic
China,Shanghai,Google,2023,11,2023-11-01,4.11,162568,0.45,0.34,0.53,synthetic
China,Shanghai,Tripadvisor,2023,11,2023-11-01,4.19,144995,0.41,0.24,0.56,synthetic
China,Shanghai,Booking,2023,11,2023-11-01,4.24,157416,0.44,0.41,0.61,synthetic
China,Shanghai,Google,2023,12,2023-12-01,4.33,159968,0.61,0.25,0.7,synthetic
China,Shanghai,Tripadvisor,2023,12,2023-12-01,4.24,171486,0.84,0.23,0.65,synthetic
China,Shanghai,Booking,2023,12,2023-12-01,4.28,164017,0.54,0.26,0.61,synthetic
China,Shanghai,Google,2024,1,2024-01-01,4.21,150980,0.58,0.22,0.62,synthetic
China,Shanghai,Tripadvisor,2024,1,2024-01-01,4.24,171316,0.56,0.31,0.61,synthetic
China,Shanghai,Booking,2024,1,2024-01-01,4.29,158994,0.66,0.17,0.68,synthetic
China,Shanghai,Google,2024,2,2024-02-01,4.21,149527,0.43,0.18,0.58,synthetic
China,Shanghai,Tripadvisor,2024,2,2024-02-01,4.33,154946,0.27,0.34,0.61,synthetic
China,Shanghai,Booking,2024,2,2024-02-01,4.29,159424,0.56,0.42,0.68,synthetic
China,Shanghai,Google,2024,3,2024-03-01,4.17,145759,0.33,0.56,0.54,synthetic
China,Shanghai,Tripadvisor,2024,3,2024-03-01,4.31,157183,0.44,0.3,0.64,synthetic
China,Shanghai,Booking,2024,3,2024-03-01,4.29,184317,0.51,0.16,0.58,synthetic
China,Shanghai,Google,2024,4,2024-04-01,4.1,162378,0.6,0.19,0.49,synthetic
China,Shanghai,Tripadvisor,2024,4,2024-04-01,4.24,155175,0.57,0.26,0.63,synthetic
China,Shanghai,Booking,2024,4,2024-04-01,4.21,158060,0.32,0.29,0.61,synthetic
China,Shanghai,Google,2024,5,2024-05-01,4.23,206430,0.62,0.28,0.64,synthetic
China,Shanghai,Tripadvisor,2024,5,2024-05-01,4.37,173000,0.27,0.34,0.64,synthetic
China,Shanghai,Booking,2024,5,2024-05-01,4.13,202112,0.82,0.21,0.52,synthetic
China,Shanghai,Google,2024,6,2024-06-01,4.25,150073,0.58,0.23,0.61,synthetic
China,Shanghai,Tripadvisor,2024,6,2024-06-01,4.16,184569,0.78,0.29,0.58,synthetic
China,Shanghai,Booking,2024,6,2024-06-01,4.28,167946,0.86,0.17,0.68,synthetic
China,Shanghai,Google,2024,7,2024-07-01,4.23,145317,0.94,0.54,0.61,synthetic
China,Shanghai,Tripadvisor,2024,7,2024-07-01,4.27,158414,0.55,0.19,0.57,synthetic
China,Shanghai,Booking,2024,7,2024-07-01,4.35,167127,0.61,0.22,0.69,synthetic
China,Shanghai,Google,2024,8,2024-08-01,4.15,152318,0.42,0.43,0.49,synthetic
China,Shanghai,Tripadvisor,2024,8,2024-08-01,4.17,126651,0.47,0.25,0.63,synthetic
China,Shanghai,Booking,2024,8,2024-08-01,4.23,159635,0.64,0.26,0.73,synthetic
China,Shanghai,Google,2024,9,2024-09-01,4.21,176244,0.72,0.24,0.61,synthetic
China,Shanghai,Tripadvisor,2024,9,2024-09-01,4.21,173429,0.62,0.29,0.55,synthetic
China,Shanghai,Booking,2024,9,2024-09-01,4.35,179724,0.36,0.26,0.6,synthetic
China,Shanghai,Google,2024,10,2024-10-01,4.29,167469,0.6,0.22,0.63,synthetic
China,Shanghai,Tripadvisor,2024,10,2024-10-01,4.29,189182,0.73,0.14,0.64,synthetic
China,Shanghai,Booking,2024,10,2024-10-01,4.26,153103,0.35,0.17,0.7,synthetic
China,Shanghai,Google,2024,11,2024-11-01,4.17,168866,0.58,0.28,0.57,synthetic
China,Shanghai,Tripadvisor,2024,11,2024-11-01,4.29,168626,0.51,0.31,0.58,synthetic
China,Shanghai,Booking,2024,11,2024-11-01,4.27,154187,0.51,0.35,0.61,synthetic
China,Shanghai,Google,2024,12,2024-12-01,4.22,191435,0.45,0.35,0.66,synthetic
China,Shanghai,Tripadvisor,2024,12,2024-12-01,4.31,211763,0.5,0.21,0.7,synthetic
China,Shanghai,Booking,2024,12,2024-12-01,4.3,151976,0.67,0.57,0.65,synthetic
China,Shanghai,Google,2025,1,2025-01-01,4.3,214469,0.98,0.32,0.71,synthetic
China,Shanghai,Tripadvisor,2025,1,2025-01-01,4.19,180884,0.53,0.11,0.52,synthetic
China,Shanghai,Booking,2025,1,2025-01-01,4.27,190078,0.44,0.46,0.58,synthetic
China,Shanghai,Google,2025,2,2025-02-01,4.26,171359,0.62,0.39,0.67,synthetic
China,Shanghai,Tripadvisor,2025,2,2025-02-01,4.28,192901,0.41,0.41,0.59,synthetic
China,Shanghai,Booking,2025,2,2025-02-01,4.24,172743,0.65,0.25,0.61,synthetic
China,Shanghai,Google,2025,3,2025-03-01,4.34,152315,0.6,0.19,0.7,synthetic
China,Shanghai,Tripadvisor,2025,3,2025-03-01,4.2,181180,0.4,0.43,0.6,synthetic
China,Shanghai,Booking,2025,3,2025-03-01,4.25,198288,0.41,0.24,0.63,synthetic
China,Shanghai,Google,2025,4,2025-04-01,4.14,144537,0.48,0.19,0.55,synthetic
China,Shanghai,Tripadvisor,2025,4,2025-04-01,4.27,196574,0.87,0.3,0.64,synthetic
China,Shanghai,Booking,2025,4,2025-04-01,4.24,187277,0.66,0.39,0.67,synthetic
China,Shanghai,Google,2025,5,2025-05-01,4.27,213028,0.6,0.24,0.61,synthetic
China,Shanghai,Tripadvisor,2025,5,2025-05-01,4.24,156894,0.51,0.19,0.63,synthetic
China,Shanghai,Booking,2025,5,2025-05-01,4.26,142064,0.5,0.48,0.66,synthetic
China,Shanghai,Google,2025,6,2025-06-01,4.27,165970,0.64,0.3,0.59,synthetic
China,Shanghai,Tripadvisor,2025,6,2025-06-01,4.21,170147,0.38,0.17,0.6,synthetic
China,Shanghai,Booking,2025,6,2025-06-01,4.19,173834,0.36,0.38,0.7,synthetic
Hong Kong,Hong Kong,Google,2023,1,2023-01-01,4.53,167048,0.61,0.21,0.8,synthetic
Hong Kong,Hong Kong,Tripadvisor,2023,1,2023-01-01,4.53,152894,0.68,0.23,0.73,synthetic
Hong Kong,Hong Kong,Booking,2023,1,2023-01-01,4.53,170252,0.57,0.27,0.78,synthetic
Hong Kong,Hong Kong,Google,2023,2,2023-02-01,4.38,147168,0.41,0.3,0.74,synthetic
Hong Kong,Hong Kong,Tripadvisor,2023,2,2023-02-01,4.52,151952,0.49,0.22,0.86,synthetic
Hong Kong,Hong Kong,Booking,2023,2,2023-02-01,4.49,165769,0.28,0.18,0.74,synthetic
Hong Kong,Hong Kong,Google,2023,3,2023-03-01,4.46,164473,0.62,0.36,0.64,synthetic
Hong Kong,Hong Kong,Tripadvisor,2023,3,2023-03-01,4.42,159953,0.5,0.27,0.72,synthetic
Hong Kong,Hong Kong,Booking,2023,3,2023-03-01,4.44,165624,0.68,0.31,0.76,synthetic
Hong Kong,Hong Kong,Google,2023,4,2023-04-01,4.36,150504,0.73,0.21,0.63,synthetic
Hong Kong,Hong Kong,Tripadvisor,2023,4,2023-04-01,4.48,161552,0.52,0.48,0.75,synthetic
Hong Kong,Hong Kong,Booking,2023,4,2023-04-01,4.43,133924,0.66,0.21,0.82,synthetic
Hong Kong,Hong Kong,Google,2023,5,2023-05-01,4.51,172767,0.64,0.41,0.64,synthetic
Hong Kong,Hong Kong,Tripadvisor,2023,5,2023-05-01,4.42,181978,0.83,0.18,0.62,synthetic
Hong Kong,Hong Kong,Booking,2023,5,2023-05-01,4.5,171318,0.62,0.29,0.66,synthetic
Hong Kong,Hong Kong,Google,2023,6,2023-06-01,4.47,157500,0.52,0.11,0.76,synthetic
Hong Kong,Hong Kong,Tripadvisor,2023,6,2023-06-01,4.54,146451,0.57,0.25,0.75,synthetic
Hong Kong,Hong Kong,Booking,2023,6,2023-06-01,4.52,171938,0.76,0.41,0.75,synthetic
Hong Kong,Hong Kong,Google,2023,7,2023-07-01,4.66,191999,0.5,0.31,0.73,synthetic
Hong Kong,Hong Kong,Tripadvisor,2023,7,2023-07-01,4.49,194403,1.02,0.29,0.76,synthetic
Hong Kong,Hong Kong,Booking,2023,7,2023-07-01,4.52,200348,0.45,0.57,0.75,synthetic
Hong Kong,Hong Kong,Google,2023,8,2023-08-01,4.42,155764,0.48,0.34,0.63,synthetic
Hong Kong,Hong Kong,Tripadvisor,2023,8,2023-08-01,4.5,174787,0.82,0.37,0.82,synthetic
Hong Kong,Hong Kong,Booking,2023,8,2023-08-01,4.45,169546,0.27,0.29,0.75,synthetic
Hong Kong,Hong Kong,Google,2023,9,2023-09-01,4.52,131309,0.54,0.27,0.74,synthetic
Hong Kong,Hong Kong,Tripadvisor,2023,9,2023-09-01,4.53,157676,0.61,0.25,0.82,synthetic
Hong Kong,Hong Kong,Booking,2023,9,2023-09-01,4.56,155898,1.03,0.22,0.83,synthetic
Hong Kong,Hong Kong,Google,2023,10,2023-10-01,4.43,176906,0.7,0.2,0.71,synthetic
Hong Kong,Hong Kong,Tripadvisor,2023,10,2023-10-01,4.6,146069,0.66,0.33,0.8,synthetic
Hong Kong,Hong Kong,Booking,2023,10,2023-10-01,4.38,177986,0.6,0.41,0.7,synthetic
Hong Kong,Hong Kong,Google,2023,11,2023-11-01,4.49,169126,0.45,0.46,0.73,synthetic
Hong Kong,Hong Kong,Tripadvisor,2023,11,2023-11-01,4.47,186994,0.64,0.28,0.75,synthetic
Hong Kong,Hong Kong,Booking,2023,11,2023-11-01,4.53,159590,0.74,0.17,0.78,synthetic
Hong Kong,Hong Kong,Google,2023,12,2023-12-01,4.54,173968,0.26,0.29,0.71,synthetic
Hong Kong,Hong Kong,Tripadvisor,2023,12,2023-12-01,4.57,154299,0.78,0.18,0.8,synthetic
Hong Kong,Hong Kong,Booking,2023,12,2023-12-01,4.49,215585,0.78,0.41,0.85,synthetic
Hong Kong,Hong Kong,Google,2024,1,2024-01-01,4.51,172752,0.57,0.33,0.61,synthetic
Hong Kong,Hong Kong,Tripadvisor,2024,1,2024-01-01,4.49,179598,0.58,0.15,0.74,synthetic
Hong Kong,Hong Kong,Booking,2024,1,2024-01-01,4.4,212055,0.56,0.09,0.69,synthetic
Hong Kong,Hong Kong,Google,2024,2,2024-02-01,4.54,178534,0.46,0.23,0.76,synthetic
Hong Kong,Hong Kong,Tripadvisor,2024,2,2024-02-01,4.46,148413,0.59,0.17,0.78,synthetic
Hong Kong,Hong Kong,Booking,2024,2,2024-02-01,4.55,153792,0.49,0.26,0.77,synthetic
Hong Kong,Hong Kong,Google,2024,3,2024-03-01,4.5,184555,0.67,0.46,0.75,synthetic
Hong Kong,Hong Kong,Tripadvisor,2024,3,2024-03-01,4.41,141078,0.85,0.35,0.72,synthetic
Hong Kong,Hong Kong,Booking,2024,3,2024-03-01,4.52,178202,0.66,0.26,0.81,synthetic
Hong Kong,Hong Kong,Google,2024,4,2024-04-01,4.46,155888,0.35,0.28,0.79,synthetic
Hong Kong,Hong Kong,Tripadvisor,2024,4,2024-04-01,4.46,145917,0.64,0.23,0.81,synthetic
Hong Kong,Hong Kong,Booking,2024,4,2024-04-01,4.55,148175,0.57,0.22,0.72,synthetic
Hong Kong,Hong Kong,Google,2024,5,2024-05-01,4.48,192007,0.59,0.25,0.63,synthetic
Hong Kong,Hong Kong,Tripadvisor,2024,5,2024-05-01,4.45,186417,0.4,0.43,0.69,synthetic
Hong Kong,Hong Kong,Booking,2024,5,2024-05-01,4.5,166465,0.42,0.34,0.72,synthetic
Hong Kong,Hong Kong,Google,2024,6,2024-06-01,4.44,124986,0.8,0.3,0.77,synthetic
Hong Kong,Hong Kong,Tripadvisor,2024,6,2024-06-01,4.53,198053,0.52,0.16,0.8,synthetic
Hong Kong,Hong Kong,Booking,2024,6,2024-06-01,4.5,165055,0.71,0.33,0.78,synthetic
Hong Kong,Hong Kong,Google,2024,7,2024-07-01,4.43,195351,0.6,0.41,0.76,synthetic
Hong Kong,Hong Kong,Tripadvisor,2024,7,2024-07-01,4.53,172508,0.71,0.41,0.79,synthetic
Hong Kong,Hong Kong,Booking,2024,7,2024-07-01,4.5,189775,0.52,0.45,0.67,synthetic
Hong Kong,Hong Kong,Google,2024,8,2024-08-01,4.49,166322,0.5,0.33,0.69,synthetic
Hong Kong,Hong Kong,Tripadvisor,2024,8,2024-08-01,4.62,146471,0.46,0.2,0.82,synthetic
Hong Kong,Hong Kong,Booking,2024,8,2024-08-01,4.55,185876,0.82,0.22,0.81,synthetic
Hong Kong,Hong Kong,Google,2024,9,2024-09-01,4.47,179625,0.77,0.13,0.83,synthetic
Hong Kong,Hong Kong,Tripadvisor,2024,9,2024-09-01,4.48,141131,0.5,0.31,0.71,synthetic
Hong Kong,Hong Kong,Booking,2024,9,2024-09-01,4.37,176871,0.49,0.37,0.63,synthetic
Hong Kong,Hong Kong,Google,2024,10,2024-10-01,4.62,185616,0.63,0.36,0.72,synthetic
Hong Kong,Hong Kong,Tripadvisor,2024,10,2024-10-01,4.46,212249,0.55,0.29,0.71,synthetic
Hong Kong,Hong Kong,Booking,2024,10,2024-10-01,4.58,169707,0.41,0.56,0.72,synthetic
Hong Kong,Hong Kong,Google,2024,11,2024-11-01,4.48,157178,0.49,0.19,0.71,synthetic
Hong Kong,Hong Kong,Tripadvisor,2024,11,2024-11-01,4.55,134934,0.79,0.41,0.8,synthetic
Hong Kong,Hong Kong,Booking,2024,11,2024-11-01,4.5,180644,0.81,0.13,0.78,synthetic
Hong Kong,Hong Kong,Google,2024,12,2024-12-01,4.44,192164,0.51,0.37,0.64,synthetic
Hong Kong,Hong Kong,Tripadvisor,2024,12,2024-12-01,4.39,172467,0.82,0.35,0.72,synthetic
Hong Kong,Hong Kong,Booking,2024,12,2024-12-01,4.54,166511,0.69,0.24,0.75,synthetic
Hong Kong,Hong Kong,Google,2025,1,2025-01-01,4.48,175497,0.59,0.27,0.7,synthetic
Hong Kong,Hong Kong,Tripadvisor,2025,1,2025-01-01,4.48,191290,0.44,0.34,0.72,synthetic
Hong Kong,Hong Kong,Booking,2025,1,2025-01-01,4.5,172798,0.76,0.4,0.7,synthetic
Hong Kong,Hong Kong,Google,2025,2,2025-02-01,4.52,220382,0.46,0.21,0.8,synthetic
Hong Kong,Hong Kong,Tripadvisor,2025,2,2025-02-01,4.41,170270,0.45,0.37,0.67,synthetic
Hong Kong,Hong Kong,Booking,2025,2,2025-02-01,4.47,170927,0.77,0.21,0.67,synthetic
Hong Kong,Hong Kong,Google,2025,3,2025-03-01,4.4,203422,0.71,0.42,0.64,synthetic
Hong Kong,Hong Kong,Tripadvisor,2025,3,2025-03-01,4.47,242490,0.55,0.24,0.74,synthetic
Hong Kong,Hong Kong,Booking,2025,3,2025-03-01,4.52,199356,0.51,0.24,0.75,synthetic
Hong Kong,Hong Kong,Google,2025,4,2025-04-01,4.44,159965,0.87,0.26,0.7,synthetic
Hong Kong,Hong Kong,Tripadvisor,2025,4,2025-04-01,4.47,185976,0.67,0.25,0.79,synthetic
Hong Kong,Hong Kong,Booking,2025,4,2025-04-01,4.52,183489,0.5,0.41,0.75,synthetic
Hong Kong,Hong Kong,Google,2025,5,2025-05-01,4.41,210800,0.49,0.39,0.58,synthetic
Hong Kong,Hong Kong,Tripadvisor,2025,5,2025-05-01,4.47,213931,0.6,0.36,0.69,synthetic
Hong Kong,Hong Kong,Booking,2025,5,2025-05-01,4.51,187875,0.64,0.5,0.82,synthetic
Hong Kong,Hong Kong,Google,2025,6,2025-06-01,4.54,205923,0.46,0.25,0.69,synthetic
Hong Kong,Hong Kong,Tripadvisor,2025,6,2025-06-01,4.41,167813,0.6,0.18,0.7,synthetic
Hong Kong,Hong Kong,Booking,2025,6,2025-06-01,4.48,162231,0.83,0.17,0.8,synthetic
Taiwan,Taipei,Google,2023,1,2023-01-01,4.42,103397,0.5,0.48,0.69,synthetic
Taiwan,Taipei,Tripadvisor,2023,1,2023-01-01,4.36,127816,0.55,0.32,0.64,synthetic
Taiwan,Taipei,Booking,2023,1,2023-01-01,4.38,109337,0.72,0.28,0.64,synthetic
Taiwan,Taipei,Google,2023,2,2023-02-01,4.44,121902,0.69,0.25,0.72,synthetic
Taiwan,Taipei,Tripadvisor,2023,2,2023-02-01,4.45,106125,0.73,0.3,0.67,synthetic
Taiwan,Taipei,Booking,2023,2,2023-02-01,4.36,119310,0.52,0.38,0.67,synthetic
Taiwan,Taipei,Google,2023,3,2023-03-01,4.45,108454,0.6,0.43,0.72,synthetic
Taiwan,Taipei,Tripadvisor,2023,3,2023-03-01,4.4,108234,0.6,0.44,0.63,synthetic
Taiwan,Taipei,Booking,2023,3,2023-03-01,4.43,95916,0.54,0.33,0.63,synthetic
Taiwan,Taipei,Google,2023,4,2023-04-01,4.4,124960,0.62,0.33,0.65,synthetic
Taiwan,Taipei,Tripadvisor,2023,4,2023-04-01,4.45,112056,0.71,0.07,0.71,synthetic
Taiwan,Taipei,Booking,2023,4,2023-04-01,4.44,140304,0.61,0.32,0.74,synthetic
Taiwan,Taipei,Google,2023,5,2023-05-01,4.5,115217,0.39,0.14,0.79,synthetic
Taiwan,Taipei,Tripadvisor,2023,5,2023-05-01,4.44,117036,0.51,0.32,0.73,synthetic
Taiwan,Taipei,Booking,2023,5,2023-05-01,4.46,104686,0.34,0.21,0.66,synthetic
Taiwan,Taipei,Google,2023,6,2023-06-01,4.35,143496,0.26,0.35,0.72,synthetic
Taiwan,Taipei,Tripadvisor,2023,6,2023-06-01,4.49,124768,0.8,0.48,0.73,synthetic
Taiwan,Taipei,Booking,2023,6,2023-06-01,4.46,139237,0.47,0.28,0.7,synthetic
Taiwan,Taipei,Google,2023,7,2023-07-01,4.46,93247,0.82,0.35,0.76,synthetic
Taiwan,Taipei,Tripadvisor,2023,7,2023-07-01,4.29,105679,0.82,0.28,0.56,synthetic
Taiwan,Taipei,Booking,2023,7,2023-07-01,4.44,130592,0.68,0.28,0.78,synthetic
Taiwan,Taipei,Google,2023,8,2023-08-01,4.39,128576,0.62,0.29,0.67,synthetic
Taiwan,Taipei,Tripadvisor,2023,8,2023-08-01,4.41,121218,0.56,0.37,0.68,synthetic
Taiwan,Taipei,Booking,2023,8,2023-08-01,4.52,112337,0.74,0.4,0.77,synthetic
Taiwan,Taipei,Google,2023,9,2023-09-01,4.43,110188,0.52,0.32,0.71,synthetic
Taiwan,Taipei,Tripadvisor,2023,9,2023-09-01,4.5,114163,0.54,0.13,0.78,synthetic
Taiwan,Taipei,Booking,2023,9,2023-09-01,4.46,134909,0.76,0.38,0.77,synthetic
Taiwan,Taipei,Google,2023,10,2023-10-01,4.47,131822,0.32,0.19,0.67,synthetic
Taiwan,Taipei,Tripadvisor,2023,10,2023-10-01,4.51,109405,0.51,0.3,0.69,synthetic
Taiwan,Taipei,Booking,2023,10,2023-10-01,4.45,89881,0.42,0.32,0.66,synthetic
Taiwan,Taipei,Google,2023,11,2023-11-01,4.51,121421,0.77,0.34,0.75,synthetic
Taiwan,Taipei,Tripadvisor,2023,11,2023-11-01,4.37,134214,0.67,0.51,0.73,synthetic
Taiwan,Taipei,Booking,2023,11,2023-11-01,4.41,124944,0.66,0.42,0.77,synthetic
Taiwan,Taipei,Google,2023,12,2023-12-01,4.42,103137,0.32,0.19,0.68,synthetic
Taiwan,Taipei,Tripadvisor,2023,12,2023-12-01,4.52,142768,0.74,0.42,0.72,synthetic
Taiwan,Taipei,Booking,2023,12,2023-12-01,4.34,106166,0.29,0.19,0.64,synthetic
Taiwan,Taipei,Google,2024,1,2024-01-01,4.44,132530,0.5,0.36,0.69,synthetic
Taiwan,Taipei,Tripadvisor,2024,1,2024-01-01,4.43,113040,0.76,0.3,0.75,synthetic
Taiwan,Taipei,Booking,2024,1,2024-01-01,4.36,133140,0.69,0.1,0.74,synthetic
Taiwan,Taipei,Google,2024,2,2024-02-01,4.35,133711,0.87,0.4,0.6,synthetic
Taiwan,Taipei,Tripadvisor,2024,2,2024-02-01,4.42,149713,0.48,0.26,0.69,synthetic
Taiwan,Taipei,Booking,2024,2,2024-02-01,4.46,106358,0.69,0.24,0.73,synthetic
Taiwan,Taipei,Google,2024,3,2024-03-01,4.42,139797,0.6,0.44,0.76,synthetic
Taiwan,Taipei,Tripadvisor,2024,3,2024-03-01,4.38,151777,0.65,0.32,0.73,synthetic
Taiwan,Taipei,Booking,2024,3,2024-03-01,4.37,108823,0.6,0.24,0.79,synthetic
Taiwan,Taipei,Google,2024,4,2024-04-01,4.38,131040,0.63,0.42,0.64,synthetic
Taiwan,Taipei,Tripadvisor,2024,4,2024-04-01,4.33,152233,0.61,0.38,0.71,synthetic
Taiwan,Taipei,Booking,2024,4,2024-04-01,4.49,124497,0.5,0.1,0.7,synthetic
Taiwan,Taipei,Google,2024,5,2024-05-01,4.43,119434,0.43,0.31,0.78,synthetic
Taiwan,Taipei,Tripadvisor,2024,5,2024-05-01,4.43,112683,0.79,0.22,0.79,synthetic
Taiwan,Taipei,Booking,2024,5,2024-05-01,4.41,132024,0.83,0.16,0.65,synthetic
Taiwan,Taipei,Google,2024,6,2024-06-01,4.41,128220,1.0,0.21,0.64,synthetic
Taiwan,Taipei,Tripadvisor,2024,6,2024-06-01,4.37,134043,0.67,0.23,0.69,synthetic
Taiwan,Taipei,Booking,2024,6,2024-06-01,4.55,130961,0.65,0.49,0.74,synthetic
Taiwan,Taipei,Google,2024,7,2024-07-01,4.38,123060,0.52,0.12,0.7,synthetic
Taiwan,Taipei,Tripadvisor,2024,7,2024-07-01,4.44,127502,0.64,0.33,0.66,synthetic
Taiwan,Taipei,Booking,2024,7,2024-07-01,4.45,139151,0.36,0.45,0.66,synthetic
Taiwan,Taipei,Google,2024,8,2024-08-01,4.36,133571,0.68,0.38,0.71,synthetic
Taiwan,Taipei,Tripadvisor,2024,8,2024-08-01,4.4,132109,0.55,0.32,0.7,synthetic
Taiwan,Taipei,Booking,2024,8,2024-08-01,4.4,124977,0.32,0.38,0.71,synthetic
Taiwan,Taipei,Google,2024,9,2024-09-01,4.29,142823,0.59,0.21,0.59,synthetic
Taiwan,Taipei,Tripadvisor,2024,9,2024-09-01,4.39,115833,0.48,0.47,0.71,synthetic
Taiwan,Taipei,Booking,2024,9,2024-09-01,4.55,133943,0.69,0.21,0.77,synthetic
Taiwan,Taipei,Google,2024,10,2024-10-01,4.42,140115,0.59,0.34,0.73,synthetic
Taiwan,Taipei,Tripadvisor,2024,10,2024-10-01,4.41,124062,0.5,0.41,0.69,synthetic
Taiwan,Taipei,Booking,2024,10,2024-10-01,4.45,127961,0.76,0.1,0.74,synthetic
Taiwan,Taipei,Google,2024,11,2024-11-01,4.35,136525,0.58,0.15,0.69,synthetic
Taiwan,Taipei,Tripadvisor,2024,11,2024-11-01,4.44,126792,0.58,0.32,0.78,synthetic
Taiwan,Taipei,Booking,2024,11,2024-11-01,4.41,146264,0.59,0.43,0.69,synthetic
Taiwan,Taipei,Google,2024,12,2024-12-01,4.39,113233,0.59,0.22,0.77,synthetic
Taiwan,Taipei,Tripadvisor,2024,12,2024-12-01,4.38,119612,0.69,0.42,0.73,synthetic
Taiwan,Taipei,Booking,2024,12,2024-12-01,4.49,129155,0.59,0.5,0.83,synthetic
Taiwan,Taipei,Google,2025,1,2025-01-01,4.47,158671,0.73,0.18,0.73,synthetic
Taiwan,Taipei,Tripadvisor,2025,1,2025-01-01,4.52,152179,0.59,0.45,0.78,synthetic
Taiwan,Taipei,Booking,2025,1,2025-01-01,4.47,146366,0.68,0.36,0.8,synthetic
Taiwan,Taipei,Google,2025,2,2025-02-01,4.52,132488,0.65,0.43,0.75,synthetic
Taiwan,Taipei,Tripadvisor,2025,2,2025-02-01,4.35,124798,0.47,0.25,0.64,synthetic
Taiwan,Taipei,Booking,2025,2,2025-02-01,4.49,135418,0.79,0.19,0.73,synthetic
Taiwan,Taipei,Google,2025,3,2025-03-01,4.44,153697,0.77,0.25,0.77,synthetic
Taiwan,Taipei,Tripadvisor,2025,3,2025-03-01,4.33,154716,0.4,0.34,0.72,synthetic
Taiwan,Taipei,Booking,2025,3,2025-03-01,4.48,112518,0.53,0.37,0.78,synthetic
Taiwan,Taipei,Google,2025,4,2025-04-01,4.45,103065,0.78,0.44,0.73,synthetic
Taiwan,Taipei,Tripadvisor,2025,4,2025-04-01,4.44,148526,0.82,0.33,0.71,synthetic
Taiwan,Taipei,Booking,2025,4,2025-04-01,4.45,139884,0.6,0.12,0.75,synthetic
Taiwan,Taipei,Google,2025,5,2025-05-01,4.5,157222,0.74,0.29,0.76,synthetic
Taiwan,Taipei,Tripadvisor,2025,5,2025-05-01,4.5,154650,0.82,0.23,0.72,synthetic
Taiwan,Taipei,Booking,2025,5,2025-05-01,4.41,124220,0.4,0.35,0.72,synthetic
Taiwan,Taipei,Google,2025,6,2025-06-01,4.44,146017,0.38,0.25,0.71,synthetic
Taiwan,Taipei,Tripadvisor,2025,6,2025-06-01,4.43,115534,0.46,0.26,0.77,synthetic
Taiwan,Taipei,Booking,2025,6,2025-06-01,4.45,157242,0.58,0.3,0.75,synthetic
South Africa,Cape Town,Google,2023,1,2023-01-01,4.1,40931,0.73,0.43,0.51,synthetic
South Africa,Cape Town,Tripadvisor,2023,1,2023-01-01,4.08,48998,0.61,0.17,0.39,synthetic
South Africa,Cape Town,Booking,2023,1,2023-01-01,4.13,41645,0.43,0.37,0.52,synthetic
South Africa,Cape Town,Google,2023,2,2023-02-01,4.19,56654,0.62,0.29,0.59,synthetic
South Africa,Cape Town,Tripadvisor,2023,2,2023-02-01,4.23,46979,0.45,0.26,0.58,synthetic
South Africa,Cape Town,Booking,2023,2,2023-02-01,4.17,53760,0.69,0.29,0.65,synthetic
South Africa,Cape Town,Google,2023,3,2023-03-01,4.2,35427,0.85,0.28,0.49,synthetic
South Africa,Cape Town,Tripadvisor,2023,3,2023-03-01,4.09,50062,0.36,0.43,0.55,synthetic
South Africa,Cape Town,Booking,2023,3,2023-03-01,4.23,42736,0.68,0.33,0.61,synthetic
South Africa,Cape Town,Google,2023,4,2023-04-01,4.12,45992,0.33,0.39,0.57,synthetic
South Africa,Cape Town,Tripadvisor,2023,4,2023-04-01,4.22,30247,0.43,0.25,0.64,synthetic
South Africa,Cape Town,Booking,2023,4,2023-04-01,4.13,57577,0.56,0.2,0.56,synthetic
South Africa,Cape Town,Google,2023,5,2023-05-01,4.13,37828,0.75,0.35,0.59,synthetic
South Africa,Cape Town,Tripadvisor,2023,5,2023-05-01,4.26,46670,0.44,0.37,0.58,synthetic
South Africa,Cape Town,Booking,2023,5,2023-05-01,4.16,43853,0.58,0.12,0.53,synthetic
South Africa,Cape Town,Google,2023,6,2023-06-01,4.19,40863,0.77,0.43,0.54,synthetic
South Africa,Cape Town,Tripadvisor,2023,6,2023-06-01,4.19,52469,0.58,0.26,0.64,synthetic
South Africa,Cape Town,Booking,2023,6,2023-06-01,4.17,50819,0.51,0.25,0.63,synthetic
South Africa,Cape Town,Google,2023,7,2023-07-01,4.19,44668,0.31,0.26,0.64,synthetic
South Africa,Cape Town,Tripadvisor,2023,7,2023-07-01,4.14,47802,0.64,0.28,0.64,synthetic
South Africa,Cape Town,Booking,2023,7,2023-07-01,4.17,42665,0.57,0.31,0.62,synthetic
South Africa,Cape Town,Google,2023,8,2023-08-01,4.1,48688,0.61,0.36,0.67,synthetic
South Africa,Cape Town,Tripadvisor,2023,8,2023-08-01,4.16,37614,0.63,0.34,0.62,synthetic
South Africa,Cape Town,Booking,2023,8,2023-08-01,4.16,39702,0.37,0.16,0.56,synthetic
South Africa,Cape Town,Google,2023,9,2023-09-01,4.18,55022,0.35,0.33,0.55,synthetic
South Africa,Cape Town,Tripadvisor,2023,9,2023-09-01,4.2,41167,0.76,0.4,0.6,synthetic
South Africa,Cape Town,Booking,2023,9,2023-09-01,4.27,48117,0.81,0.3,0.68,synthetic
South Africa,Cape Town,Google,2023,10,2023-10-01,4.14,39493,0.93,0.19,0.55,synthetic
South Africa,Cape Town,Tripadvisor,2023,10,2023-10-01,4.07,39619,0.45,0.23,0.55,synthetic
South Africa,Cape Town,Booking,2023,10,2023-10-01,4.22,38767,0.48,0.41,0.7,synthetic
South Africa,Cape Town,Google,2023,11,2023-11-01,4.26,35383,0.78,0.49,0.55,synthetic
South Africa,Cape Town,Tripadvisor,2023,11,2023-11-01,4.25,45286,0.55,0.31,0.65,synthetic
South Africa,Cape Town,Booking,2023,11,2023-11-01,4.26,49947,0.37,0.24,0.63,synthetic
South Africa,Cape Town,Google,2023,12,2023-12-01,4.28,29662,0.51,0.15,0.57,synthetic
South Africa,Cape Town,Tripadvisor,2023,12,2023-12-01,4.25,41280,0.25,0.28,0.73,synthetic
South Africa,Cape Town,Booking,2023,12,2023-12-01,4.08,46914,0.84,0.3,0.64,synthetic
South Africa,Cape Town,Google,2024,1,2024-01-01,4.15,55885,0.78,0.3,0.5,synthetic
South Africa,Cape Town,Tripadvisor,2024,1,2024-01-01,4.13,34226,0.69,0.35,0.57,synthetic
South Africa,Cape Town,Booking,2024,1,2024-01-01,4.18,55380,0.64,0.24,0.6,synthetic
South Africa,Cape Town,Google,2024,2,2024-02-01,4.31,51178,0.54,0.3,0.68,synthetic
South Africa,Cape Town,Tripadvisor,2024,2,2024-02-01,4.16,44710,0.6,0.45,0.62,synthetic
South Africa,Cape Town,Booking,2024,2,2024-02-01,4.16,52588,0.6,0.33,0.59,synthetic
South Africa,Cape Town,Google,2024,3,2024-03-01,4.06,30207,0.63,0.21,0.45,synthetic
South Africa,Cape Town,Tripadvisor,2024,3,2024-03-01,4.14,52906,0.65,0.38,0.59,synthetic
South Africa,Cape Town,Booking,2024,3,2024-03-01,4.13,52060,0.69,0.29,0.57,synthetic
South Africa,Cape Town,Google,2024,4,2024-04-01,4.24,43339,0.76,0.36,0.62,synthetic
South Africa,Cape Town,Tripadvisor,2024,4,2024-04-01,4.28,40225,0.53,0.23,0.66,synthetic
South Africa,Cape Town,Booking,2024,4,2024-04-01,4.26,42004,1.1,0.23,0.65,synthetic
South Africa,Cape Town,Google,2024,5,2024-05-01,4.19,47886,0.48,0.41,0.55,synthetic
South Africa,Cape Town,Tripadvisor,2024,5,2024-05-01,4.08,41210,0.82,0.43,0.44,synthetic
South Africa,Cape Town,Booking,2024,5,2024-05-01,4.24,36296,0.6,0.18,0.66,synthetic
South Africa,Cape Town,Google,2024,6,2024-06-01,4.22,53220,0.56,0.28,0.54,synthetic
South Africa,Cape Town,Tripadvisor,2024,6,2024-06-01,4.13,53043,0.66,0.31,0.63,synthetic
South Africa,Cape Town,Booking,2024,6,2024-06-01,4.11,51738,0.42,0.45,0.58,synthetic
South Africa,Cape Town,Google,2024,7,2024-07-01,4.25,43612,0.93,0.5,0.64,synthetic
South Africa,Cape Town,Tripadvisor,2024,7,2024-07-01,4.26,45897,0.41,0.38,0.58,synthetic
South Africa,Cape Town,Booking,2024,7,2024-07-01,4.27,53610,0.64,0.32,0.68,synthetic
South Africa,Cape Town,Google,2024,8,2024-08-01,4.2,45311,0.37,0.4,0.62,synthetic
South Africa,Cape Town,Tripadvisor,2024,8,2024-08-01,4.35,47074,0.65,0.33,0.71,synthetic
South Africa,Cape Town,Booking,2024,8,2024-08-01,4.13,47181,0.72,0.27,0.6,synthetic
South Africa,Cape Town,Google,2024,9,2024-09-01,4.19,49919,0.77,0.28,0.52,synthetic
South Africa,Cape Town,Tripadvisor,2024,9,2024-09-01,4.17,42904,0.28,0.29,0.6,synthetic
South Africa,Cape Town,Booking,2024,9,2024-09-01,4.25,41111,0.61,0.41,0.6,synthetic
South Africa,Cape Town,Google,2024,10,2024-10-01,4.22,56753,0.32,0.33,0.67,synthetic
South Africa,Cape Town,Tripadvisor,2024,10,2024-10-01,4.17,55547,0.7,0.48,0.61,synthetic
South Africa,Cape Town,Booking,2024,10,2024-10-01,4.3,49337,0.39,0.24,0.7,synthetic
South Africa,Cape Town,Google,2024,11,2024-11-01,4.25,45847,0.87,0.26,0.65,synthetic
South Africa,Cape Town,Tripadvisor,2024,11,2024-11-01,4.21,40019,0.58,0.54,0.56,synthetic
South Africa,Cape Town,Booking,2024,11,2024-11-01,4.23,41025,0.46,0.16,0.66,synthetic
South Africa,Cape Town,Google,2024,12,2024-12-01,4.14,54865,0.52,0.31,0.59,synthetic
South Africa,Cape Town,Tripadvisor,2024,12,2024-12-01,4.09,48786,0.65,0.41,0.5,synthetic
South Africa,Cape Town,Booking,2024,12,2024-12-01,4.14,51391,0.81,0.24,0.51,synthetic
South Africa,Cape Town,Google,2025,1,2025-01-01,4.17,44930,0.66,0.19,0.63,synthetic
South Africa,Cape Town,Tripadvisor,2025,1,2025-01-01,4.2,57313,0.24,0.12,0.67,synthetic
South Africa,Cape Town,Booking,2025,1,2025-01-01,4.14,42149,0.57,0.32,0.56,synthetic
South Africa,Cape Town,Google,2025,2,2025-02-01,4.22,53191,0.64,0.43,0.61,synthetic
South Africa,Cape Town,Tripadvisor,2025,2,2025-02-01,4.19,56077,0.68,0.21,0.59,synthetic
South Africa,Cape Town,Booking,2025,2,2025-02-01,4.21,47548,0.52,0.16,0.46,synthetic
South Africa,Cape Town,Google,2025,3,2025-03-01,4.17,51931,0.44,0.44,0.53,synthetic
South Africa,Cape Town,Tripadvisor,2025,3,2025-03-01,4.24,53720,0.93,0.35,0.55,synthetic
South Africa,Cape Town,Booking,2025,3,2025-03-01,4.25,61569,0.33,0.36,0.67,synthetic
South Africa,Cape Town,Google,2025,4,2025-04-01,4.18,36284,0.56,0.24,0.66,synthetic
South Africa,Cape Town,Tripadvisor,2025,4,2025-04-01,4.18,48619,0.51,0.33,0.59,synthetic
South Africa,Cape Town,Booking,2025,4,2025-04-01,4.14,52770,0.52,0.05,0.6,synthetic
South Africa,Cape Town,Google,2025,5,2025-05-01,4.22,52376,0.53,0.29,0.65,synthetic
South Africa,Cape Town,Tripadvisor,2025,5,2025-05-01,4.15,56426,0.38,0.32,0.58,synthetic
South Africa,Cape Town,Booking,2025,5,2025-05-01,4.25,45509,0.48,0.16,0.6,synthetic
South Africa,Cape Town,Google,2025,6,2025-06-01,4.2,40114,0.53,0.36,0.6,synthetic
South Africa,Cape Town,Tripadvisor,2025,6,2025-06-01,4.19,41905,0.58,0.3,0.59,synthetic
South Africa,Cape Town,Booking,2025,6,2025-06-01,4.2,49252,0.53,0.2,0.65,synthetic
Kenya,Nairobi,Google,2023,1,2023-01-01,4.52,89619,0.77,0.35,0.77,synthetic
Kenya,Nairobi,Tripadvisor,2023,1,2023-01-01,4.51,65642,0.56,0.36,0.77,synthetic
Kenya,Nairobi,Booking,2023,1,2023-01-01,4.56,84376,0.58,0.32,0.69,synthetic
Kenya,Nairobi,Google,2023,2,2023-02-01,4.65,69948,0.7,0.26,0.8,synthetic
Kenya,Nairobi,Tripadvisor,2023,2,2023-02-01,4.5,62606,0.23,0.42,0.78,synthetic
Kenya,Nairobi,Booking,2023,2,2023-02-01,4.46,77595,0.72,0.23,0.75,synthetic
Kenya,Nairobi,Google,2023,3,2023-03-01,4.57,60899,0.68,0.34,0.88,synthetic
Kenya,Nairobi,Tripadvisor,2023,3,2023-03-01,4.55,69974,0.56,0.5,0.76,synthetic
Kenya,Nairobi,Booking,2023,3,2023-03-01,4.55,71498,0.76,0.41,0.77,synthetic
Kenya,Nairobi,Google,2023,4,2023-04-01,4.49,69800,0.34,0.31,0.75,synthetic
Kenya,Nairobi,Tripadvisor,2023,4,2023-04-01,4.46,57398,0.63,0.33,0.75,synthetic
Kenya,Nairobi,Booking,2023,4,2023-04-01,4.45,77108,0.57,0.39,0.68,synthetic
Kenya,Nairobi,Google,2023,5,2023-05-01,4.58,86940,0.62,0.34,0.83,synthetic
Kenya,Nairobi,Tripadvisor,2023,5,2023-05-01,4.45,69309,0.63,0.5,0.67,synthetic
Kenya,Nairobi,Booking,2023,5,2023-05-01,4.61,71897,0.59,0.42,0.91,synthetic
Kenya,Nairobi,Google,2023,6,2023-06-01,4.54,83891,0.46,0.25,0.7,synthetic
Kenya,Nairobi,Tripadvisor,2023,6,2023-06-01,4.48,78596,0.63,0.47,0.84,synthetic
Kenya,Nairobi,Booking,2023,6,2023-06-01,4.5,67600,0.77,0.43,0.77,synthetic
Kenya,Nairobi,Google,2023,7,2023-07-01,4.56,78454,0.45,0.18,0.78,synthetic
Kenya,Nairobi,Tripadvisor,2023,7,2023-07-01,4.5,76050,0.58,0.13,0.64,synthetic
Kenya,Nairobi,Booking,2023,7,2023-07-01,4.56,67749,0.57,0.24,0.73,synthetic
Kenya,Nairobi,Google,2023,8,2023-08-01,4.46,82611,0.56,0.36,0.77,synthetic
Kenya,Nairobi,Tripadvisor,2023,8,2023-08-01,4.53,80688,0.6,0.44,0.81,synthetic
Kenya,Nairobi,Booking,2023,8,2023-08-01,4.57,65314,0.64,0.12,0.86,synthetic
Kenya,Nairobi,Google,2023,9,2023-09-01,4.48,69322,0.39,0.3,0.72,synthetic
Kenya,Nairobi,Tripadvisor,2023,9,2023-09-01,4.62,81193,0.52,0.13,0.7,synthetic
Kenya,Nairobi,Booking,2023,9,2023-09-01,4.45,61846,0.65,0.29,0.73,synthetic
Kenya,Nairobi,Google,2023,10,2023-10-01,4.46,74946,0.39,0.29,0.77,synthetic
Kenya,Nairobi,Tripadvisor,2023,10,2023-10-01,4.49,77522,0.3,0.09,0.76,synthetic
Kenya,Nairobi,Booking,2023,10,2023-10-01,4.58,71499,0.92,0.16,0.75,synthetic
Kenya,Nairobi,Google,2023,11,2023-11-01,4.52,77705,0.51,0.19,0.79,synthetic
Kenya,Nairobi,Tripadvisor,2023,11,2023-11-01,4.52,70560,0.67,0.29,0.75,synthetic
Kenya,Nairobi,Booking,2023,11,2023-11-01,4.5,66352,0.46,0.25,0.75,synthetic
Kenya,Nairobi,Google,2023,12,2023-12-01,4.4,81948,0.6,0.19,0.78,synthetic
Kenya,Nairobi,Tripadvisor,2023,12,2023-12-01,4.52,61811,0.84,0.44,0.71,synthetic
Kenya,Nairobi,Booking,2023,12,2023-12-01,4.49,69562,0.32,0.33,0.79,synthetic
Kenya,Nairobi,Google,2024,1,2024-01-01,4.55,79804,0.74,0.19,0.87,synthetic
Kenya,Nairobi,Tripadvisor,2024,1,2024-01-01,4.47,73186,0.51,0.24,0.72,synthetic
Kenya,Nairobi,Booking,2024,1,2024-01-01,4.5,80728,0.48,0.32,0.7,synthetic
Kenya,Nairobi,Google,2024,2,2024-02-01,4.56,86361,0.6,0.24,0.79,synthetic
Kenya,Nairobi,Tripadvisor,2024,2,2024-02-01,4.46,79821,0.58,0.56,0.67,synthetic
Kenya,Nairobi,Booking,2024,2,2024-02-01,4.35,73410,0.34,0.23,0.61,synthetic
Kenya,Nairobi,Google,2024,3,2024-03-01,4.46,69334,0.74,0.3,0.78,synthetic
Kenya,Nairobi,Tripadvisor,2024,3,2024-03-01,4.52,88350,0.55,0.46,0.78,synthetic
Kenya,Nairobi,Booking,2024,3,2024-03-01,4.47,85398,0.6,0.28,0.74,synthetic
Kenya,Nairobi,Google,2024,4,2024-04-01,4.56,59293,0.55,0.37,0.79,synthetic
Kenya,Nairobi,Tripadvisor,2024,4,2024-04-01,4.45,56906,0.86,0.28,0.8,synthetic
Kenya,Nairobi,Booking,2024,4,2024-04-01,4.56,71921,0.22,0.25,0.78,synthetic
Kenya,Nairobi,Google,2024,5,2024-05-01,4.54,68895,0.63,0.32,0.82,synthetic
Kenya,Nairobi,Tripadvisor,2024,5,2024-05-01,4.49,83715,0.64,0.39,0.71,synthetic
Kenya,Nairobi,Booking,2024,5,2024-05-01,4.33,77232,0.57,0.18,0.59,synthetic
Kenya,Nairobi,Google,2024,6,2024-06-01,4.48,78396,0.61,0.07,0.65,synthetic
Kenya,Nairobi,Tripadvisor,2024,6,2024-06-01,4.58,77683,0.6,0.17,0.79,synthetic
Kenya,Nairobi,Booking,2024,6,2024-06-01,4.49,73592,0.38,0.21,0.84,synthetic
Kenya,Nairobi,Google,2024,7,2024-07-01,4.49,87024,0.57,0.27,0.71,synthetic
Kenya,Nairobi,Tripadvisor,2024,7,2024-07-01,4.59,83051,0.48,0.26,0.85,synthetic
Kenya,Nairobi,Booking,2024,7,2024-07-01,4.34,82454,0.68,0.23,0.68,synthetic
Kenya,Nairobi,Google,2024,8,2024-08-01,4.54,67748,0.73,0.33,0.76,synthetic
Kenya,Nairobi,Tripadvisor,2024,8,2024-08-01,4.52,86238,0.95,0.36,0.8,synthetic
Kenya,Nairobi,Booking,2024,8,2024-08-01,4.52,97632,0.38,0.13,0.77,synthetic
Kenya,Nairobi,Google,2024,9,2024-09-01,4.55,54932,0.6,0.28,0.81,synthetic
Kenya,Nairobi,Tripadvisor,2024,9,2024-09-01,4.54,62243,0.44,0.22,0.81,synthetic
Kenya,Nairobi,Booking,2024,9,2024-09-01,4.54,73571,0.62,0.19,0.87,synthetic
Kenya,Nairobi,Google,2024,10,2024-10-01,4.55,86991,0.81,0.4,0.78,synthetic
Kenya,Nairobi,Tripadvisor,2024,10,2024-10-01,4.5,91781,0.6,0.23,0.85,synthetic
Kenya,Nairobi,Booking,2024,10,2024-10-01,4.46,62944,0.75,0.23,0.75,synthetic
Kenya,Nairobi,Google,2024,11,2024-11-01,4.62,66377,0.59,0.45,0.85,synthetic
Kenya,Nairobi,Tripadvisor,2024,11,2024-11-01,4.5,102284,0.59,0.34,0.83,synthetic
Kenya,Nairobi,Booking,2024,11,2024-11-01,4.57,92100,0.47,0.42,0.79,synthetic
Kenya,Nairobi,Google,2024,12,2024-12-01,4.47,81609,0.63,0.49,0.75,synthetic
Kenya,Nairobi,Tripadvisor,2024,12,2024-12-01,4.47,69844,0.59,0.17,0.7,synthetic
Kenya,Nairobi,Booking,2024,12,2024-12-01,4.5,75467,0.71,0.23,0.63,synthetic
Kenya,Nairobi,Google,2025,1,2025-01-01,4.41,85198,0.51,0.18,0.8,synthetic
Kenya,Nairobi,Tripadvisor,2025,1,2025-01-01,4.56,84782,0.63,0.27,0.72,synthetic
Kenya,Nairobi,Booking,2025,1,2025-01-01,4.57,94103,0.3,0.32,0.8,synthetic
Kenya,Nairobi,Google,2025,2,2025-02-01,4.49,106868,0.9,0.26,0.74,synthetic
Kenya,Nairobi,Tripadvisor,2025,2,2025-02-01,4.49,79117,0.46,0.35,0.84,synthetic
Kenya,Nairobi,Booking,2025,2,2025-02-01,4.61,93466,0.24,0.11,0.86,synthetic
Kenya,Nairobi,Google,2025,3,2025-03-01,4.61,91054,0.55,0.44,0.84,synthetic
Kenya,Nairobi,Tripadvisor,2025,3,2025-03-01,4.58,66358,0.65,0.48,0.82,synthetic
Kenya,Nairobi,Booking,2025,3,2025-03-01,4.57,85753,0.62,0.44,0.75,synthetic
Kenya,Nairobi,Google,2025,4,2025-04-01,4.47,80481,0.6,0.14,0.77,synthetic
Kenya,Nairobi,Tripadvisor,2025,4,2025-04-01,4.5,94127,0.28,0.39,0.82,synthetic
Kenya,Nairobi,Booking,2025,4,2025-04-01,4.54,85688,0.73,0.43,0.8,synthetic
Kenya,Nairobi,Google,2025,5,2025-05-01,4.55,102357,0.71,0.22,0.84,synthetic
Kenya,Nairobi,Tripadvisor,2025,5,2025-05-01,4.51,85721,0.62,0.4,0.84,synthetic
Kenya,Nairobi,Booking,2025,5,2025-05-01,4.51,103118,0.62,0.44,0.77,synthetic
Kenya,Nairobi,Google,2025,6,2025-06-01,4.48,105073,0.51,0.23,0.68,synthetic
Kenya,Nairobi,Tripadvisor,2025,6,2025-06-01,4.59,100784,0.66,0.2,0.79,synthetic
Kenya,Nairobi,Booking,2025,6,2025-06-01,4.49,74822,0.53,0.35,0.72,synthetic
Morocco,Marrakesh,Google,2023,1,2023-01-01,4.12,96851,0.73,0.32,0.58,synthetic
Morocco,Marrakesh,Tripadvisor,2023,1,2023-01-01,3.95,92349,0.49,0.3,0.54,synthetic
Morocco,Marrakesh,Booking,2023,1,2023-01-01,4.04,90645,0.61,0.29,0.5,synthetic
Morocco,Marrakesh,Google,2023,2,2023-02-01,4.01,110938,0.49,0.27,0.56,synthetic
Morocco,Marrakesh,Tripadvisor,2023,2,2023-02-01,4.04,117223,0.82,0.16,0.54,synthetic
Morocco,Marrakesh,Booking,2023,2,2023-02-01,3.98,87006,0.48,0.27,0.48,synthetic
Morocco,Marrakesh,Google,2023,3,2023-03-01,3.98,101458,0.97,0.13,0.55,synthetic
Morocco,Marrakesh,Tripadvisor,2023,3,2023-03-01,4.01,96285,0.3,0.38,0.43,synthetic
Morocco,Marrakesh,Booking,2023,3,2023-03-01,4.06,122860,0.41,0.42,0.53,synthetic
Morocco,Marrakesh,Google,2023,4,2023-04-01,3.89,86932,0.63,0.34,0.37,synthetic
Morocco,Marrakesh,Tripadvisor,2023,4,2023-04-01,4.02,111668,0.75,0.26,0.53,synthetic
Morocco,Marrakesh,Booking,2023,4,2023-04-01,4.08,112020,0.73,0.31,0.53,synthetic
Morocco,Marrakesh,Google,2023,5,2023-05-01,4.03,92310,0.77,0.15,0.49,synthetic
Morocco,Marrakesh,Tripadvisor,2023,5,2023-05-01,4.01,107352,0.7,0.45,0.51,synthetic
Morocco,Marrakesh,Booking,2023,5,2023-05-01,3.97,99856,0.55,0.35,0.43,synthetic
Morocco,Marrakesh,Google,2023,6,2023-06-01,4.0,121413,0.63,0.19,0.49,synthetic
Morocco,Marrakesh,Tripadvisor,2023,6,2023-06-01,3.88,100907,0.85,0.18,0.37,synthetic
Morocco,Marrakesh,Booking,2023,6,2023-06-01,3.98,112860,0.86,0.34,0.42,synthetic
Morocco,Marrakesh,Google,2023,7,2023-07-01,4.01,123447,0.55,0.31,0.52,synthetic
Morocco,Marrakesh,Tripadvisor,2023,7,2023-07-01,3.92,113794,0.73,0.1,0.39,synthetic
Morocco,Marrakesh,Booking,2023,7,2023-07-01,3.96,110751,0.49,0.34,0.47,synthetic
Morocco,Marrakesh,Google,2023,8,2023-08-01,4.02,107672,0.64,0.3,0.53,synthetic
Morocco,Marrakesh,Tripadvisor,2023,8,2023-08-01,4.03,99068,0.54,0.49,0.49,synthetic
Morocco,Marrakesh,Booking,2023,8,2023-08-01,4.1,93269,0.72,0.48,0.53,synthetic
Morocco,Marrakesh,Google,2023,9,2023-09-01,3.97,96390,0.6,0.33,0.49,synthetic
Morocco,Marrakesh,Tripadvisor,2023,9,2023-09-01,3.99,125460,0.57,0.24,0.54,synthetic
Morocco,Marrakesh,Booking,2023,9,2023-09-01,4.07,118850,0.89,0.33,0.52,synthetic
Morocco,Marrakesh,Google,2023,10,2023-10-01,3.9,90187,0.63,0.18,0.37,synthetic
Morocco,Marrakesh,Tripadvisor,2023,10,2023-10-01,4.02,111097,0.56,0.39,0.54,synthetic
Morocco,Marrakesh,Booking,2023,10,2023-10-01,4.08,128130,0.99,0.37,0.52,synthetic
Morocco,Marrakesh,Google,2023,11,2023-11-01,4.02,120810,0.47,0.44,0.5,synthetic
Morocco,Marrakesh,Tripadvisor,2023,11,2023-11-01,4.03,91775,0.4,0.27,0.58,synthetic
Morocco,Marrakesh,Booking,2023,11,2023-11-01,3.97,121289,0.51,0.19,0.5,synthetic
Morocco,Marrakesh,Google,2023,12,2023-12-01,4.06,103918,0.62,0.46,0.53,synthetic
Morocco,Marrakesh,Tripadvisor,2023,12,2023-12-01,3.99,87808,0.79,0.26,0.48,synthetic
Morocco,Marrakesh,Booking,2023,12,2023-12-01,4.08,126675,0.64,0.29,0.54,synthetic
Morocco,Marrakesh,Google,2024,1,2024-01-01,3.99,105068,0.55,0.39,0.49,synthetic
Morocco,Marrakesh,Tripadvisor,2024,1,2024-01-01,4.1,108223,0.54,0.43,0.55,synthetic
Morocco,Marrakesh,Booking,2024,1,2024-01-01,4.01,110197,0.82,0.33,0.57,synthetic
Morocco,Marrakesh,Google,2024,2,2024-02-01,4.0,124103,0.64,0.39,0.55,synthetic
Morocco,Marrakesh,Tripadvisor,2024,2,2024-02-01,3.96,110702,0.74,0.41,0.54,synthetic
Morocco,Marrakesh,Booking,2024,2,2024-02-01,4.02,130040,0.5,0.15,0.5,synthetic
Morocco,Marrakesh,Google,2024,3,2024-03-01,4.09,95448,0.38,0.13,0.58,synthetic
Morocco,Marrakesh,Tripadvisor,2024,3,2024-03-01,3.93,116986,0.55,0.22,0.41,synthetic
Morocco,Marrakesh,Booking,2024,3,2024-03-01,4.03,99822,0.6,0.34,0.54,synthetic
Morocco,Marrakesh,Google,2024,4,2024-04-01,4.07,111924,0.44,0.35,0.57,synthetic
Morocco,Marrakesh,Tripadvisor,2024,4,2024-04-01,4.0,105963,0.97,0.17,0.53,synthetic
Morocco,Marrakesh,Booking,2024,4,2024-04-01,4.08,105260,0.57,0.26,0.54,synthetic
Morocco,Marrakesh,Google,2024,5,2024-05-01,4.07,107144,1.07,0.25,0.6,synthetic
Morocco,Marrakesh,Tripadvisor,2024,5,2024-05-01,4.05,111183,0.82,0.14,0.54,synthetic
Morocco,Marrakesh,Booking,2024,5,2024-05-01,3.97,104012,0.53,0.2,0.4,synthetic
Morocco,Marrakesh,Google,2024,6,2024-06-01,4.04,108887,0.55,0.38,0.54,synthetic
Morocco,Marrakesh,Tripadvisor,2024,6,2024-06-01,4.0,149937,0.75,0.54,0.48,synthetic
Morocco,Marrakesh,Booking,2024,6,2024-06-01,4.03,93446,0.55,0.24,0.66,synthetic
Morocco,Marrakesh,Google,2024,7,2024-07-01,3.97,106672,0.38,0.35,0.44,synthetic
Morocco,Marrakesh,Tripadvisor,2024,7,2024-07-01,4.07,86201,0.58,0.12,0.51,synthetic
Morocco,Marrakesh,Booking,2024,7,2024-07-01,4.0,101865,0.52,0.4,0.61,synthetic
Morocco,Marrakesh,Google,2024,8,2024-08-01,4.04,98427,0.61,0.26,0.56,synthetic
Morocco,Marrakesh,Tripadvisor,2024,8,2024-08-01,4.03,88974,0.76,0.4,0.59,synthetic
Morocco,Marrakesh,Booking,2024,8,2024-08-01,3.98,113719,0.42,0.29,0.51,synthetic
Morocco,Marrakesh,Google,2024,9,2024-09-01,3.98,114263,0.63,0.26,0.56,synthetic
Morocco,Marrakesh,Tripadvisor,2024,9,2024-09-01,4.0,111504,0.38,0.35,0.48,synthetic
Morocco,Marrakesh,Booking,2024,9,2024-09-01,4.07,92486,0.66,0.08,0.57,synthetic
Morocco,Marrakesh,Google,2024,10,2024-10-01,4.0,115014,0.51,0.21,0.48,synthetic
Morocco,Marrakesh,Tripadvisor,2024,10,2024-10-01,4.03,117348,0.65,0.21,0.61,synthetic
Morocco,Marrakesh,Booking,2024,10,2024-10-01,4.03,101558,0.66,0.33,0.51,synthetic
Morocco,Marrakesh,Google,2024,11,2024-11-01,4.0,122726,0.86,0.1,0.56,synthetic
Morocco,Marrakesh,Tripadvisor,2024,11,2024-11-01,4.02,112872,0.8,0.05,0.55,synthetic
Morocco,Marrakesh,Booking,2024,11,2024-11-01,4.09,100685,0.39,0.46,0.46,synthetic
Morocco,Marrakesh,Google,2024,12,2024-12-01,4.04,123229,0.66,0.36,0.51,synthetic
Morocco,Marrakesh,Tripadvisor,2024,12,2024-12-01,4.04,100424,0.51,0.3,0.44,synthetic
Morocco,Marrakesh,Booking,2024,12,2024-12-01,4.05,77082,0.65,0.35,0.48,synthetic
Morocco,Marrakesh,Google,2025,1,2025-01-01,3.94,112110,0.7,0.33,0.41,synthetic
Morocco,Marrakesh,Tripadvisor,2025,1,2025-01-01,4.02,121590,0.63,0.2,0.52,synthetic
Morocco,Marrakesh,Booking,2025,1,2025-01-01,4.07,125480,0.66,0.46,0.54,synthetic
Morocco,Marrakesh,Google,2025,2,2025-02-01,3.96,106019,0.63,0.16,0.47,synthetic
Morocco,Marrakesh,Tripadvisor,2025,2,2025-02-01,4.04,134452,0.37,0.31,0.52,synthetic
Morocco,Marrakesh,Booking,2025,2,2025-02-01,4.02,119887,0.6,0.44,0.57,synthetic
Morocco,Marrakesh,Google,2025,3,2025-03-01,4.14,117735,0.54,0.2,0.55,synthetic
Morocco,Marrakesh,Tripadvisor,2025,3,2025-03-01,4.06,130171,0.7,0.23,0.5,synthetic
Morocco,Marrakesh,Booking,2025,3,2025-03-01,4.13,106115,0.81,0.34,0.53,synthetic
Morocco,Marrakesh,Google,2025,4,2025-04-01,3.94,108139,0.66,0.21,0.55,synthetic
Morocco,Marrakesh,Tripadvisor,2025,4,2025-04-01,4.0,127793,0.69,0.46,0.48,synthetic
Morocco,Marrakesh,Booking,2025,4,2025-04-01,4.02,98060,0.62,0.41,0.52,synthetic
Morocco,Marrakesh,Google,2025,5,2025-05-01,4.15,125236,0.52,0.35,0.5,synthetic
Morocco,Marrakesh,Tripadvisor,2025,5,2025-05-01,3.97,100668,0.6,0.29,0.54,synthetic
Morocco,Marrakesh,Booking,2025,5,2025-05-01,4.01,103703,0.83,0.05,0.51,synthetic
Morocco,Marrakesh,Google,2025,6,2025-06-01,4.03,117739,0.68,0.31,0.54,synthetic
Morocco,Marrakesh,Tripadvisor,2025,6,2025-06-01,3.98,97244,0.59,0.2,0.45,synthetic
Morocco,Marrakesh,Booking,2025,6,2025-06-01,4.08,139924,0.77,0.4,0.55,synthetic
Egypt,Cairo,Google,2023,1,2023-01-01,4.45,75018,0.46,0.37,0.66,synthetic
Egypt,Cairo,Tripadvisor,2023,1,2023-01-01,4.47,48263,0.42,0.17,0.75,synthetic
Egypt,Cairo,Booking,2023,1,2023-01-01,4.45,78689,0.59,0.38,0.73,synthetic
Egypt,Cairo,Google,2023,2,2023-02-01,4.47,61856,0.76,0.19,0.61,synthetic
Egypt,Cairo,Tripadvisor,2023,2,2023-02-01,4.45,47636,0.8,0.25,0.68,synthetic
Egypt,Cairo,Booking,2023,2,2023-02-01,4.59,60673,0.57,0.37,0.84,synthetic
Egypt,Cairo,Google,2023,3,2023-03-01,4.5,51081,0.68,0.27,0.7,synthetic
Egypt,Cairo,Tripadvisor,2023,3,2023-03-01,4.43,47591,0.74,0.27,0.69,synthetic
Egypt,Cairo,Booking,2023,3,2023-03-01,4.42,59585,0.77,0.19,0.69,synthetic
Egypt,Cairo,Google,2023,4,2023-04-01,4.42,53035,0.62,0.23,0.64,synthetic
Egypt,Cairo,Tripadvisor,2023,4,2023-04-01,4.46,72098,0.61,0.29,0.72,synthetic
Egypt,Cairo,Booking,2023,4,2023-04-01,4.4,69346,0.61,0.08,0.76,synthetic
Egypt,Cairo,Google,2023,5,2023-05-01,4.49,65197,0.19,0.3,0.79,synthetic
Egypt,Cairo,Tripadvisor,2023,5,2023-05-01,4.45,62304,0.73,0.31,0.79,synthetic
Egypt,Cairo,Booking,2023,5,2023-05-01,4.44,61407,0.73,0.26,0.66,synthetic
Egypt,Cairo,Google,2023,6,2023-06-01,4.43,65115,0.74,0.39,0.71,synthetic
Egypt,Cairo,Tripadvisor,2023,6,2023-06-01,4.42,56487,0.64,0.14,0.71,synthetic
Egypt,Cairo,Booking,2023,6,2023-06-01,4.6,49834,0.62,0.34,0.83,synthetic
Egypt,Cairo,Google,2023,7,2023-07-01,4.37,64570,0.52,0.16,0.73,synthetic
Egypt,Cairo,Tripadvisor,2023,7,2023-07-01,4.47,53755,0.52,0.24,0.65,synthetic
Egypt,Cairo,Booking,2023,7,2023-07-01,4.48,66644,0.55,0.3,0.74,synthetic
Egypt,Cairo,Google,2023,8,2023-08-01,4.44,50975,0.67,0.18,0.76,synthetic
Egypt,Cairo,Tripadvisor,2023,8,2023-08-01,4.37,51321,0.6,0.29,0.69,synthetic
Egypt,Cairo,Booking,2023,8,2023-08-01,4.38,62287,0.64,0.42,0.7,synthetic
Egypt,Cairo,Google,2023,9,2023-09-01,4.39,50978,0.37,0.33,0.74,synthetic
Egypt,Cairo,Tripadvisor,2023,9,2023-09-01,4.38,62670,0.57,0.37,0.73,synthetic
Egypt,Cairo,Booking,2023,9,2023-09-01,4.29,68339,0.64,0.25,0.62,synthetic
Egypt,Cairo,Google,2023,10,2023-10-01,4.43,57132,0.46,0.23,0.66,synthetic
Egypt,Cairo,Tripadvisor,2023,10,2023-10-01,4.51,61215,0.94,0.34,0.78,synthetic
Egypt,Cairo,Booking,2023,10,2023-10-01,4.37,59215,0.61,0.24,0.66,synthetic
Egypt,Cairo,Google,2023,11,2023-11-01,4.45,64016,0.4,0.33,0.75,synthetic
Egypt,Cairo,Tripadvisor,2023,11,2023-11-01,4.39,55759,0.67,0.05,0.7,synthetic
Egypt,Cairo,Booking,2023,11,2023-11-01,4.53,41862,0.72,0.35,0.69,synthetic
Egypt,Cairo,Google,2023,12,2023-12-01,4.46,68115,0.42,0.23,0.73,synthetic
Egypt,Cairo,Tripadvisor,2023,12,2023-12-01,4.49,56859,0.59,0.23,0.75,synthetic
Egypt,Cairo,Booking,2023,12,2023-12-01,4.49,61580,0.55,0.3,0.71,synthetic
Egypt,Cairo,Google,2024,1,2024-01-01,4.37,75156,0.85,0.12,0.71,synthetic
Egypt,Cairo,Tripadvisor,2024,1,2024-01-01,4.48,56123,0.53,0.24,0.84,synthetic
Egypt,Cairo,Booking,2024,1,2024-01-01,4.53,58413,0.38,0.38,0.79,synthetic
Egypt,Cairo,Google,2024,2,2024-02-01,4.5,57326,0.71,0.23,0.78,synthetic
Egypt,Cairo,Tripadvisor,2024,2,2024-02-01,4.43,80650,0.67,0.27,0.72,synthetic
Egypt,Cairo,Booking,2024,2,2024-02-01,4.42,56574,0.89,0.46,0.7,synthetic
Egypt,Cairo,Google,2024,3,2024-03-01,4.47,81839,0.79,0.27,0.73,synthetic
Egypt,Cairo,Tripadvisor,2024,3,2024-03-01,4.33,71778,0.79,0.42,0.7,synthetic
Egypt,Cairo,Booking,2024,3,2024-03-01,4.45,57809,0.65,0.24,0.75,synthetic
Egypt,Cairo,Google,2024,4,2024-04-01,4.38,69761,0.8,0.34,0.71,synthetic
Egypt,Cairo,Tripadvisor,2024,4,2024-04-01,4.48,79624,0.58,0.35,0.82,synthetic
Egypt,Cairo,Booking,2024,4,2024-04-01,4.47,49892,0.49,0.38,0.71,synthetic
Egypt,Cairo,Google,2024,5,2024-05-01,4.52,80314,0.51,0.2,0.74,synthetic
Egypt,Cairo,Tripadvisor,2024,5,2024-05-01,4.4,77778,0.44,0.37,0.77,synthetic
Egypt,Cairo,Booking,2024,5,2024-05-01,4.48,69112,0.58,0.48,0.73,synthetic
Egypt,Cairo,Google,2024,6,2024-06-01,4.49,64421,0.32,0.27,0.74,synthetic
Egypt,Cairo,Tripadvisor,2024,6,2024-06-01,4.42,60468,0.69,0.37,0.7,synthetic
Egypt,Cairo,Booking,2024,6,2024-06-01,4.41,57392,0.64,0.44,0.77,synthetic
Egypt,Cairo,Google,2024,7,2024-07-01,4.39,81364,0.55,0.2,0.63,synthetic
Egypt,Cairo,Tripadvisor,2024,7,2024-07-01,4.36,68302,0.56,0.24,0.64,synthetic
Egypt,Cairo,Booking,2024,7,2024-07-01,4.36,58659,0.75,0.48,0.78,synthetic
Egypt,Cairo,Google,2024,8,2024-08-01,4.47,61793,0.5,0.38,0.72,synthetic
Egypt,Cairo,Tripadvisor,2024,8,2024-08-01,4.45,80885,0.63,0.53,0.67,synthetic
Egypt,Cairo,Booking,2024,8,2024-08-01,4.46,68145,0.45,0.38,0.8,synthetic
Egypt,Cairo,Google,2024,9,2024-09-01,4.56,68913,0.31,0.35,0.82,synthetic
Egypt,Cairo,Tripadvisor,2024,9,2024-09-01,4.42,67367,0.53,0.29,0.76,synthetic
Egypt,Cairo,Booking,2024,9,2024-09-01,4.51,55658,0.52,0.14,0.85,synthetic
Egypt,Cairo,Google,2024,10,2024-10-01,4.48,49903,0.59,0.27,0.7,synthetic
Egypt,Cairo,Tripadvisor,2024,10,2024-10-01,4.49,73658,0.64,0.24,0.71,synthetic
Egypt,Cairo,Booking,2024,10,2024-10-01,4.43,62070,0.6,0.36,0.64,synthetic
Egypt,Cairo,Google,2024,11,2024-11-01,4.38,65407,0.83,0.38,0.69,synthetic
Egypt,Cairo,Tripadvisor,2024,11,2024-11-01,4.45,64872,0.76,0.34,0.79,synthetic
Egypt,Cairo,Booking,2024,11,2024-11-01,4.35,59319,0.64,0.35,0.79,synthetic
Egypt,Cairo,Google,2024,12,2024-12-01,4.32,65411,0.59,0.32,0.75,synthetic
Egypt,Cairo,Tripadvisor,2024,12,2024-12-01,4.48,53031,0.83,0.45,0.75,synthetic
Egypt,Cairo,Booking,2024,12,2024-12-01,4.33,64477,0.67,0.4,0.58,synthetic
Egypt,Cairo,Google,2025,1,2025-01-01,4.38,79831,0.83,0.34,0.75,synthetic
Egypt,Cairo,Tripadvisor,2025,1,2025-01-01,4.46,78689,0.62,0.35,0.67,synthetic
Egypt,Cairo,Booking,2025,1,2025-01-01,4.47,59936,0.71,0.26,0.75,synthetic
Egypt,Cairo,Google,2025,2,2025-02-01,4.37,66274,0.66,0.38,0.74,synthetic
Egypt,Cairo,Tripadvisor,2025,2,2025-02-01,4.36,57830,0.45,0.19,0.76,synthetic
Egypt,Cairo,Booking,2025,2,2025-02-01,4.51,62101,0.86,0.43,0.67,synthetic
Egypt,Cairo,Google,2025,3,2025-03-01,4.37,56492,0.59,0.3,0.68,synthetic
Egypt,Cairo,Tripadvisor,2025,3,2025-03-01,4.31,58456,0.64,0.36,0.55,synthetic
Egypt,Cairo,Booking,2025,3,2025-03-01,4.35,79191,0.42,0.3,0.61,synthetic
Egypt,Cairo,Google,2025,4,2025-04-01,4.48,53464,0.55,0.39,0.77,synthetic
Egypt,Cairo,Tripadvisor,2025,4,2025-04-01,4.4,64623,0.57,0.17,0.7,synthetic
Egypt,Cairo,Booking,2025,4,2025-04-01,4.42,66999,0.75,0.19,0.63,synthetic
Egypt,Cairo,Google,2025,5,2025-05-01,4.4,71586,0.58,0.28,0.64,synthetic
Egypt,Cairo,Tripadvisor,2025,5,2025-05-01,4.37,66403,0.51,0.41,0.7,synthetic
Egypt,Cairo,Booking,2025,5,2025-05-01,4.4,79805,0.67,0.16,0.54,synthetic
Egypt,Cairo,Google,2025,6,2025-06-01,4.35,75573,0.73,0.13,0.71,synthetic
Egypt,Cairo,Tripadvisor,2025,6,2025-06-01,4.47,82345,0.74,0.44,0.76,synthetic
Egypt,Cairo,Booking,2025,6,2025-06-01,4.46,67682,0.72,0.17,0.72,synthetic
Israel,Tel Aviv,Google,2023,1,2023-01-01,4.08,57928,0.57,0.4,0.5,synthetic
Israel,Tel Aviv,Tripadvisor,2023,1,2023-01-01,4.15,51314,0.42,0.28,0.64,synthetic
Israel,Tel Aviv,Booking,2023,1,2023-01-01,4.05,42662,0.66,0.13,0.6,synthetic
Israel,Tel Aviv,Google,2023,2,2023-02-01,4.2,58375,0.6,0.47,0.67,synthetic
Israel,Tel Aviv,Tripadvisor,2023,2,2023-02-01,4.08,60870,0.46,0.28,0.45,synthetic
Israel,Tel Aviv,Booking,2023,2,2023-02-01,4.12,50073,0.53,0.28,0.53,synthetic
Israel,Tel Aviv,Google,2023,3,2023-03-01,4.11,59903,0.44,0.39,0.57,synthetic
Israel,Tel Aviv,Tripadvisor,2023,3,2023-03-01,4.13,51716,0.49,0.34,0.59,synthetic
Israel,Tel Aviv,Booking,2023,3,2023-03-01,4.06,43570,0.61,0.38,0.58,synthetic
Israel,Tel Aviv,Google,2023,4,2023-04-01,4.18,54221,0.56,0.3,0.53,synthetic
Israel,Tel Aviv,Tripadvisor,2023,4,2023-04-01,4.07,51576,0.56,0.31,0.47,synthetic
Israel,Tel Aviv,Booking,2023,4,2023-04-01,4.04,56739,0.47,0.23,0.52,synthetic
Israel,Tel Aviv,Google,2023,5,2023-05-01,4.05,58799,0.41,0.3,0.49,synthetic
Israel,Tel Aviv,Tripadvisor,2023,5,2023-05-01,4.12,48809,0.6,0.42,0.52,synthetic
Israel,Tel Aviv,Booking,2023,5,2023-05-01,4.07,49940,0.82,0.29,0.6,synthetic
Israel,Tel Aviv,Google,2023,6,2023-06-01,4.1,59318,0.66,0.36,0.48,synthetic
Israel,Tel Aviv,Tripadvisor,2023,6,2023-06-01,4.01,58574,0.76,0.54,0.43,synthetic
Israel,Tel Aviv,Booking,2023,6,2023-06-01,4.14,45530,0.49,0.25,0.59,synthetic
Israel,Tel Aviv,Google,2023,7,2023-07-01,4.07,52117,0.72,0.41,0.57,synthetic
Israel,Tel Aviv,Tripadvisor,2023,7,2023-07-01,4.14,51025,0.51,0.35,0.52,synthetic
Israel,Tel Aviv,Booking,2023,7,2023-07-01,4.12,45207,0.59,0.19,0.54,synthetic
Israel,Tel Aviv,Google,2023,8,2023-08-01,4.07,46946,0.59,0.06,0.44,synthetic
Israel,Tel Aviv,Tripadvisor,2023,8,2023-08-01,4.16,52826,0.49,0.4,0.55,synthetic
Israel,Tel Aviv,Booking,2023,8,2023-08-01,4.07,47028,0.89,0.32,0.55,synthetic
Israel,Tel Aviv,Google,2023,9,2023-09-01,4.14,40367,0.51,0.35,0.57,synthetic
Israel,Tel Aviv,Tripadvisor,2023,9,2023-09-01,4.24,48574,0.74,0.38,0.63,synthetic
Israel,Tel Aviv,Booking,2023,9,2023-09-01,4.13,50100,0.3,0.33,0.59,synthetic
Israel,Tel Aviv,Google,2023,10,2023-10-01,4.14,52301,0.75,0.21,0.65,synthetic
Israel,Tel Aviv,Tripadvisor,2023,10,2023-10-01,4.05,51236,0.7,0.25,0.56,synthetic
Israel,Tel Aviv,Booking,2023,10,2023-10-01,4.09,52643,0.57,0.24,0.66,synthetic
Israel,Tel Aviv,Google,2023,11,2023-11-01,4.06,37667,0.48,0.31,0.51,synthetic
Israel,Tel Aviv,Tripadvisor,2023,11,2023-11-01,4.17,58025,0.55,0.13,0.52,synthetic
Israel,Tel Aviv,Booking,2023,11,2023-11-01,4.11,42162,0.54,0.44,0.57,synthetic
Israel,Tel Aviv,Google,2023,12,2023-12-01,4.11,45425,0.63,0.27,0.57,synthetic
Israel,Tel Aviv,Tripadvisor,2023,12,2023-12-01,4.15,57502,0.62,0.35,0.55,synthetic
Israel,Tel Aviv,Booking,2023,12,2023-12-01,4.18,46382,0.57,0.42,0.56,synthetic
Israel,Tel Aviv,Google,2024,1,2024-01-01,4.03,53297,0.81,0.07,0.52,synthetic
Israel,Tel Aviv,Tripadvisor,2024,1,2024-01-01,4.07,54932,0.55,0.4,0.54,synthetic
Israel,Tel Aviv,Booking,2024,1,2024-01-01,4.17,64699,0.6,0.26,0.6,synthetic
Israel,Tel Aviv,Google,2024,2,2024-02-01,4.14,48302,0.64,0.27,0.55,synthetic
Israel,Tel Aviv,Tripadvisor,2024,2,2024-02-01,4.07,51851,0.79,0.26,0.59,synthetic
Israel,Tel Aviv,Booking,2024,2,2024-02-01,4.12,48440,0.63,0.18,0.59,synthetic
Israel,Tel Aviv,Google,2024,3,2024-03-01,4.1,61813,0.82,0.13,0.53,synthetic
Israel,Tel Aviv,Tripadvisor,2024,3,2024-03-01,4.04,70579,0.53,0.17,0.63,synthetic
Israel,Tel Aviv,Booking,2024,3,2024-03-01,4.07,45149,0.43,0.31,0.53,synthetic
Israel,Tel Aviv,Google,2024,4,2024-04-01,4.06,52797,0.61,0.43,0.55,synthetic
Israel,Tel Aviv,Tripadvisor,2024,4,2024-04-01,4.08,54523,0.72,0.47,0.48,synthetic
Israel,Tel Aviv,Booking,2024,4,2024-04-01,4.18,53956,0.36,0.12,0.65,synthetic
Israel,Tel Aviv,Google,2024,5,2024-05-01,4.2,52232,0.57,0.12,0.64,synthetic
Israel,Tel Aviv,Tripadvisor,2024,5,2024-05-01,4.11,45618,0.63,0.16,0.58,synthetic
Israel,Tel Aviv,Booking,2024,5,2024-05-01,4.04,58328,0.5,0.06,0.57,synthetic
Israel,Tel Aviv,Google,2024,6,2024-06-01,4.17,52550,0.64,0.34,0.61,synthetic
Israel,Tel Aviv,Tripadvisor,2024,6,2024-06-01,4.21,58864,0.55,0.34,0.58,synthetic
Israel,Tel Aviv,Booking,2024,6,2024-06-01,4.04,64266,0.68,0.11,0.49,synthetic
Israel,Tel Aviv,Google,2024,7,2024-07-01,4.15,45540,0.49,0.57,0.56,synthetic
Israel,Tel Aviv,Tripadvisor,2024,7,2024-07-01,4.17,66154,0.46,0.33,0.69,synthetic
Israel,Tel Aviv,Booking,2024,7,2024-07-01,4.14,71974,0.5,0.48,0.57,synthetic
Israel,Tel Aviv,Google,2024,8,2024-08-01,4.09,60366,0.58,0.29,0.57,synthetic
Israel,Tel Aviv,Tripadvisor,2024,8,2024-08-01,4.0,50687,0.71,0.4,0.52,synthetic
Israel,Tel Aviv,Booking,2024,8,2024-08-01,4.13,58767,0.74,0.16,0.54,synthetic
Israel,Tel Aviv,Google,2024,9,2024-09-01,4.1,57377,0.28,0.17,0.55,synthetic
Israel,Tel Aviv,Tripadvisor,2024,9,2024-09-01,4.17,53241,0.5,0.35,0.57,synthetic
Israel,Tel Aviv,Booking,2024,9,2024-09-01,4.16,54571,0.43,0.44,0.64,synthetic
Israel,Tel Aviv,Google,2024,10,2024-10-01,4.05,58722,0.55,0.36,0.48,synthetic
Israel,Tel Aviv,Tripadvisor,2024,10,2024-10-01,4.16,64099,0.46,0.31,0.64,synthetic
Israel,Tel Aviv,Booking,2024,10,2024-10-01,4.05,51561,0.7,0.28,0.45,synthetic
Israel,Tel Aviv,Google,2024,11,2024-11-01,4.09,67809,0.91,0.24,0.5,synthetic
Israel,Tel Aviv,Tripadvisor,2024,11,2024-11-01,4.08,68182,0.73,0.45,0.59,synthetic
Israel,Tel Aviv,Booking,2024,11,2024-11-01,4.03,49677,0.5,0.25,0.48,synthetic
Israel,Tel Aviv,Google,2024,12,2024-12-01,4.08,60369,0.62,0.42,0.55,synthetic
Israel,Tel Aviv,Tripadvisor,2024,12,2024-12-01,4.07,57328,0.37,0.07,0.57,synthetic
Israel,Tel Aviv,Booking,2024,12,2024-12-01,4.17,56545,0.54,0.17,0.64,synthetic
Israel,Tel Aviv,Google,2025,1,2025-01-01,4.14,62317,0.6,0.25,0.51,synthetic
Israel,Tel Aviv,Tripadvisor,2025,1,2025-01-01,4.12,56322,0.54,0.47,0.56,synthetic
Israel,Tel Aviv,Booking,2025,1,2025-01-01,3.96,56344,0.45,0.29,0.41,synthetic
Israel,Tel Aviv,Google,2025,2,2025-02-01,4.13,58074,0.53,0.31,0.56,synthetic
Israel,Tel Aviv,Tripadvisor,2025,2,2025-02-01,4.1,58593,0.6,0.33,0.56,synthetic
Israel,Tel Aviv,Booking,2025,2,2025-02-01,4.18,56263,0.64,0.54,0.59,synthetic
Israel,Tel Aviv,Google,2025,3,2025-03-01,4.11,51084,0.49,0.29,0.58,synthetic
Israel,Tel Aviv,Tripadvisor,2025,3,2025-03-01,4.15,62570,0.72,0.2,0.6,synthetic
Israel,Tel Aviv,Booking,2025,3,2025-03-01,4.11,61115,0.55,0.2,0.49,synthetic
Israel,Tel Aviv,Google,2025,4,2025-04-01,4.13,63810,0.58,0.3,0.53,synthetic
Israel,Tel Aviv,Tripadvisor,2025,4,2025-04-01,4.14,60651,0.55,0.39,0.6,synthetic
Israel,Tel Aviv,Booking,2025,4,2025-04-01,4.02,60568,0.46,0.31,0.35,synthetic
Israel,Tel Aviv,Google,2025,5,2025-05-01,4.12,65357,0.58,0.18,0.66,synthetic
Israel,Tel Aviv,Tripadvisor,2025,5,2025-05-01,4.18,56376,0.56,0.1,0.61,synthetic
Israel,Tel Aviv,Booking,2025,5,2025-05-01,4.03,65028,0.75,0.29,0.46,synthetic
Israel,Tel Aviv,Google,2025,6,2025-06-01,4.18,60228,0.61,0.21,0.6,synthetic
Israel,Tel Aviv,Tripadvisor,2025,6,2025-06-01,4.1,50614,0.8,0.48,0.6,synthetic
Israel,Tel Aviv,Booking,2025,6,2025-06-01,4.16,72967,0.44,0.19,0.56,synthetic
Jordan,Amman,Google,2023,1,2023-01-01,4.18,161774,0.6,0.29,0.63,synthetic
Jordan,Amman,Tripadvisor,2023,1,2023-01-01,4.2,142207,0.66,0.46,0.6,synthetic
Jordan,Amman,Booking,2023,1,2023-01-01,4.25,173163,0.68,0.23,0.61,synthetic
Jordan,Amman,Google,2023,2,2023-02-01,4.18,194881,0.48,0.15,0.61,synthetic
Jordan,Amman,Tripadvisor,2023,2,2023-02-01,4.22,186825,0.74,0.28,0.62,synthetic
Jordan,Amman,Booking,2023,2,2023-02-01,4.17,178616,0.65,0.53,0.62,synthetic
Jordan,Amman,Google,2023,3,2023-03-01,4.23,201445,0.25,0.33,0.66,synthetic
Jordan,Amman,Tripadvisor,2023,3,2023-03-01,4.2,183381,0.46,0.26,0.56,synthetic
Jordan,Amman,Booking,2023,3,2023-03-01,4.25,217554,0.89,0.22,0.59,synthetic
Jordan,Amman,Google,2023,4,2023-04-01,4.15,161806,0.45,0.25,0.62,synthetic
Jordan,Amman,Tripadvisor,2023,4,2023-04-01,4.15,207631,0.81,0.33,0.64,synthetic
Jordan,Amman,Booking,2023,4,2023-04-01,4.11,171989,0.63,0.32,0.63,synthetic
Jordan,Amman,Google,2023,5,2023-05-01,4.13,172459,0.59,0.25,0.51,synthetic
Jordan,Amman,Tripadvisor,2023,5,2023-05-01,4.16,178905,0.82,0.2,0.62,synthetic
Jordan,Amman,Booking,2023,5,2023-05-01,4.27,172998,0.64,0.36,0.66,synthetic
Jordan,Amman,Google,2023,6,2023-06-01,4.2,169321,0.7,0.26,0.6,synthetic
Jordan,Amman,Tripadvisor,2023,6,2023-06-01,4.2,203271,0.89,0.23,0.6,synthetic
Jordan,Amman,Booking,2023,6,2023-06-01,4.1,217107,0.61,0.27,0.55,synthetic
Jordan,Amman,Google,2023,7,2023-07-01,4.2,168148,0.78,0.36,0.64,synthetic
Jordan,Amman,Tripadvisor,2023,7,2023-07-01,4.15,168098,0.58,0.38,0.6,synthetic
Jordan,Amman,Booking,2023,7,2023-07-01,4.15,199108,0.45,0.23,0.58,synthetic
Jordan,Amman,Google,2023,8,2023-08-01,4.12,163023,0.83,0.44,0.68,synthetic
Jordan,Amman,Tripadvisor,2023,8,2023-08-01,4.22,198599,0.58,0.26,0.65,synthetic
Jordan,Amman,Booking,2023,8,2023-08-01,4.27,201738,0.47,0.34,0.6,synthetic
Jordan,Amman,Google,2023,9,2023-09-01,4.17,220531,0.42,0.52,0.61,synthetic
Jordan,Amman,Tripadvisor,2023,9,2023-09-01,4.17,185845,0.5,0.25,0.59,synthetic
Jordan,Amman,Booking,2023,9,2023-09-01,4.17,163699,0.57,0.17,0.52,synthetic
Jordan,Amman,Google,2023,10,2023-10-01,4.12,221307,0.66,0.36,0.56,synthetic
Jordan,Amman,Tripadvisor,2023,10,2023-10-01,4.22,210347,0.66,0.46,0.61,synthetic
Jordan,Amman,Booking,2023,10,2023-10-01,4.23,199910,0.46,0.3,0.52,synthetic
Jordan,Amman,Google,2023,11,2023-11-01,4.19,178162,0.55,0.26,0.62,synthetic
Jordan,Amman,Tripadvisor,2023,11,2023-11-01,4.14,225480,0.69,0.22,0.6,synthetic
Jordan,Amman,Booking,2023,11,2023-11-01,4.25,192502,0.45,0.52,0.66,synthetic
Jordan,Amman,Google,2023,12,2023-12-01,4.12,188962,0.57,0.3,0.5,synthetic
Jordan,Amman,Tripadvisor,2023,12,2023-12-01,4.2,165949,0.55,0.34,0.57,synthetic
Jordan,Amman,Booking,2023,12,2023-12-01,4.18,202480,0.47,0.24,0.53,synthetic
Jordan,Amman,Google,2024,1,2024-01-01,4.14,202168,0.7,0.22,0.6,synthetic
Jordan,Amman,Tripadvisor,2024,1,2024-01-01,4.2,166053,0.63,0.42,0.51,synthetic
Jordan,Amman,Booking,2024,1,2024-01-01,4.31,184498,0.35,0.31,0.7,synthetic
Jordan,Amman,Google,2024,2,2024-02-01,4.18,206528,0.92,0.32,0.74,synthetic
Jordan,Amman,Tripadvisor,2024,2,2024-02-01,4.27,200315,0.64,0.27,0.65,synthetic
Jordan,Amman,Booking,2024,2,2024-02-01,4.23,189428,0.39,0.43,0.66,synthetic
Jordan,Amman,Google,2024,3,2024-03-01,4.11,203168,0.75,0.39,0.52,synthetic
Jordan,Amman,Tripadvisor,2024,3,2024-03-01,4.25,199444,0.66,0.21,0.41,synthetic
Jordan,Amman,Booking,2024,3,2024-03-01,4.15,211902,0.57,0.37,0.63,synthetic
Jordan,Amman,Google,2024,4,2024-04-01,4.17,188836,0.27,0.15,0.52,synthetic
Jordan,Amman,Tripadvisor,2024,4,2024-04-01,4.23,191426,0.52,0.24,0.57,synthetic
Jordan,Amman,Booking,2024,4,2024-04-01,4.25,201314,0.75,0.08,0.65,synthetic
Jordan,Amman,Google,2024,5,2024-05-01,4.16,192359,0.8,0.26,0.61,synthetic
Jordan,Amman,Tripadvisor,2024,5,2024-05-01,4.13,199946,0.36,0.29,0.59,synthetic
Jordan,Amman,Booking,2024,5,2024-05-01,4.26,179544,0.52,0.24,0.62,synthetic
Jordan,Amman,Google,2024,6,2024-06-01,4.14,147547,0.44,0.3,0.56,synthetic
Jordan,Amman,Tripadvisor,2024,6,2024-06-01,4.23,219204,0.53,0.14,0.63,synthetic
Jordan,Amman,Booking,2024,6,2024-06-01,4.19,192909,0.78,0.35,0.6,synthetic
Jordan,Amman,Google,2024,7,2024-07-01,4.2,219383,0.5,0.21,0.59,synthetic
Jordan,Amman,Tripadvisor,2024,7,2024-07-01,4.12,197998,0.61,0.29,0.54,synthetic
Jordan,Amman,Booking,2024,7,2024-07-01,4.29,221556,0.59,0.31,0.71,synthetic
Jordan,Amman,Google,2024,8,2024-08-01,4.16,176015,0.63,0.34,0.6,synthetic
Jordan,Amman,Tripadvisor,2024,8,2024-08-01,4.24,181582,0.39,0.24,0.65,synthetic
Jordan,Amman,Booking,2024,8,2024-08-01,4.14,152884,0.62,0.24,0.48,synthetic
Jordan,Amman,Google,2024,9,2024-09-01,4.2,189855,0.85,0.31,0.63,synthetic
Jordan,Amman,Tripadvisor,2024,9,2024-09-01,4.19,184808,0.53,0.41,0.63,synthetic
Jordan,Amman,Booking,2024,9,2024-09-01,4.1,169254,0.42,0.41,0.47,synthetic
Jordan,Amman,Google,2024,10,2024-10-01,4.24,208600,0.62,0.25,0.68,synthetic
Jordan,Amman,Tripadvisor,2024,10,2024-10-01,4.2,164581,0.42,0.14,0.66,synthetic
Jordan,Amman,Booking,2024,10,2024-10-01,4.28,225035,0.58,0.16,0.59,synthetic
Jordan,Amman,Google,2024,11,2024-11-01,4.13,197992,0.81,0.44,0.54,synthetic
Jordan,Amman,Tripadvisor,2024,11,2024-11-01,4.06,171204,0.78,0.32,0.51,synthetic
Jordan,Amman,Booking,2024,11,2024-11-01,4.17,181146,0.42,0.51,0.67,synthetic
Jordan,Amman,Google,2024,12,2024-12-01,4.14,157183,0.63,0.29,0.6,synthetic
Jordan,Amman,Tripadvisor,2024,12,2024-12-01,4.24,171131,0.79,0.26,0.65,synthetic
Jordan,Amman,Booking,2024,12,2024-12-01,4.18,221122,0.25,0.37,0.55,synthetic
Jordan,Amman,Google,2025,1,2025-01-01,4.2,245769,0.48,0.2,0.58,synthetic
Jordan,Amman,Tripadvisor,2025,1,2025-01-01,4.17,186884,0.62,0.32,0.61,synthetic
Jordan,Amman,Booking,2025,1,2025-01-01,4.14,189608,0.58,0.28,0.56,synthetic
Jordan,Amman,Google,2025,2,2025-02-01,4.15,222299,0.46,0.29,0.56,synthetic
Jordan,Amman,Tripadvisor,2025,2,2025-02-01,4.19,244244,0.4,0.06,0.57,synthetic
Jordan,Amman,Booking,2025,2,2025-02-01,4.12,136531,0.86,0.36,0.6,synthetic
Jordan,Amman,Google,2025,3,2025-03-01,4.18,224628,0.54,0.38,0.6,synthetic
Jordan,Amman,Tripadvisor,2025,3,2025-03-01,4.19,214829,0.82,0.32,0.54,synthetic
Jordan,Amman,Booking,2025,3,2025-03-01,4.21,226379,0.58,0.29,0.55,synthetic
Jordan,Amman,Google,2025,4,2025-04-01,4.2,182667,0.56,0.23,0.65,synthetic
Jordan,Amman,Tripadvisor,2025,4,2025-04-01,4.29,184467,0.6,0.27,0.67,synthetic
Jordan,Amman,Booking,2025,4,2025-04-01,4.2,203890,0.61,0.28,0.68,synthetic
Jordan,Amman,Google,2025,5,2025-05-01,4.15,220437,0.68,0.34,0.56,synthetic
Jordan,Amman,Tripadvisor,2025,5,2025-05-01,4.28,160230,0.44,0.37,0.59,synthetic
Jordan,Amman,Booking,2025,5,2025-05-01,4.14,201842,0.48,0.36,0.61,synthetic
Jordan,Amman,Google,2025,6,2025-06-01,4.2,240892,0.39,0.31,0.67,synthetic
Jordan,Amman,Tripadvisor,2025,6,2025-06-01,4.25,250685,0.51,0.39,0.6,synthetic
Jordan,Amman,Booking,2025,6,2025-06-01,4.23,247467,0.48,0.11,0.71,synthetic
Saudi Arabia,Riyadh,Google,2023,1,2023-01-01,4.56,80250,0.63,0.25,0.78,synthetic
Saudi Arabia,Riyadh,Tripadvisor,2023,1,2023-01-01,4.57,63760,0.67,0.32,0.8,synthetic
Saudi Arabia,Riyadh,Booking,2023,1,2023-01-01,4.56,107850,0.63,0.33,0.8,synthetic
Saudi Arabia,Riyadh,Google,2023,2,2023-02-01,4.58,131020,0.49,0.26,0.88,synthetic
Saudi Arabia,Riyadh,Tripadvisor,2023,2,2023-02-01,4.56,119207,0.62,0.28,0.83,synthetic
Saudi Arabia,Riyadh,Booking,2023,2,2023-02-01,4.6,87483,0.63,0.2,0.86,synthetic
Saudi Arabia,Riyadh,Google,2023,3,2023-03-01,4.67,131332,0.65,0.25,0.85,synthetic
Saudi Arabia,Riyadh,Tripadvisor,2023,3,2023-03-01,4.51,137399,0.78,0.33,0.81,synthetic
Saudi Arabia,Riyadh,Booking,2023,3,2023-03-01,4.54,92965,0.27,0.31,0.76,synthetic
Saudi Arabia,Riyadh,Google,2023,4,2023-04-01,4.6,107389,0.67,0.38,0.73,synthetic
Saudi Arabia,Riyadh,Tripadvisor,2023,4,2023-04-01,4.62,101989,0.68,0.4,0.86,synthetic
Saudi Arabia,Riyadh,Booking,2023,4,2023-04-01,4.58,109517,0.73,0.15,0.74,synthetic
Saudi Arabia,Riyadh,Google,2023,5,2023-05-01,4.55,90072,0.56,0.27,0.78,synthetic
Saudi Arabia,Riyadh,Tripadvisor,2023,5,2023-05-01,4.56,120979,0.69,0.29,0.77,synthetic
Saudi Arabia,Riyadh,Booking,2023,5,2023-05-01,4.56,106836,0.98,0.15,0.74,synthetic
Saudi Arabia,Riyadh,Google,2023,6,2023-06-01,4.5,110685,0.63,0.24,0.8,synthetic
Saudi Arabia,Riyadh,Tripadvisor,2023,6,2023-06-01,4.59,119291,0.78,0.09,0.83,synthetic
Saudi Arabia,Riyadh,Booking,2023,6,2023-06-01,4.49,110430,0.59,0.3,0.68,synthetic
Saudi Arabia,Riyadh,Google,2023,7,2023-07-01,4.63,90616,0.71,0.16,0.81,synthetic
Saudi Arabia,Riyadh,Tripadvisor,2023,7,2023-07-01,4.68,137606,0.36,0.23,0.81,synthetic
Saudi Arabia,Riyadh,Booking,2023,7,2023-07-01,4.7,106341,0.76,0.33,0.79,synthetic
Saudi Arabia,Riyadh,Google,2023,8,2023-08-01,4.46,99332,0.95,0.33,0.78,synthetic
Saudi Arabia,Riyadh,Tripadvisor,2023,8,2023-08-01,4.48,103036,0.72,0.19,0.74,synthetic
Saudi Arabia,Riyadh,Booking,2023,8,2023-08-01,4.51,117854,0.66,0.37,0.8,synthetic
Saudi Arabia,Riyadh,Google,2023,9,2023-09-01,4.55,120129,0.51,0.36,0.68,synthetic
Saudi Arabia,Riyadh,Tripadvisor,2023,9,2023-09-01,4.52,137017,0.69,0.36,0.72,synthetic
Saudi Arabia,Riyadh,Booking,2023,9,2023-09-01,4.5,103819,0.59,0.49,0.8,synthetic
Saudi Arabia,Riyadh,Google,2023,10,2023-10-01,4.57,108066,0.71,0.17,0.69,synthetic
Saudi Arabia,Riyadh,Tripadvisor,2023,10,2023-10-01,4.61,108147,0.4,0.09,0.85,synthetic
Saudi Arabia,Riyadh,Booking,2023,10,2023-10-01,4.54,112370,0.56,0.3,0.74,synthetic
Saudi Arabia,Riyadh,Google,2023,11,2023-11-01,4.56,114645,0.56,0.27,0.81,synthetic
Saudi Arabia,Riyadh,Tripadvisor,2023,11,2023-11-01,4.61,92585,0.6,0.25,0.8,synthetic
Saudi Arabia,Riyadh,Booking,2023,11,2023-11-01,4.65,111839,0.92,0.32,0.82,synthetic
Saudi Arabia,Riyadh,Google,2023,12,2023-12-01,4.57,109056,0.65,0.2,0.77,synthetic
Saudi Arabia,Riyadh,Tripadvisor,2023,12,2023-12-01,4.52,120468,0.31,0.32,0.69,synthetic
Saudi Arabia,Riyadh,Booking,2023,12,2023-12-01,4.59,102088,0.33,0.39,0.67,synthetic
Saudi Arabia,Riyadh,Google,2024,1,2024-01-01,4.57,125403,0.81,0.14,0.76,synthetic
Saudi Arabia,Riyadh,Tripadvisor,2024,1,2024-01-01,4.63,131796,0.79,0.56,0.79,synthetic
Saudi Arabia,Riyadh,Booking,2024,1,2024-01-01,4.59,110992,0.3,0.29,0.7,synthetic
Saudi Arabia,Riyadh,Google,2024,2,2024-02-01,4.54,95397,0.67,0.22,0.68,synthetic
Saudi Arabia,Riyadh,Tripadvisor,2024,2,2024-02-01,4.62,107409,0.54,0.2,0.87,synthetic
Saudi Arabia,Riyadh,Booking,2024,2,2024-02-01,4.58,107279,0.31,0.55,0.89,synthetic
Saudi Arabia,Riyadh,Google,2024,3,2024-03-01,4.65,106027,0.52,0.34,0.78,synthetic
Saudi Arabia,Riyadh,Tripadvisor,2024,3,2024-03-01,4.51,136066,0.59,0.19,0.8,synthetic
Saudi Arabia,Riyadh,Booking,2024,3,2024-03-01,4.53,88293,0.43,0.25,0.78,synthetic
Saudi Arabia,Riyadh,Google,2024,4,2024-04-01,4.58,132859,0.56,0.25,0.85,synthetic
Saudi Arabia,Riyadh,Tripadvisor,2024,4,2024-04-01,4.63,112832,0.64,0.25,0.76,synthetic
Saudi Arabia,Riyadh,Booking,2024,4,2024-04-01,4.7,108268,0.64,0.15,0.89,synthetic
Saudi Arabia,Riyadh,Google,2024,5,2024-05-01,4.5,139115,0.87,0.36,0.75,synthetic
Saudi Arabia,Riyadh,Tripadvisor,2024,5,2024-05-01,4.56,115138,0.66,0.31,0.83,synthetic
Saudi Arabia,Riyadh,Booking,2024,5,2024-05-01,4.51,137032,0.54,0.23,0.77,synthetic
Saudi Arabia,Riyadh,Google,2024,6,2024-06-01,4.59,91666,0.53,0.08,0.76,synthetic
Saudi Arabia,Riyadh,Tripadvisor,2024,6,2024-06-01,4.53,119932,0.48,0.24,0.83,synthetic
Saudi Arabia,Riyadh,Booking,2024,6,2024-06-01,4.69,103001,0.75,0.34,0.76,synthetic
Saudi Arabia,Riyadh,Google,2024,7,2024-07-01,4.52,73724,0.65,0.19,0.77,synthetic
Saudi Arabia,Riyadh,Tripadvisor,2024,7,2024-07-01,4.72,137936,0.48,0.2,0.93,synthetic
Saudi Arabia,Riyadh,Booking,2024,7,2024-07-01,4.51,129571,1.01,0.37,0.81,synthetic
Saudi Arabia,Riyadh,Google,2024,8,2024-08-01,4.63,108057,0.64,0.2,0.88,synthetic
Saudi Arabia,Riyadh,Tripadvisor,2024,8,2024-08-01,4.5,125539,0.77,0.25,0.72,synthetic
Saudi Arabia,Riyadh,Booking,2024,8,2024-08-01,4.56,103397,0.62,0.21,0.74,synthetic
Saudi Arabia,Riyadh,Google,2024,9,2024-09-01,4.6,124380,0.56,0.14,0.86,synthetic
Saudi Arabia,Riyadh,Tripadvisor,2024,9,2024-09-01,4.54,144456,0.58,0.31,0.75,synthetic
Saudi Arabia,Riyadh,Booking,2024,9,2024-09-01,4.58,164108,0.55,0.43,0.8,synthetic
Saudi Arabia,Riyadh,Google,2024,10,2024-10-01,4.64,88953,0.89,0.33,0.81,synthetic
Saudi Arabia,Riyadh,Tripadvisor,2024,10,2024-10-01,4.62,117798,0.43,0.06,0.9,synthetic
Saudi Arabia,Riyadh,Booking,2024,10,2024-10-01,4.55,107281,0.52,0.45,0.75,synthetic
Saudi Arabia,Riyadh,Google,2024,11,2024-11-01,4.61,111148,0.41,0.39,0.86,synthetic
Saudi Arabia,Riyadh,Tripadvisor,2024,11,2024-11-01,4.53,115274,0.61,0.34,0.86,synthetic
Saudi Arabia,Riyadh,Booking,2024,11,2024-11-01,4.55,111212,0.57,0.21,0.69,synthetic
Saudi Arabia,Riyadh,Google,2024,12,2024-12-01,4.58,123125,0.6,0.29,0.74,synthetic
Saudi Arabia,Riyadh,Tripadvisor,2024,12,2024-12-01,4.58,118159,0.67,0.33,0.81,synthetic
Saudi Arabia,Riyadh,Booking,2024,12,2024-12-01,4.65,123749,0.67,0.13,0.88,synthetic
Saudi Arabia,Riyadh,Google,2025,1,2025-01-01,4.55,125558,0.41,0.51,0.65,synthetic
Saudi Arabia,Riyadh,Tripadvisor,2025,1,2025-01-01,4.66,130721,0.31,0.5,0.85,synthetic
Saudi Arabia,Riyadh,Booking,2025,1,2025-01-01,4.43,118071,0.68,0.47,0.69,synthetic
Saudi Arabia,Riyadh,Google,2025,2,2025-02-01,4.41,146152,0.67,0.08,0.72,synthetic
Saudi Arabia,Riyadh,Tripadvisor,2025,2,2025-02-01,4.59,119529,0.48,0.24,0.78,synthetic
Saudi Arabia,Riyadh,Booking,2025,2,2025-02-01,4.59,136142,0.28,0.33,0.82,synthetic
Saudi Arabia,Riyadh,Google,2025,3,2025-03-01,4.58,118333,0.81,0.43,0.77,synthetic
Saudi Arabia,Riyadh,Tripadvisor,2025,3,2025-03-01,4.56,135896,0.79,0.22,0.73,synthetic
Saudi Arabia,Riyadh,Booking,2025,3,2025-03-01,4.58,107606,0.31,0.22,0.81,synthetic
Saudi Arabia,Riyadh,Google,2025,4,2025-04-01,4.66,113797,0.58,0.32,0.8,synthetic
Saudi Arabia,Riyadh,Tripadvisor,2025,4,2025-04-01,4.52,129376,0.42,0.22,0.75,synthetic
Saudi Arabia,Riyadh,Booking,2025,4,2025-04-01,4.59,101761,0.58,0.17,0.76,synthetic
Saudi Arabia,Riyadh,Google,2025,5,2025-05-01,4.61,123274,0.85,0.29,0.86,synthetic
Saudi Arabia,Riyadh,Tripadvisor,2025,5,2025-05-01,4.62,124179,0.4,0.29,0.78,synthetic
Saudi Arabia,Riyadh,Booking,2025,5,2025-05-01,4.53,126702,0.38,0.21,0.72,synthetic
Saudi Arabia,Riyadh,Google,2025,6,2025-06-01,4.55,112911,0.49,0.31,0.75,synthetic
Saudi Arabia,Riyadh,Tripadvisor,2025,6,2025-06-01,4.57,107724,0.48,0.5,0.75,synthetic
Saudi Arabia,Riyadh,Booking,2025,6,2025-06-01,4.44,129482,0.49,0.32,0.72,synthetic
Russia,Moscow,Google,2023,1,2023-01-01,4.58,216317,0.77,0.08,0.72,synthetic
Russia,Moscow,Tripadvisor,2023,1,2023-01-01,4.53,177191,0.53,0.24,0.82,synthetic
Russia,Moscow,Booking,2023,1,2023-01-01,4.58,216679,0.54,0.19,0.83,synthetic
Russia,Moscow,Google,2023,2,2023-02-01,4.66,190018,0.84,0.23,0.79,synthetic
Russia,Moscow,Tripadvisor,2023,2,2023-02-01,4.61,237360,0.59,0.27,0.86,synthetic
Russia,Moscow,Booking,2023,2,2023-02-01,4.55,220527,0.85,0.17,0.75,synthetic
Russia,Moscow,Google,2023,3,2023-03-01,4.64,236451,0.73,0.17,0.84,synthetic
Russia,Moscow,Tripadvisor,2023,3,2023-03-01,4.57,282999,0.72,0.3,0.8,synthetic
Russia,Moscow,Booking,2023,3,2023-03-01,4.59,241015,0.47,0.44,0.73,synthetic
Russia,Moscow,Google,2023,4,2023-04-01,4.59,200368,0.61,0.4,0.71,synthetic
Russia,Moscow,Tripadvisor,2023,4,2023-04-01,4.57,183945,0.56,0.16,0.79,synthetic
Russia,Moscow,Booking,2023,4,2023-04-01,4.56,242298,0.78,0.3,0.82,synthetic
Russia,Moscow,Google,2023,5,2023-05-01,4.67,197758,0.82,0.3,0.78,synthetic
Russia,Moscow,Tripadvisor,2023,5,2023-05-01,4.6,220439,0.39,0.19,0.88,synthetic
Russia,Moscow,Booking,2023,5,2023-05-01,4.6,261902,0.54,0.22,0.72,synthetic
Russia,Moscow,Google,2023,6,2023-06-01,4.64,233320,0.54,0.22,0.88,synthetic
Russia,Moscow,Tripadvisor,2023,6,2023-06-01,4.57,217919,0.51,0.26,0.81,synthetic
Russia,Moscow,Booking,2023,6,2023-06-01,4.5,224517,0.74,0.29,0.8,synthetic
Russia,Moscow,Google,2023,7,2023-07-01,4.66,246473,0.52,0.3,0.85,synthetic
Russia,Moscow,Tripadvisor,2023,7,2023-07-01,4.55,208938,0.52,0.55,0.76,synthetic
Russia,Moscow,Booking,2023,7,2023-07-01,4.65,199164,0.86,0.26,0.83,synthetic
Russia,Moscow,Google,2023,8,2023-08-01,4.47,252157,0.8,0.18,0.8,synthetic
Russia,Moscow,Tripadvisor,2023,8,2023-08-01,4.5,239228,0.56,0.43,0.76,synthetic
Russia,Moscow,Booking,2023,8,2023-08-01,4.64,255390,0.56,0.3,0.76,synthetic
Russia,Moscow,Google,2023,9,2023-09-01,4.56,273784,0.71,0.2,0.86,synthetic
Russia,Moscow,Tripadvisor,2023,9,2023-09-01,4.61,244521,0.67,0.34,0.7,synthetic
Russia,Moscow,Booking,2023,9,2023-09-01,4.65,162209,0.75,0.31,0.87,synthetic
Russia,Moscow,Google,2023,10,2023-10-01,4.59,250214,0.6,0.33,0.82,synthetic
Russia,Moscow,Tripadvisor,2023,10,2023-10-01,4.7,238380,0.4,0.24,0.88,synthetic
Russia,Moscow,Booking,2023,10,2023-10-01,4.66,203092,0.94,0.32,0.85,synthetic
Russia,Moscow,Google,2023,11,2023-11-01,4.51,252127,0.53,0.23,0.74,synthetic
Russia,Moscow,Tripadvisor,2023,11,2023-11-01,4.67,234790,0.47,0.25,0.9,synthetic
Russia,Moscow,Booking,2023,11,2023-11-01,4.57,237316,0.72,0.05,0.85,synthetic
Russia,Moscow,Google,2023,12,2023-12-01,4.53,212741,0.83,0.44,0.79,synthetic
Russia,Moscow,Tripadvisor,2023,12,2023-12-01,4.63,248458,0.81,0.46,0.82,synthetic
Russia,Moscow,Booking,2023,12,2023-12-01,4.54,215554,0.62,0.29,0.72,synthetic
Russia,Moscow,Google,2024,1,2024-01-01,4.61,194971,0.61,0.31,0.81,synthetic
Russia,Moscow,Tripadvisor,2024,1,2024-01-01,4.63,260861,0.93,0.25,0.83,synthetic
Russia,Moscow,Booking,2024,1,2024-01-01,4.6,244998,0.41,0.18,0.8,synthetic
Russia,Moscow,Google,2024,2,2024-02-01,4.49,230520,0.5,0.27,0.8,synthetic
Russia,Moscow,Tripadvisor,2024,2,2024-02-01,4.52,265218,0.51,0.26,0.78,synthetic
Russia,Moscow,Booking,2024,2,2024-02-01,4.57,214432,0.54,0.12,0.8,synthetic
Russia,Moscow,Google,2024,3,2024-03-01,4.4,265743,0.69,0.46,0.81,synthetic
Russia,Moscow,Tripadvisor,2024,3,2024-03-01,4.64,222071,0.93,0.18,0.72,synthetic
Russia,Moscow,Booking,2024,3,2024-03-01,4.69,257487,0.32,0.16,0.87,synthetic
Russia,Moscow,Google,2024,4,2024-04-01,4.53,219225,0.89,0.51,0.77,synthetic
Russia,Moscow,Tripadvisor,2024,4,2024-04-01,4.57,266159,0.52,0.08,0.65,synthetic
Russia,Moscow,Booking,2024,4,2024-04-01,4.58,265566,0.6,0.38,0.83,synthetic
Russia,Moscow,Google,2024,5,2024-05-01,4.67,245519,0.64,0.3,0.82,synthetic
Russia,Moscow,Tripadvisor,2024,5,2024-05-01,4.49,273926,0.54,0.26,0.72,synthetic
Russia,Moscow,Booking,2024,5,2024-05-01,4.5,237686,0.68,0.23,0.8,synthetic
Russia,Moscow,Google,2024,6,2024-06-01,4.56,195983,0.81,0.32,0.82,synthetic
Russia,Moscow,Tripadvisor,2024,6,2024-06-01,4.64,212886,0.52,0.4,0.91,synthetic
Russia,Moscow,Booking,2024,6,2024-06-01,4.59,222077,0.85,0.24,0.81,synthetic
Russia,Moscow,Google,2024,7,2024-07-01,4.56,247906,0.46,0.26,0.75,synthetic
Russia,Moscow,Tripadvisor,2024,7,2024-07-01,4.62,244855,0.73,0.22,0.8,synthetic
Russia,Moscow,Booking,2024,7,2024-07-01,4.62,264898,0.38,0.33,0.77,synthetic
Russia,Moscow,Google,2024,8,2024-08-01,4.64,293768,0.21,0.23,0.83,synthetic
Russia,Moscow,Tripadvisor,2024,8,2024-08-01,4.58,267231,0.61,0.25,0.74,synthetic
Russia,Moscow,Booking,2024,8,2024-08-01,4.51,218747,0.52,0.34,0.75,synthetic
Russia,Moscow,Google,2024,9,2024-09-01,4.54,211065,0.49,0.24,0.73,synthetic
Russia,Moscow,Tripadvisor,2024,9,2024-09-01,4.62,279576,0.42,0.41,0.85,synthetic
Russia,Moscow,Booking,2024,9,2024-09-01,4.59,284147,0.57,0.34,0.8,synthetic
Russia,Moscow,Google,2024,10,2024-10-01,4.59,253379,0.61,0.35,0.76,synthetic
Russia,Moscow,Tripadvisor,2024,10,2024-10-01,4.54,220718,0.55,0.4,0.75,synthetic
Russia,Moscow,Booking,2024,10,2024-10-01,4.62,247801,0.53,0.43,0.85,synthetic
Russia,Moscow,Google,2024,11,2024-11-01,4.58,237813,0.61,0.15,0.75,synthetic
Russia,Moscow,Tripadvisor,2024,11,2024-11-01,4.61,194534,0.49,0.26,0.95,synthetic
Russia,Moscow,Booking,2024,11,2024-11-01,4.62,271775,0.48,0.34,0.72,synthetic
Russia,Moscow,Google,2024,12,2024-12-01,4.56,254715,0.39,0.34,0.81,synthetic
Russia,Moscow,Tripadvisor,2024,12,2024-12-01,4.55,216094,0.49,0.27,0.76,synthetic
Russia,Moscow,Booking,2024,12,2024-12-01,4.61,224751,0.84,0.46,0.82,synthetic
Russia,Moscow,Google,2025,1,2025-01-01,4.56,241434,0.65,0.35,0.77,synthetic
Russia,Moscow,Tripadvisor,2025,1,2025-01-01,4.56,268859,0.61,0.24,0.79,synthetic
Russia,Moscow,Booking,2025,1,2025-01-01,4.55,234675,0.6,0.24,0.74,synthetic
Russia,Moscow,Google,2025,2,2025-02-01,4.65,245801,0.88,0.36,0.78,synthetic
Russia,Moscow,Tripadvisor,2025,2,2025-02-01,4.65,235759,0.9,0.32,0.85,synthetic
Russia,Moscow,Booking,2025,2,2025-02-01,4.58,266170,0.57,0.21,0.81,synthetic
Russia,Moscow,Google,2025,3,2025-03-01,4.64,221087,0.83,0.36,0.8,synthetic
Russia,Moscow,Tripadvisor,2025,3,2025-03-01,4.56,315642,0.74,0.41,0.77,synthetic
Russia,Moscow,Booking,2025,3,2025-03-01,4.62,268755,0.57,0.31,0.86,synthetic
Russia,Moscow,Google,2025,4,2025-04-01,4.68,250156,0.4,0.46,0.92,synthetic
Russia,Moscow,Tripadvisor,2025,4,2025-04-01,4.61,313428,0.65,0.21,0.74,synthetic
Russia,Moscow,Booking,2025,4,2025-04-01,4.5,258082,0.53,0.24,0.75,synthetic
Russia,Moscow,Google,2025,5,2025-05-01,4.63,241009,0.49,0.25,0.86,synthetic
Russia,Moscow,Tripadvisor,2025,5,2025-05-01,4.58,266605,0.83,0.58,0.82,synthetic
Russia,Moscow,Booking,2025,5,2025-05-01,4.62,221276,0.66,0.31,0.85,synthetic
Russia,Moscow,Google,2025,6,2025-06-01,4.56,264153,0.69,0.49,0.86,synthetic
Russia,Moscow,Tripadvisor,2025,6,2025-06-01,4.66,280447,0.54,0.37,0.79,synthetic
Russia,Moscow,Booking,2025,6,2025-06-01,4.57,312986,0.68,0.32,0.8,synthetic
Norway,Oslo,Google,2023,1,2023-01-01,4.28,58733,0.46,0.29,0.58,synthetic
Norway,Oslo,Tripadvisor,2023,1,2023-01-01,4.31,54655,0.74,0.41,0.62,synthetic
Norway,Oslo,Booking,2023,1,2023-01-01,4.37,45329,0.61,0.4,0.68,synthetic
Norway,Oslo,Google,2023,2,2023-02-01,4.43,60174,0.64,0.28,0.69,synthetic
Norway,Oslo,Tripadvisor,2023,2,2023-02-01,4.27,46184,0.75,0.45,0.58,synthetic
Norway,Oslo,Booking,2023,2,2023-02-01,4.36,44351,0.45,0.33,0.65,synthetic
Norway,Oslo,Google,2023,3,2023-03-01,4.24,65962,0.59,0.19,0.63,synthetic
Norway,Oslo,Tripadvisor,2023,3,2023-03-01,4.35,57451,0.55,0.33,0.72,synthetic
Norway,Oslo,Booking,2023,3,2023-03-01,4.27,50133,0.73,0.24,0.63,synthetic
Norway,Oslo,Google,2023,4,2023-04-01,4.33,52005,0.53,0.17,0.69,synthetic
Norway,Oslo,Tripadvisor,2023,4,2023-04-01,4.42,53524,0.74,0.25,0.68,synthetic
Norway,Oslo,Booking,2023,4,2023-04-01,4.38,57487,0.58,0.37,0.62,synthetic
Norway,Oslo,Google,2023,5,2023-05-01,4.34,61014,0.74,0.38,0.72,synthetic
Norway,Oslo,Tripadvisor,2023,5,2023-05-01,4.33,43493,0.56,0.36,0.71,synthetic
Norway,Oslo,Booking,2023,5,2023-05-01,4.32,48330,0.47,0.25,0.57,synthetic
Norway,Oslo,Google,2023,6,2023-06-01,4.32,54997,0.59,0.27,0.63,synthetic
Norway,Oslo,Tripadvisor,2023,6,2023-06-01,4.32,51040,0.71,0.3,0.82,synthetic
Norway,Oslo,Booking,2023,6,2023-06-01,4.33,57556,0.55,0.27,0.75,synthetic
Norway,Oslo,Google,2023,7,2023-07-01,4.41,43168,0.45,0.29,0.68,synthetic
Norway,Oslo,Tripadvisor,2023,7,2023-07-01,4.26,55442,0.32,0.31,0.67,synthetic
Norway,Oslo,Booking,2023,7,2023-07-01,4.41,53736,0.83,0.33,0.75,synthetic
Norway,Oslo,Google,2023,8,2023-08-01,4.31,64667,0.6,0.46,0.72,synthetic
Norway,Oslo,Tripadvisor,2023,8,2023-08-01,4.37,57345,0.57,0.22,0.71,synthetic
Norway,Oslo,Booking,2023,8,2023-08-01,4.39,44061,0.59,0.39,0.77,synthetic
Norway,Oslo,Google,2023,9,2023-09-01,4.4,44726,0.44,0.27,0.77,synthetic
Norway,Oslo,Tripadvisor,2023,9,2023-09-01,4.32,61629,0.51,0.35,0.61,synthetic
Norway,Oslo,Booking,2023,9,2023-09-01,4.34,47257,0.82,0.23,0.59,synthetic
Norway,Oslo,Google,2023,10,2023-10-01,4.26,54122,0.53,0.36,0.62,synthetic
Norway,Oslo,Tripadvisor,2023,10,2023-10-01,4.42,52153,0.75,0.2,0.64,synthetic
Norway,Oslo,Booking,2023,10,2023-10-01,4.3,47276,0.41,0.34,0.64,synthetic
Norway,Oslo,Google,2023,11,2023-11-01,4.36,58144,0.35,0.36,0.62,synthetic
Norway,Oslo,Tripadvisor,2023,11,2023-11-01,4.32,42266,0.7,0.13,0.6,synthetic
Norway,Oslo,Booking,2023,11,2023-11-01,4.29,53838,0.58,0.38,0.64,synthetic
Norway,Oslo,Google,2023,12,2023-12-01,4.41,57172,0.46,0.23,0.78,synthetic
Norway,Oslo,Tripadvisor,2023,12,2023-12-01,4.43,60090,0.74,0.35,0.73,synthetic
Norway,Oslo,Booking,2023,12,2023-12-01,4.36,65830,0.53,0.32,0.59,synthetic
Norway,Oslo,Google,2024,1,2024-01-01,4.27,71921,0.69,0.28,0.64,synthetic
Norway,Oslo,Tripadvisor,2024,1,2024-01-01,4.27,56023,0.38,0.27,0.67,synthetic
Norway,Oslo,Booking,2024,1,2024-01-01,4.38,70319,0.64,0.05,0.79,synthetic
Norway,Oslo,Google,2024,2,2024-02-01,4.3,60206,0.62,0.32,0.65,synthetic
Norway,Oslo,Tripadvisor,2024,2,2024-02-01,4.36,49691,0.99,0.37,0.68,synthetic
Norway,Oslo,Booking,2024,2,2024-02-01,4.46,51460,0.73,0.24,0.75,synthetic
Norway,Oslo,Google,2024,3,2024-03-01,4.38,42499,0.39,0.46,0.68,synthetic
Norway,Oslo,Tripadvisor,2024,3,2024-03-01,4.47,68342,0.57,0.27,0.82,synthetic
Norway,Oslo,Booking,2024,3,2024-03-01,4.48,57026,0.83,0.4,0.8,synthetic
Norway,Oslo,Google,2024,4,2024-04-01,4.36,54292,0.44,0.17,0.78,synthetic
Norway,Oslo,Tripadvisor,2024,4,2024-04-01,4.35,50944,0.75,0.25,0.64,synthetic
Norway,Oslo,Booking,2024,4,2024-04-01,4.48,49627,0.64,0.24,0.7,synthetic
Norway,Oslo,Google,2024,5,2024-05-01,4.27,59479,0.47,0.36,0.63,synthetic
Norway,Oslo,Tripadvisor,2024,5,2024-05-01,4.34,52902,0.81,0.37,0.63,synthetic
Norway,Oslo,Booking,2024,5,2024-05-01,4.27,45677,0.77,0.39,0.69,synthetic
Norway,Oslo,Google,2024,6,2024-06-01,4.35,64769,0.75,0.29,0.66,synthetic
Norway,Oslo,Tripadvisor,2024,6,2024-06-01,4.3,62077,0.68,0.26,0.63,synthetic
Norway,Oslo,Booking,2024,6,2024-06-01,4.34,64665,0.39,0.19,0.62,synthetic
Norway,Oslo,Google,2024,7,2024-07-01,4.34,61291,0.44,0.39,0.75,synthetic
Norway,Oslo,Tripadvisor,2024,7,2024-07-01,4.38,67014,0.46,0.21,0.72,synthetic
Norway,Oslo,Booking,2024,7,2024-07-01,4.35,52727,0.81,0.33,0.71,synthetic
Norway,Oslo,Google,2024,8,2024-08-01,4.31,70963,0.58,0.4,0.63,synthetic
Norway,Oslo,Tripadvisor,2024,8,2024-08-01,4.36,63010,0.9,0.26,0.69,synthetic
Norway,Oslo,Booking,2024,8,2024-08-01,4.39,49030,0.27,0.2,0.74,synthetic
Norway,Oslo,Google,2024,9,2024-09-01,4.46,52516,0.42,0.45,0.7,synthetic
Norway,Oslo,Tripadvisor,2024,9,2024-09-01,4.33,69398,0.79,0.39,0.58,synthetic
Norway,Oslo,Booking,2024,9,2024-09-01,4.28,66998,0.65,0.22,0.62,synthetic
Norway,Oslo,Google,2024,10,2024-10-01,4.42,69883,0.6,0.23,0.7,synthetic
Norway,Oslo,Tripadvisor,2024,10,2024-10-01,4.43,68437,0.63,0.25,0.77,synthetic
Norway,Oslo,Booking,2024,10,2024-10-01,4.45,48756,0.57,0.42,0.73,synthetic
Norway,Oslo,Google,2024,11,2024-11-01,4.32,60370,0.66,0.19,0.67,synthetic
Norway,Oslo,Tripadvisor,2024,11,2024-11-01,4.38,55579,0.48,0.25,0.64,synthetic
Norway,Oslo,Booking,2024,11,2024-11-01,4.4,52086,0.63,0.26,0.67,synthetic
Norway,Oslo,Google,2024,12,2024-12-01,4.44,58130,0.5,0.22,0.74,synthetic
Norway,Oslo,Tripadvisor,2024,12,2024-12-01,4.4,68063,0.57,0.28,0.71,synthetic
Norway,Oslo,Booking,2024,12,2024-12-01,4.36,53586,0.82,0.3,0.71,synthetic
Norway,Oslo,Google,2025,1,2025-01-01,4.38,66506,0.45,0.3,0.8,synthetic
Norway,Oslo,Tripadvisor,2025,1,2025-01-01,4.45,64627,0.54,0.08,0.7,synthetic
Norway,Oslo,Booking,2025,1,2025-01-01,4.35,61016,0.56,0.36,0.62,synthetic
Norway,Oslo,Google,2025,2,2025-02-01,4.37,62593,0.47,0.47,0.72,synthetic
Norway,Oslo,Tripadvisor,2025,2,2025-02-01,4.31,67369,0.39,0.23,0.72,synthetic
Norway,Oslo,Booking,2025,2,2025-02-01,4.37,65496,0.75,0.36,0.67,synthetic
Norway,Oslo,Google,2025,3,2025-03-01,4.41,50576,0.5,0.29,0.73,synthetic
Norway,Oslo,Tripadvisor,2025,3,2025-03-01,4.33,49852,0.31,0.29,0.64,synthetic
Norway,Oslo,Booking,2025,3,2025-03-01,4.3,55232,0.62,0.43,0.66,synthetic
Norway,Oslo,Google,2025,4,2025-04-01,4.43,60585,0.67,0.44,0.71,synthetic
Norway,Oslo,Tripadvisor,2025,4,2025-04-01,4.36,60581,0.69,0.39,0.7,synthetic
Norway,Oslo,Booking,2025,4,2025-04-01,4.34,52016,0.59,0.28,0.68,synthetic
Norway,Oslo,Google,2025,5,2025-05-01,4.36,75401,0.5,0.14,0.62,synthetic
Norway,Oslo,Tripadvisor,2025,5,2025-05-01,4.32,71668,0.41,0.18,0.68,synthetic
Norway,Oslo,Booking,2025,5,2025-05-01,4.4,51639,0.33,0.22,0.74,synthetic
Norway,Oslo,Google,2025,6,2025-06-01,4.36,57723,0.71,0.31,0.68,synthetic
Norway,Oslo,Tripadvisor,2025,6,2025-06-01,4.26,57567,0.89,0.27,0.58,synthetic
Norway,Oslo,Booking,2025,6,2025-06-01,4.33,64338,0.73,0.36,0.63,synthetic
Sweden,Stockholm,Google,2023,1,2023-01-01,4.13,50290,0.58,0.36,0.62,synthetic
Sweden,Stockholm,Tripadvisor,2023,1,2023-01-01,3.99,53577,0.6,0.24,0.47,synthetic
Sweden,Stockholm,Booking,2023,1,2023-01-01,4.14,56536,0.92,0.24,0.58,synthetic
Sweden,Stockholm,Google,2023,2,2023-02-01,4.1,58840,0.8,0.31,0.49,synthetic
Sweden,Stockholm,Tripadvisor,2023,2,2023-02-01,4.04,54037,0.77,0.16,0.46,synthetic
Sweden,Stockholm,Booking,2023,2,2023-02-01,4.13,44880,0.43,0.41,0.55,synthetic
Sweden,Stockholm,Google,2023,3,2023-03-01,4.06,61851,0.44,0.17,0.61,synthetic
Sweden,Stockholm,Tripadvisor,2023,3,2023-03-01,4.09,57461,0.55,0.29,0.51,synthetic
Sweden,Stockholm,Booking,2023,3,2023-03-01,4.1,58428,0.63,0.41,0.58,synthetic
Sweden,Stockholm,Google,2023,4,2023-04-01,4.02,52205,0.53,0.38,0.53,synthetic
Sweden,Stockholm,Tripadvisor,2023,4,2023-04-01,4.09,59589,0.32,0.24,0.52,synthetic
Sweden,Stockholm,Booking,2023,4,2023-04-01,4.1,56652,0.6,0.17,0.57,synthetic
Sweden,Stockholm,Google,2023,5,2023-05-01,4.09,43764,0.56,0.34,0.63,synthetic
Sweden,Stockholm,Tripadvisor,2023,5,2023-05-01,4.01,58165,0.44,0.17,0.45,synthetic
Sweden,Stockholm,Booking,2023,5,2023-05-01,4.12,53956,0.55,0.35,0.56,synthetic
Sweden,Stockholm,Google,2023,6,2023-06-01,4.09,51192,0.45,0.47,0.61,synthetic
Sweden,Stockholm,Tripadvisor,2023,6,2023-06-01,4.18,49689,0.5,0.26,0.64,synthetic
Sweden,Stockholm,Booking,2023,6,2023-06-01,4.08,49664,0.65,0.23,0.47,synthetic
Sweden,Stockholm,Google,2023,7,2023-07-01,4.09,49837,0.6,0.05,0.5,synthetic
Sweden,Stockholm,Tripadvisor,2023,7,2023-07-01,4.08,43460,0.38,0.3,0.57,synthetic
Sweden,Stockholm,Booking,2023,7,2023-07-01,4.03,51456,0.56,0.14,0.57,synthetic
Sweden,Stockholm,Google,2023,8,2023-08-01,4.07,52029,0.66,0.14,0.58,synthetic
Sweden,Stockholm,Tripadvisor,2023,8,2023-08-01,4.14,54023,0.67,0.27,0.61,synthetic
Sweden,Stockholm,Booking,2023,8,2023-08-01,4.03,52921,0.6,0.3,0.57,synthetic
Sweden,Stockholm,Google,2023,9,2023-09-01,4.21,52427,0.67,0.22,0.66,synthetic
Sweden,Stockholm,Tripadvisor,2023,9,2023-09-01,4.05,73179,0.35,0.51,0.57,synthetic
Sweden,Stockholm,Booking,2023,9,2023-09-01,4.01,67915,0.46,0.27,0.44,synthetic
Sweden,Stockholm,Google,2023,10,2023-10-01,4.07,52792,0.72,0.54,0.51,synthetic
Sweden,Stockholm,Tripadvisor,2023,10,2023-10-01,3.92,57262,0.52,0.48,0.46,synthetic
Sweden,Stockholm,Booking,2023,10,2023-10-01,4.03,46669,0.69,0.27,0.59,synthetic
Sweden,Stockholm,Google,2023,11,2023-11-01,4.07,62146,0.39,0.13,0.58,synthetic
Sweden,Stockholm,Tripadvisor,2023,11,2023-11-01,4.05,51447,0.45,0.19,0.56,synthetic
Sweden,Stockholm,Booking,2023,11,2023-11-01,4.08,46368,0.72,0.42,0.53,synthetic
Sweden,Stockholm,Google,2023,12,2023-12-01,4.14,46741,0.69,0.32,0.53,synthetic
Sweden,Stockholm,Tripadvisor,2023,12,2023-12-01,4.2,54612,0.51,0.3,0.56,synthetic
Sweden,Stockholm,Booking,2023,12,2023-12-01,4.01,50262,0.54,0.22,0.57,synthetic
Sweden,Stockholm,Google,2024,1,2024-01-01,4.03,50959,0.42,0.17,0.57,synthetic
Sweden,Stockholm,Tripadvisor,2024,1,2024-01-01,4.1,62131,0.75,0.27,0.62,synthetic
Sweden,Stockholm,Booking,2024,1,2024-01-01,4.04,49833,0.66,0.31,0.53,synthetic
Sweden,Stockholm,Google,2024,2,2024-02-01,4.14,58109,0.65,0.44,0.58,synthetic
Sweden,Stockholm,Tripadvisor,2024,2,2024-02-01,4.11,47616,1.16,0.14,0.53,synthetic
Sweden,Stockholm,Booking,2024,2,2024-02-01,4.05,71892,0.51,0.34,0.49,synthetic
Sweden,Stockholm,Google,2024,3,2024-03-01,4.02,61305,0.49,0.32,0.54,synthetic
Sweden,Stockholm,Tripadvisor,2024,3,2024-03-01,4.19,48687,0.58,0.29,0.6,synthetic
Sweden,Stockholm,Booking,2024,3,2024-03-01,4.23,56184,0.22,0.28,0.61,synthetic
Sweden,Stockholm,Google,2024,4,2024-04-01,4.07,52430,0.4,0.52,0.55,synthetic
Sweden,Stockholm,Tripadvisor,2024,4,2024-04-01,4.07,72027,0.47,0.36,0.47,synthetic
Sweden,Stockholm,Booking,2024,4,2024-04-01,4.13,49566,0.67,0.5,0.57,synthetic
Sweden,Stockholm,Google,2024,5,2024-05-01,3.95,57624,0.67,0.39,0.55,synthetic
Sweden,Stockholm,Tripadvisor,2024,5,2024-05-01,4.17,56476,0.5,0.19,0.56,synthetic
Sweden,Stockholm,Booking,2024,5,2024-05-01,4.11,48092,0.46,0.36,0.52,synthetic
Sweden,Stockholm,Google,2024,6,2024-06-01,4.1,51771,0.64,0.22,0.46,synthetic
Sweden,Stockholm,Tripadvisor,2024,6,2024-06-01,4.14,52586,0.56,0.23,0.6,synthetic
Sweden,Stockholm,Booking,2024,6,2024-06-01,4.1,61110,0.52,0.3,0.57,synthetic
Sweden,Stockholm,Google,2024,7,2024-07-01,4.17,59488,0.45,0.33,0.58,synthetic
Sweden,Stockholm,Tripadvisor,2024,7,2024-07-01,3.96,44673,0.59,0.3,0.47,synthetic
Sweden,Stockholm,Booking,2024,7,2024-07-01,4.13,50939,0.39,0.22,0.54,synthetic
Sweden,Stockholm,Google,2024,8,2024-08-01,4.08,51886,0.28,0.05,0.54,synthetic
Sweden,Stockholm,Tripadvisor,2024,8,2024-08-01,4.01,43570,0.69,0.45,0.5,synthetic
Sweden,Stockholm,Booking,2024,8,2024-08-01,4.1,59284,0.25,0.39,0.61,synthetic
Sweden,Stockholm,Google,2024,9,2024-09-01,4.19,54365,0.43,0.44,0.62,synthetic
Sweden,Stockholm,Tripadvisor,2024,9,2024-09-01,4.13,52922,0.64,0.19,0.57,synthetic
Sweden,Stockholm,Booking,2024,9,2024-09-01,4.06,73514,0.68,0.08,0.53,synthetic
Sweden,Stockholm,Google,2024,10,2024-10-01,4.1,54114,0.43,0.37,0.5,synthetic
Sweden,Stockholm,Tripadvisor,2024,10,2024-10-01,4.11,50176,0.52,0.4,0.58,synthetic
Sweden,Stockholm,Booking,2024,10,2024-10-01,4.08,57172,0.61,0.22,0.47,synthetic
Sweden,Stockholm,Google,2024,11,2024-11-01,4.11,67913,0.69,0.33,0.5,synthetic
Sweden,Stockholm,Tripadvisor,2024,11,2024-11-01,4.13,60692,0.71,0.4,0.65,synthetic
Sweden,Stockholm,Booking,2024,11,2024-11-01,4.01,48503,0.62,0.21,0.45,synthetic
Sweden,Stockholm,Google,2024,12,2024-12-01,4.15,50430,0.6,0.14,0.58,synthetic
Sweden,Stockholm,Tripadvisor,2024,12,2024-12-01,4.15,65730,0.76,0.29,0.63,synthetic
Sweden,Stockholm,Booking,2024,12,2024-12-01,4.11,54355,0.66,0.39,0.49,synthetic
Sweden,Stockholm,Google,2025,1,2025-01-01,4.02,60566,0.42,0.18,0.49,synthetic
Sweden,Stockholm,Tripadvisor,2025,1,2025-01-01,4.14,68825,0.65,0.32,0.67,synthetic
Sweden,Stockholm,Booking,2025,1,2025-01-01,4.05,63411,0.51,0.17,0.58,synthetic
Sweden,Stockholm,Google,2025,2,2025-02-01,4.06,66766,0.56,0.42,0.48,synthetic
Sweden,Stockholm,Tripadvisor,2025,2,2025-02-01,4.15,68241,0.33,0.25,0.63,synthetic
Sweden,Stockholm,Booking,2025,2,2025-02-01,4.18,66919,0.54,0.2,0.62,synthetic
Sweden,Stockholm,Google,2025,3,2025-03-01,4.05,58791,0.57,0.39,0.62,synthetic
Sweden,Stockholm,Tripadvisor,2025,3,2025-03-01,4.14,61699,0.47,0.37,0.65,synthetic
Sweden,Stockholm,Booking,2025,3,2025-03-01,4.14,63164,0.53,0.33,0.63,synthetic
Sweden,Stockholm,Google,2025,4,2025-04-01,4.09,60863,0.5,0.56,0.5,synthetic
Sweden,Stockholm,Tripadvisor,2025,4,2025-04-01,4.02,62842,0.57,0.4,0.56,synthetic
Sweden,Stockholm,Booking,2025,4,2025-04-01,4.01,56040,0.47,0.38,0.53,synthetic
Sweden,Stockholm,Google,2025,5,2025-05-01,4.06,63228,0.43,0.23,0.46,synthetic
Sweden,Stockholm,Tripadvisor,2025,5,2025-05-01,4.09,62676,0.45,0.34,0.6,synthetic
Sweden,Stockholm,Booking,2025,5,2025-05-01,4.02,59215,0.68,0.3,0.44,synthetic
Sweden,Stockholm,Google,2025,6,2025-06-01,4.05,58123,0.57,0.29,0.61,synthetic
Sweden,Stockholm,Tripadvisor,2025,6,2025-06-01,4.07,48922,0.61,0.47,0.53,synthetic
Sweden,Stockholm,Booking,2025,6,2025-06-01,4.05,59371,0.69,0.27,0.45,synthetic
Finland,Helsinki,Google,2023,1,2023-01-01,4.52,187015,0.56,0.3,0.72,synthetic
Finland,Helsinki,Tripadvisor,2023,1,2023-01-01,4.48,212348,0.42,0.33,0.68,synthetic
Finland,Helsinki,Booking,2023,1,2023-01-01,4.42,185082,0.8,0.13,0.69,synthetic
Finland,Helsinki,Google,2023,2,2023-02-01,4.48,229237,0.89,0.26,0.77,synthetic
Finland,Helsinki,Tripadvisor,2023,2,2023-02-01,4.48,198638,0.64,0.14,0.74,synthetic
Finland,Helsinki,Booking,2023,2,2023-02-01,4.51,180329,0.67,0.13,0.76,synthetic
Finland,Helsinki,Google,2023,3,2023-03-01,4.56,195800,0.45,0.16,0.8,synthetic
Finland,Helsinki,Tripadvisor,2023,3,2023-03-01,4.54,199721,0.53,0.11,0.78,synthetic
Finland,Helsinki,Booking,2023,3,2023-03-01,4.44,185831,0.84,0.12,0.64,synthetic
Finland,Helsinki,Google,2023,4,2023-04-01,4.5,191777,0.52,0.33,0.76,synthetic
Finland,Helsinki,Tripadvisor,2023,4,2023-04-01,4.43,186797,0.61,0.32,0.74,synthetic
Finland,Helsinki,Booking,2023,4,2023-04-01,4.45,209448,0.74,0.3,0.72,synthetic
Finland,Helsinki,Google,2023,5,2023-05-01,4.47,186178,0.46,0.27,0.76,synthetic
Finland,Helsinki,Tripadvisor,2023,5,2023-05-01,4.43,199255,0.57,0.48,0.75,synthetic
Finland,Helsinki,Booking,2023,5,2023-05-01,4.53,223274,0.52,0.44,0.77,synthetic
Finland,Helsinki,Google,2023,6,2023-06-01,4.48,171764,0.54,0.12,0.73,synthetic
Finland,Helsinki,Tripadvisor,2023,6,2023-06-01,4.45,191463,0.39,0.37,0.75,synthetic
Finland,Helsinki,Booking,2023,6,2023-06-01,4.59,241164,0.62,0.4,0.81,synthetic
Finland,Helsinki,Google,2023,7,2023-07-01,4.46,194364,0.7,0.71,0.79,synthetic
Finland,Helsinki,Tripadvisor,2023,7,2023-07-01,4.5,212748,0.67,0.29,0.79,synthetic
Finland,Helsinki,Booking,2023,7,2023-07-01,4.47,176668,0.67,0.36,0.73,synthetic
Finland,Helsinki,Google,2023,8,2023-08-01,4.5,224260,0.59,0.26,0.72,synthetic
Finland,Helsinki,Tripadvisor,2023,8,2023-08-01,4.47,238110,0.57,0.34,0.72,synthetic
Finland,Helsinki,Booking,2023,8,2023-08-01,4.46,179858,0.62,0.25,0.79,synthetic
Finland,Helsinki,Google,2023,9,2023-09-01,4.48,200000,0.57,0.34,0.81,synthetic
Finland,Helsinki,Tripadvisor,2023,9,2023-09-01,4.42,207778,0.36,0.42,0.71,synthetic
Finland,Helsinki,Booking,2023,9,2023-09-01,4.39,170291,0.72,0.13,0.71,synthetic
Finland,Helsinki,Google,2023,10,2023-10-01,4.46,196375,0.5,0.2,0.7,synthetic
Finland,Helsinki,Tripadvisor,2023,10,2023-10-01,4.52,194015,0.66,0.28,0.79,synthetic
Finland,Helsinki,Booking,2023,10,2023-10-01,4.51,188027,0.46,0.4,0.71,synthetic
Finland,Helsinki,Google,2023,11,2023-11-01,4.51,201825,0.53,0.34,0.83,synthetic
Finland,Helsinki,Tripadvisor,2023,11,2023-11-01,4.52,204194,0.84,0.13,0.7,synthetic
Finland,Helsinki,Booking,2023,11,2023-11-01,4.46,235321,0.74,0.13,0.71,synthetic
Finland,Helsinki,Google,2023,12,2023-12-01,4.4,200098,0.74,0.4,0.72,synthetic
Finland,Helsinki,Tripadvisor,2023,12,2023-12-01,4.46,198773,0.7,0.53,0.67,synthetic
Finland,Helsinki,Booking,2023,12,2023-12-01,4.58,206963,0.72,0.32,0.86,synthetic
Finland,Helsinki,Google,2024,1,2024-01-01,4.5,200254,0.67,0.41,0.75,synthetic
Finland,Helsinki,Tripadvisor,2024,1,2024-01-01,4.36,214165,0.61,0.3,0.65,synthetic
Finland,Helsinki,Booking,2024,1,2024-01-01,4.56,155323,0.61,0.31,0.89,synthetic
Finland,Helsinki,Google,2024,2,2024-02-01,4.48,228773,0.62,0.31,0.83,synthetic
Finland,Helsinki,Tripadvisor,2024,2,2024-02-01,4.42,199774,0.71,0.33,0.69,synthetic
Finland,Helsinki,Booking,2024,2,2024-02-01,4.48,240977,0.67,0.23,0.75,synthetic
Finland,Helsinki,Google,2024,3,2024-03-01,4.48,229419,0.55,0.18,0.77,synthetic
Finland,Helsinki,Tripadvisor,2024,3,2024-03-01,4.52,254042,0.4,0.29,0.75,synthetic
Finland,Helsinki,Booking,2024,3,2024-03-01,4.46,177003,0.44,0.33,0.7,synthetic
Finland,Helsinki,Google,2024,4,2024-04-01,4.43,254436,0.96,0.29,0.64,synthetic
Finland,Helsinki,Tripadvisor,2024,4,2024-04-01,4.51,162817,0.4,0.34,0.68,synthetic
Finland,Helsinki,Booking,2024,4,2024-04-01,4.47,178498,0.61,0.41,0.7,synthetic
Finland,Helsinki,Google,2024,5,2024-05-01,4.48,195900,0.49,0.22,0.78,synthetic
Finland,Helsinki,Tripadvisor,2024,5,2024-05-01,4.4,208513,0.66,0.39,0.72,synthetic
Finland,Helsinki,Booking,2024,5,2024-05-01,4.48,202336,0.74,0.21,0.7,synthetic
Finland,Helsinki,Google,2024,6,2024-06-01,4.56,226549,0.66,0.36,0.78,synthetic
Finland,Helsinki,Tripadvisor,2024,6,2024-06-01,4.4,223706,0.6,0.21,0.64,synthetic
Finland,Helsinki,Booking,2024,6,2024-06-01,4.48,181777,0.58,0.27,0.73,synthetic
Finland,Helsinki,Google,2024,7,2024-07-01,4.51,233368,0.49,0.39,0.74,synthetic
Finland,Helsinki,Tripadvisor,2024,7,2024-07-01,4.59,201905,0.36,0.38,0.82,synthetic
Finland,Helsinki,Booking,2024,7,2024-07-01,4.56,225230,0.95,0.28,0.83,synthetic
Finland,Helsinki,Google,2024,8,2024-08-01,4.45,229976,0.7,0.38,0.76,synthetic
Finland,Helsinki,Tripadvisor,2024,8,2024-08-01,4.29,215371,0.51,0.26,0.63,synthetic
Finland,Helsinki,Booking,2024,8,2024-08-01,4.54,222440,0.52,0.15,0.85,synthetic
Finland,Helsinki,Google,2024,9,2024-09-01,4.44,213754,0.92,0.24,0.71,synthetic
Finland,Helsinki,Tripadvisor,2024,9,2024-09-01,4.5,175311,0.34,0.25,0.73,synthetic
Finland,Helsinki,Booking,2024,9,2024-09-01,4.49,191675,0.67,0.08,0.74,synthetic
Finland,Helsinki,Google,2024,10,2024-10-01,4.51,225720,0.58,0.23,0.74,synthetic
Finland,Helsinki,Tripadvisor,2024,10,2024-10-01,4.56,201539,0.75,0.41,0.69,synthetic
Finland,Helsinki,Booking,2024,10,2024-10-01,4.48,191681,0.37,0.38,0.76,synthetic
Finland,Helsinki,Google,2024,11,2024-11-01,4.5,188873,0.63,0.17,0.75,synthetic
Finland,Helsinki,Tripadvisor,2024,11,2024-11-01,4.44,244543,0.55,0.32,0.73,synthetic
Finland,Helsinki,Booking,2024,11,2024-11-01,4.48,219905,0.65,0.21,0.76,synthetic
Finland,Helsinki,Google,2024,12,2024-12-01,4.54,227515,0.55,0.32,0.75,synthetic
Finland,Helsinki,Tripadvisor,2024,12,2024-12-01,4.48,186210,0.81,0.49,0.7,synthetic
Finland,Helsinki,Booking,2024,12,2024-12-01,4.53,255152,0.46,0.08,0.84,synthetic
Finland,Helsinki,Google,2025,1,2025-01-01,4.48,218706,0.61,0.26,0.89,synthetic
Finland,Helsinki,Tripadvisor,2025,1,2025-01-01,4.45,242408,0.79,0.43,0.78,synthetic
Finland,Helsinki,Booking,2025,1,2025-01-01,4.46,228989,0.27,0.29,0.73,synthetic
Finland,Helsinki,Google,2025,2,2025-02-01,4.53,283502,0.71,0.41,0.76,synthetic
Finland,Helsinki,Tripadvisor,2025,2,2025-02-01,4.56,233558,0.77,0.38,0.8,synthetic
Finland,Helsinki,Booking,2025,2,2025-02-01,4.39,263849,0.66,0.37,0.71,synthetic
Finland,Helsinki,Google,2025,3,2025-03-01,4.51,269651,0.53,0.35,0.72,synthetic
Finland,Helsinki,Tripadvisor,2025,3,2025-03-01,4.52,240280,0.51,0.31,0.73,synthetic
Finland,Helsinki,Booking,2025,3,2025-03-01,4.46,243177,0.64,0.11,0.75,synthetic
Finland,Helsinki,Google,2025,4,2025-04-01,4.47,221650,0.43,0.3,0.71,synthetic
Finland,Helsinki,Tripadvisor,2025,4,2025-04-01,4.56,184281,0.46,0.2,0.79,synthetic
Finland,Helsinki,Booking,2025,4,2025-04-01,4.55,247329,0.44,0.26,0.74,synthetic
Finland,Helsinki,Google,2025,5,2025-05-01,4.51,220663,0.39,0.36,0.82,synthetic
Finland,Helsinki,Tripadvisor,2025,5,2025-05-01,4.47,236616,0.37,0.09,0.64,synthetic
Finland,Helsinki,Booking,2025,5,2025-05-01,4.48,224627,0.68,0.28,0.79,synthetic
Finland,Helsinki,Google,2025,6,2025-06-01,4.54,224221,0.45,0.11,0.84,synthetic
Finland,Helsinki,Tripadvisor,2025,6,2025-06-01,4.43,191362,0.62,0.15,0.72,synthetic
Finland,Helsinki,Booking,2025,6,2025-06-01,4.46,259100,0.73,0.41,0.74,synthetic
Poland,Krakow,Google,2023,1,2023-01-01,4.18,63776,0.9,0.28,0.6,synthetic
Poland,Krakow,Tripadvisor,2023,1,2023-01-01,4.34,70195,0.49,0.37,0.65,synthetic
Poland,Krakow,Booking,2023,1,2023-01-01,4.26,72300,0.53,0.32,0.71,synthetic
Poland,Krakow,Google,2023,2,2023-02-01,4.21,78877,0.51,0.48,0.56,synthetic
Poland,Krakow,Tripadvisor,2023,2,2023-02-01,4.22,80442,0.83,0.38,0.56,synthetic
Poland,Krakow,Booking,2023,2,2023-02-01,4.25,68124,0.47,0.37,0.59,synthetic
Poland,Krakow,Google,2023,3,2023-03-01,4.17,54865,0.86,0.25,0.56,synthetic
Poland,Krakow,Tripadvisor,2023,3,2023-03-01,4.18,79294,0.39,0.18,0.58,synthetic
Poland,Krakow,Booking,2023,3,2023-03-01,4.24,73497,0.5,0.45,0.59,synthetic
Poland,Krakow,Google,2023,4,2023-04-01,4.19,59092,0.48,0.18,0.63,synthetic
Poland,Krakow,Tripadvisor,2023,4,2023-04-01,4.19,67028,0.45,0.18,0.65,synthetic
Poland,Krakow,Booking,2023,4,2023-04-01,4.34,78486,0.38,0.17,0.77,synthetic
Poland,Krakow,Google,2023,5,2023-05-01,4.23,56876,0.76,0.31,0.64,synthetic
Poland,Krakow,Tripadvisor,2023,5,2023-05-01,4.11,65447,0.74,0.24,0.62,synthetic
Poland,Krakow,Booking,2023,5,2023-05-01,4.17,67193,0.85,0.18,0.6,synthetic
Poland,Krakow,Google,2023,6,2023-06-01,4.28,68861,0.56,0.21,0.65,synthetic
Poland,Krakow,Tripadvisor,2023,6,2023-06-01,4.24,56374,0.76,0.21,0.55,synthetic
Poland,Krakow,Booking,2023,6,2023-06-01,4.21,60817,0.56,0.18,0.63,synthetic
Poland,Krakow,Google,2023,7,2023-07-01,4.33,68979,0.38,0.21,0.68,synthetic
Poland,Krakow,Tripadvisor,2023,7,2023-07-01,4.13,58037,0.35,0.31,0.67,synthetic
Poland,Krakow,Booking,2023,7,2023-07-01,4.17,74786,0.52,0.17,0.66,synthetic
Poland,Krakow,Google,2023,8,2023-08-01,4.38,71480,0.65,0.31,0.68,synthetic
Poland,Krakow,Tripadvisor,2023,8,2023-08-01,4.27,73640,0.85,0.25,0.64,synthetic
Poland,Krakow,Booking,2023,8,2023-08-01,4.24,76484,0.96,0.41,0.66,synthetic
Poland,Krakow,Google,2023,9,2023-09-01,4.3,78473,0.96,0.13,0.68,synthetic
Poland,Krakow,Tripadvisor,2023,9,2023-09-01,4.09,75890,0.68,0.25,0.41,synthetic
Poland,Krakow,Booking,2023,9,2023-09-01,4.25,69935,0.59,0.24,0.58,synthetic
Poland,Krakow,Google,2023,10,2023-10-01,4.24,61559,0.72,0.29,0.54,synthetic
Poland,Krakow,Tripadvisor,2023,10,2023-10-01,4.26,71499,0.84,0.39,0.58,synthetic
Poland,Krakow,Booking,2023,10,2023-10-01,4.33,56785,0.6,0.38,0.74,synthetic
Poland,Krakow,Google,2023,11,2023-11-01,4.36,78533,0.58,0.36,0.69,synthetic
Poland,Krakow,Tripadvisor,2023,11,2023-11-01,4.2,67168,0.87,0.36,0.7,synthetic
Poland,Krakow,Booking,2023,11,2023-11-01,4.18,64995,0.66,0.37,0.58,synthetic
Poland,Krakow,Google,2023,12,2023-12-01,4.29,74595,0.39,0.38,0.7,synthetic
Poland,Krakow,Tripadvisor,2023,12,2023-12-01,4.26,53074,0.56,0.34,0.59,synthetic
Poland,Krakow,Booking,2023,12,2023-12-01,4.3,74077,0.62,0.3,0.66,synthetic
Poland,Krakow,Google,2024,1,2024-01-01,4.25,62215,0.54,0.31,0.69,synthetic
Poland,Krakow,Tripadvisor,2024,1,2024-01-01,4.29,86560,0.39,0.26,0.75,synthetic
Poland,Krakow,Booking,2024,1,2024-01-01,4.2,66828,0.56,0.5,0.57,synthetic
Poland,Krakow,Google,2024,2,2024-02-01,4.28,77023,0.31,0.3,0.61,synthetic
Poland,Krakow,Tripadvisor,2024,2,2024-02-01,4.29,88914,0.55,0.27,0.77,synthetic
Poland,Krakow,Booking,2024,2,2024-02-01,4.2,61707,0.81,0.29,0.62,synthetic
Poland,Krakow,Google,2024,3,2024-03-01,4.38,61178,0.57,0.18,0.71,synthetic
Poland,Krakow,Tripadvisor,2024,3,2024-03-01,4.21,63208,0.71,0.3,0.54,synthetic
Poland,Krakow,Booking,2024,3,2024-03-01,4.17,75397,0.35,0.32,0.65,synthetic
Poland,Krakow,Google,2024,4,2024-04-01,4.29,68060,0.64,0.17,0.65,synthetic
Poland,Krakow,Tripadvisor,2024,4,2024-04-01,4.23,64388,0.69,0.1,0.55,synthetic
Poland,Krakow,Booking,2024,4,2024-04-01,4.18,69106,0.79,0.38,0.6,synthetic
Poland,Krakow,Google,2024,5,2024-05-01,4.25,73459,0.81,0.12,0.66,synthetic
Poland,Krakow,Tripadvisor,2024,5,2024-05-01,4.22,78003,0.68,0.37,0.69,synthetic
Poland,Krakow,Booking,2024,5,2024-05-01,4.16,82438,0.59,0.25,0.68,synthetic
Poland,Krakow,Google,2024,6,2024-06-01,4.29,69880,0.74,0.3,0.62,synthetic
Poland,Krakow,Tripadvisor,2024,6,2024-06-01,4.21,76251,0.51,0.32,0.65,synthetic
Poland,Krakow,Booking,2024,6,2024-06-01,4.25,91010,0.6,0.43,0.68,synthetic
Poland,Krakow,Google,2024,7,2024-07-01,4.34,90972,0.34,0.33,0.66,synthetic
Poland,Krakow,Tripadvisor,2024,7,2024-07-01,4.25,70055,0.52,0.19,0.63,synthetic
Poland,Krakow,Booking,2024,7,2024-07-01,4.3,69204,0.55,0.23,0.6,synthetic
Poland,Krakow,Google,2024,8,2024-08-01,4.23,76592,0.79,0.18,0.61,synthetic
Poland,Krakow,Tripadvisor,2024,8,2024-08-01,4.32,63156,0.79,0.26,0.69,synthetic
Poland,Krakow,Booking,2024,8,2024-08-01,4.23,77612,0.84,0.29,0.67,synthetic
Poland,Krakow,Google,2024,9,2024-09-01,4.26,66624,0.58,0.28,0.56,synthetic
Poland,Krakow,Tripadvisor,2024,9,2024-09-01,4.27,79371,0.72,0.44,0.68,synthetic
Poland,Krakow,Booking,2024,9,2024-09-01,4.21,70118,0.73,0.34,0.6,synthetic
Poland,Krakow,Google,2024,10,2024-10-01,4.19,68878,0.69,0.1,0.48,synthetic
Poland,Krakow,Tripadvisor,2024,10,2024-10-01,4.29,68853,0.67,0.46,0.59,synthetic
Poland,Krakow,Booking,2024,10,2024-10-01,4.15,71123,0.5,0.3,0.6,synthetic
Poland,Krakow,Google,2024,11,2024-11-01,4.27,73971,0.76,0.37,0.62,synthetic
Poland,Krakow,Tripadvisor,2024,11,2024-11-01,4.28,59919,0.76,0.3,0.58,synthetic
Poland,Krakow,Booking,2024,11,2024-11-01,4.22,82722,0.48,0.34,0.65,synthetic
Poland,Krakow,Google,2024,12,2024-12-01,4.25,65930,0.59,0.16,0.6,synthetic
Poland,Krakow,Tripadvisor,2024,12,2024-12-01,4.18,73149,0.41,0.31,0.65,synthetic
Poland,Krakow,Booking,2024,12,2024-12-01,4.32,62568,0.5,0.39,0.69,synthetic
Poland,Krakow,Google,2025,1,2025-01-01,4.21,74399,0.61,0.12,0.63,synthetic
Poland,Krakow,Tripadvisor,2025,1,2025-01-01,4.31,75322,0.39,0.44,0.67,synthetic
Poland,Krakow,Booking,2025,1,2025-01-01,4.29,66485,0.4,0.34,0.7,synthetic
Poland,Krakow,Google,2025,2,2025-02-01,4.18,78047,0.36,0.23,0.58,synthetic
Poland,Krakow,Tripadvisor,2025,2,2025-02-01,4.28,59046,0.8,0.28,0.7,synthetic
Poland,Krakow,Booking,2025,2,2025-02-01,4.29,87093,0.9,0.22,0.65,synthetic
Poland,Krakow,Google,2025,3,2025-03-01,4.19,78043,0.71,0.41,0.57,synthetic
Poland,Krakow,Tripadvisor,2025,3,2025-03-01,4.17,79707,0.47,0.24,0.62,synthetic
Poland,Krakow,Booking,2025,3,2025-03-01,4.28,86921,0.55,0.4,0.64,synthetic
Poland,Krakow,Google,2025,4,2025-04-01,4.23,68593,0.29,0.14,0.63,synthetic
Poland,Krakow,Tripadvisor,2025,4,2025-04-01,4.19,63412,0.54,0.33,0.62,synthetic
Poland,Krakow,Booking,2025,4,2025-04-01,4.24,78435,0.52,0.36,0.61,synthetic
Poland,Krakow,Google,2025,5,2025-05-01,4.24,88852,0.72,0.28,0.6,synthetic
Poland,Krakow,Tripadvisor,2025,5,2025-05-01,4.23,59847,0.76,0.23,0.66,synthetic
Poland,Krakow,Booking,2025,5,2025-05-01,4.25,92207,0.68,0.39,0.59,synthetic
Poland,Krakow,Google,2025,6,2025-06-01,4.17,80411,0.31,0.25,0.52,synthetic
Poland,Krakow,Tripadvisor,2025,6,2025-06-01,4.2,84660,0.68,0.28,0.61,synthetic
Poland,Krakow,Booking,2025,6,2025-06-01,4.21,102020,0.65,0.24,0.65,synthetic
Hungary,Budapest,Google,2023,1,2023-01-01,4.5,122059,0.5,0.29,0.67,synthetic
Hungary,Budapest,Tripadvisor,2023,1,2023-01-01,4.56,139434,0.65,0.36,0.8,synthetic
Hungary,Budapest,Booking,2023,1,2023-01-01,4.69,161778,0.63,0.2,0.81,synthetic
Hungary,Budapest,Google,2023,2,2023-02-01,4.5,145634,0.65,0.39,0.76,synthetic
Hungary,Budapest,Tripadvisor,2023,2,2023-02-01,4.65,161441,0.45,0.25,0.82,synthetic
Hungary,Budapest,Booking,2023,2,2023-02-01,4.54,138827,0.65,0.29,0.77,synthetic
Hungary,Budapest,Google,2023,3,2023-03-01,4.53,151693,0.66,0.22,0.7,synthetic
Hungary,Budapest,Tripadvisor,2023,3,2023-03-01,4.66,173002,0.64,0.26,0.88,synthetic
Hungary,Budapest,Booking,2023,3,2023-03-01,4.61,139387,0.75,0.22,0.77,synthetic
Hungary,Budapest,Google,2023,4,2023-04-01,4.61,144963,0.7,0.42,0.73,synthetic
Hungary,Budapest,Tripadvisor,2023,4,2023-04-01,4.59,175626,0.51,0.23,0.68,synthetic
Hungary,Budapest,Booking,2023,4,2023-04-01,4.59,152966,0.69,0.2,0.79,synthetic
Hungary,Budapest,Google,2023,5,2023-05-01,4.6,143897,0.44,0.31,0.76,synthetic
Hungary,Budapest,Tripadvisor,2023,5,2023-05-01,4.47,154694,0.62,0.36,0.71,synthetic
Hungary,Budapest,Booking,2023,5,2023-05-01,4.62,160543,0.86,0.38,0.83,synthetic
Hungary,Budapest,Google,2023,6,2023-06-01,4.5,141174,0.39,0.22,0.85,synthetic
Hungary,Budapest,Tripadvisor,2023,6,2023-06-01,4.52,102803,0.72,0.23,0.8,synthetic
Hungary,Budapest,Booking,2023,6,2023-06-01,4.51,135694,0.78,0.17,0.75,synthetic
Hungary,Budapest,Google,2023,7,2023-07-01,4.6,130660,0.64,0.3,0.83,synthetic
Hungary,Budapest,Tripadvisor,2023,7,2023-07-01,4.69,188910,0.67,0.29,0.87,synthetic
Hungary,Budapest,Booking,2023,7,2023-07-01,4.57,115762,0.59,0.41,0.71,synthetic
Hungary,Budapest,Google,2023,8,2023-08-01,4.53,133016,0.66,0.54,0.72,synthetic
Hungary,Budapest,Tripadvisor,2023,8,2023-08-01,4.59,143102,0.55,0.3,0.77,synthetic
Hungary,Budapest,Booking,2023,8,2023-08-01,4.75,155867,0.53,0.42,0.89,synthetic
Hungary,Budapest,Google,2023,9,2023-09-01,4.59,139879,0.56,0.18,0.71,synthetic
Hungary,Budapest,Tripadvisor,2023,9,2023-09-01,4.61,139706,0.73,0.21,0.75,synthetic
Hungary,Budapest,Booking,2023,9,2023-09-01,4.63,137934,0.73,0.3,0.91,synthetic
Hungary,Budapest,Google,2023,10,2023-10-01,4.63,150034,0.72,0.27,0.73,synthetic
Hungary,Budapest,Tripadvisor,2023,10,2023-10-01,4.61,176321,0.26,0.35,0.73,synthetic
Hungary,Budapest,Booking,2023,10,2023-10-01,4.58,144366,0.71,0.32,0.86,synthetic
Hungary,Budapest,Google,2023,11,2023-11-01,4.65,139628,0.76,0.27,0.8,synthetic
Hungary,Budapest,Tripadvisor,2023,11,2023-11-01,4.51,165516,0.55,0.06,0.78,synthetic
Hungary,Budapest,Booking,2023,11,2023-11-01,4.56,137878,0.56,0.27,0.92,synthetic
Hungary,Budapest,Google,2023,12,2023-12-01,4.68,155001,0.64,0.41,0.85,synthetic
Hungary,Budapest,Tripadvisor,2023,12,2023-12-01,4.63,152582,0.62,0.39,0.8,synthetic
Hungary,Budapest,Booking,2023,12,2023-12-01,4.59,126195,0.47,0.05,0.82,synthetic
Hungary,Budapest,Google,2024,1,2024-01-01,4.63,174559,0.43,0.34,0.81,synthetic
Hungary,Budapest,Tripadvisor,2024,1,2024-01-01,4.63,142370,0.55,0.14,0.78,synthetic
Hungary,Budapest,Booking,2024,1,2024-01-01,4.58,157670,0.35,0.25,0.8,synthetic
Hungary,Budapest,Google,2024,2,2024-02-01,4.67,138782,0.67,0.24,0.81,synthetic
Hungary,Budapest,Tripadvisor,2024,2,2024-02-01,4.53,135088,0.53,0.4,0.73,synthetic
Hungary,Budapest,Booking,2024,2,2024-02-01,4.53,158319,0.6,0.29,0.78,synthetic
Hungary,Budapest,Google,2024,3,2024-03-01,4.52,137783,0.75,0.29,0.79,synthetic
Hungary,Budapest,Tripadvisor,2024,3,2024-03-01,4.66,170117,0.39,0.29,0.88,synthetic
Hungary,Budapest,Booking,2024,3,2024-03-01,4.62,157852,0.35,0.24,0.81,synthetic
Hungary,Budapest,Google,2024,4,2024-04-01,4.5,169151,0.58,0.1,0.72,synthetic
Hungary,Budapest,Tripadvisor,2024,4,2024-04-01,4.57,152036,0.81,0.36,0.72,synthetic
Hungary,Budapest,Booking,2024,4,2024-04-01,4.49,149498,0.62,0.4,0.83,synthetic
Hungary,Budapest,Google,2024,5,2024-05-01,4.69,146245,0.74,0.34,0.79,synthetic
Hungary,Budapest,Tripadvisor,2024,5,2024-05-01,4.47,157114,0.38,0.21,0.7,synthetic
Hungary,Budapest,Booking,2024,5,2024-05-01,4.6,178177,0.6,0.25,0.7,synthetic
Hungary,Budapest,Google,2024,6,2024-06-01,4.61,154972,0.52,0.42,0.75,synthetic
Hungary,Budapest,Tripadvisor,2024,6,2024-06-01,4.54,149902,0.52,0.36,0.79,synthetic
Hungary,Budapest,Booking,2024,6,2024-06-01,4.65,163752,0.58,0.27,0.85,synthetic
Hungary,Budapest,Google,2024,7,2024-07-01,4.57,155318,0.68,0.31,0.8,synthetic
Hungary,Budapest,Tripadvisor,2024,7,2024-07-01,4.54,179457,0.43,0.34,0.74,synthetic
Hungary,Budapest,Booking,2024,7,2024-07-01,4.65,170821,0.6,0.46,0.82,synthetic
Hungary,Budapest,Google,2024,8,2024-08-01,4.64,140983,0.66,0.21,0.82,synthetic
Hungary,Budapest,Tripadvisor,2024,8,2024-08-01,4.58,170725,0.5,0.61,0.72,synthetic
Hungary,Budapest,Booking,2024,8,2024-08-01,4.6,159776,0.68,0.25,0.81,synthetic
Hungary,Budapest,Google,2024,9,2024-09-01,4.55,189158,0.5,0.29,0.74,synthetic
Hungary,Budapest,Tripadvisor,2024,9,2024-09-01,4.54,128476,0.7,0.23,0.73,synthetic
Hungary,Budapest,Booking,2024,9,2024-09-01,4.53,160084,0.6,0.3,0.73,synthetic
Hungary,Budapest,Google,2024,10,2024-10-01,4.61,142167,0.61,0.29,0.72,synthetic
Hungary,Budapest,Tripadvisor,2024,10,2024-10-01,4.71,165095,0.63,0.33,0.96,synthetic
Hungary,Budapest,Booking,2024,10,2024-10-01,4.65,160906,0.49,0.24,0.74,synthetic
Hungary,Budapest,Google,2024,11,2024-11-01,4.56,166709,0.7,0.36,0.76,synthetic
Hungary,Budapest,Tripadvisor,2024,11,2024-11-01,4.62,169717,0.27,0.33,0.91,synthetic
Hungary,Budapest,Booking,2024,11,2024-11-01,4.57,107705,0.48,0.12,0.75,synthetic
Hungary,Budapest,Google,2024,12,2024-12-01,4.51,171694,0.72,0.33,0.82,synthetic
Hungary,Budapest,Tripadvisor,2024,12,2024-12-01,4.55,155806,0.93,0.36,0.8,synthetic
Hungary,Budapest,Booking,2024,12,2024-12-01,4.54,146722,0.45,0.47,0.69,synthetic
Hungary,Budapest,Google,2025,1,2025-01-01,4.64,177451,0.36,0.41,0.81,synthetic
Hungary,Budapest,Tripadvisor,2025,1,2025-01-01,4.51,173138,0.48,0.28,0.73,synthetic
Hungary,Budapest,Booking,2025,1,2025-01-01,4.53,142227,0.72,0.33,0.78,synthetic
Hungary,Budapest,Google,2025,2,2025-02-01,4.56,166904,0.49,0.22,0.87,synthetic
Hungary,Budapest,Tripadvisor,2025,2,2025-02-01,4.64,154707,0.38,0.13,0.79,synthetic
Hungary,Budapest,Booking,2025,2,2025-02-01,4.59,168239,0.62,0.33,0.74,synthetic
Hungary,Budapest,Google,2025,3,2025-03-01,4.67,161954,0.64,0.23,0.85,synthetic
Hungary,Budapest,Tripadvisor,2025,3,2025-03-01,4.71,146189,0.43,0.21,0.84,synthetic
Hungary,Budapest,Booking,2025,3,2025-03-01,4.55,145168,0.59,0.46,0.77,synthetic
Hungary,Budapest,Google,2025,4,2025-04-01,4.58,172710,0.7,0.44,0.8,synthetic
Hungary,Budapest,Tripadvisor,2025,4,2025-04-01,4.58,146146,0.71,0.22,0.75,synthetic
Hungary,Budapest,Booking,2025,4,2025-04-01,4.6,196569,0.71,0.3,0.75,synthetic
Hungary,Budapest,Google,2025,5,2025-05-01,4.68,164757,0.56,0.36,0.82,synthetic
Hungary,Budapest,Tripadvisor,2025,5,2025-05-01,4.54,152803,0.5,0.19,0.71,synthetic
Hungary,Budapest,Booking,2025,5,2025-05-01,4.64,179197,0.48,0.39,0.84,synthetic
Hungary,Budapest,Google,2025,6,2025-06-01,4.56,141482,0.65,0.49,0.78,synthetic
Hungary,Budapest,Tripadvisor,2025,6,2025-06-01,4.64,161669,0.74,0.28,0.7,synthetic
Hungary,Budapest,Booking,2025,6,2025-06-01,4.54,168516,0.76,0.28,0.77,synthetic
Croatia,Dubrovnik,Google,2023,1,2023-01-01,4.25,281047,0.5,0.15,0.53,synthetic
Croatia,Dubrovnik,Tripadvisor,2023,1,2023-01-01,4.19,242023,0.48,0.33,0.53,synthetic
Croatia,Dubrovnik,Booking,2023,1,2023-01-01,4.2,227232,0.44,0.26,0.58,synthetic
Croatia,Dubrovnik,Google,2023,2,2023-02-01,4.17,271482,0.77,0.32,0.58,synthetic
Croatia,Dubrovnik,Tripadvisor,2023,2,2023-02-01,4.12,187630,0.6,0.21,0.62,synthetic
Croatia,Dubrovnik,Booking,2023,2,2023-02-01,4.14,259510,0.53,0.23,0.6,synthetic
Croatia,Dubrovnik,Google,2023,3,2023-03-01,4.17,247367,0.59,0.38,0.62,synthetic
Croatia,Dubrovnik,Tripadvisor,2023,3,2023-03-01,4.02,230801,0.75,0.2,0.43,synthetic
Croatia,Dubrovnik,Booking,2023,3,2023-03-01,4.14,253041,0.53,0.43,0.66,synthetic
Croatia,Dubrovnik,Google,2023,4,2023-04-01,4.04,227184,0.26,0.37,0.48,synthetic
Croatia,Dubrovnik,Tripadvisor,2023,4,2023-04-01,4.12,270970,0.4,0.14,0.45,synthetic
Croatia,Dubrovnik,Booking,2023,4,2023-04-01,4.23,267830,0.56,0.17,0.66,synthetic
Croatia,Dubrovnik,Google,2023,5,2023-05-01,4.32,231423,0.42,0.42,0.6,synthetic
Croatia,Dubrovnik,Tripadvisor,2023,5,2023-05-01,4.13,162747,0.55,0.17,0.63,synthetic
Croatia,Dubrovnik,Booking,2023,5,2023-05-01,4.09,260445,0.58,0.31,0.57,synthetic
Croatia,Dubrovnik,Google,2023,6,2023-06-01,4.15,219645,0.48,0.35,0.48,synthetic
Croatia,Dubrovnik,Tripadvisor,2023,6,2023-06-01,4.25,241926,0.55,0.33,0.6,synthetic
Croatia,Dubrovnik,Booking,2023,6,2023-06-01,4.14,205815,0.66,0.29,0.58,synthetic
Croatia,Dubrovnik,Google,2023,7,2023-07-01,4.24,215175,0.58,0.13,0.65,synthetic
Croatia,Dubrovnik,Tripadvisor,2023,7,2023-07-01,4.15,238654,0.58,0.24,0.7,synthetic
Croatia,Dubrovnik,Booking,2023,7,2023-07-01,4.15,246633,0.43,0.39,0.57,synthetic
Croatia,Dubrovnik,Google,2023,8,2023-08-01,4.18,263946,0.58,0.23,0.47,synthetic
Croatia,Dubrovnik,Tripadvisor,2023,8,2023-08-01,4.13,218656,0.43,0.45,0.61,synthetic
Croatia,Dubrovnik,Booking,2023,8,2023-08-01,4.04,242551,0.48,0.34,0.48,synthetic
Croatia,Dubrovnik,Google,2023,9,2023-09-01,4.12,265681,0.72,0.45,0.55,synthetic
Croatia,Dubrovnik,Tripadvisor,2023,9,2023-09-01,4.06,264488,0.74,0.36,0.49,synthetic
Croatia,Dubrovnik,Booking,2023,9,2023-09-01,4.09,253476,0.47,0.27,0.69,synthetic
Croatia,Dubrovnik,Google,2023,10,2023-10-01,4.28,260813,0.5,0.23,0.68,synthetic
Croatia,Dubrovnik,Tripadvisor,2023,10,2023-10-01,4.24,223536,0.53,0.31,0.55,synthetic
Croatia,Dubrovnik,Booking,2023,10,2023-10-01,4.07,204549,0.68,0.33,0.59,synthetic
Croatia,Dubrovnik,Google,2023,11,2023-11-01,4.05,194807,0.67,0.21,0.48,synthetic
Croatia,Dubrovnik,Tripadvisor,2023,11,2023-11-01,4.21,222356,0.53,0.27,0.6,synthetic
Croatia,Dubrovnik,Booking,2023,11,2023-11-01,4.19,203578,0.57,0.42,0.7,synthetic
Croatia,Dubrovnik,Google,2023,12,2023-12-01,4.07,247618,0.57,0.29,0.5,synthetic
Croatia,Dubrovnik,Tripadvisor,2023,12,2023-12-01,4.2,258292,0.98,0.17,0.51,synthetic
Croatia,Dubrovnik,Booking,2023,12,2023-12-01,4.27,236675,0.53,0.32,0.57,synthetic
Croatia,Dubrovnik,Google,2024,1,2024-01-01,4.17,254734,0.76,0.39,0.63,synthetic
Croatia,Dubrovnik,Tripadvisor,2024,1,2024-01-01,4.16,306730,0.69,0.25,0.54,synthetic
Croatia,Dubrovnik,Booking,2024,1,2024-01-01,4.11,275386,0.4,0.32,0.51,synthetic
Croatia,Dubrovnik,Google,2024,2,2024-02-01,4.08,223517,0.6,0.38,0.5,synthetic
Croatia,Dubrovnik,Tripadvisor,2024,2,2024-02-01,4.03,354571,0.77,0.39,0.59,synthetic
Croatia,Dubrovnik,Booking,2024,2,2024-02-01,4.16,253044,0.8,0.43,0.61,synthetic
Croatia,Dubrovnik,Google,2024,3,2024-03-01,4.2,218976,0.56,0.47,0.64,synthetic
Croatia,Dubrovnik,Tripadvisor,2024,3,2024-03-01,4.06,240819,0.83,0.35,0.54,synthetic
Croatia,Dubrovnik,Booking,2024,3,2024-03-01,4.16,254632,0.52,0.22,0.63,synthetic
Croatia,Dubrovnik,Google,2024,4,2024-04-01,4.17,279035,0.68,0.44,0.61,synthetic
Croatia,Dubrovnik,Tripadvisor,2024,4,2024-04-01,4.2,262374,0.46,0.28,0.63,synthetic
Croatia,Dubrovnik,Booking,2024,4,2024-04-01,4.19,301998,0.53,0.32,0.59,synthetic
Croatia,Dubrovnik,Google,2024,5,2024-05-01,4.25,268830,0.66,0.3,0.61,synthetic
Croatia,Dubrovnik,Tripadvisor,2024,5,2024-05-01,4.06,218284,0.63,0.31,0.54,synthetic
Croatia,Dubrovnik,Booking,2024,5,2024-05-01,4.21,260080,0.55,0.28,0.62,synthetic
Croatia,Dubrovnik,Google,2024,6,2024-06-01,4.13,290064,0.6,0.33,0.52,synthetic
Croatia,Dubrovnik,Tripadvisor,2024,6,2024-06-01,4.22,301625,0.4,0.34,0.6,synthetic
Croatia,Dubrovnik,Booking,2024,6,2024-06-01,4.17,271165,0.26,0.38,0.64,synthetic
Croatia,Dubrovnik,Google,2024,7,2024-07-01,4.22,228055,0.6,0.25,0.52,synthetic
Croatia,Dubrovnik,Tripadvisor,2024,7,2024-07-01,4.11,223750,0.65,0.14,0.51,synthetic
Croatia,Dubrovnik,Booking,2024,7,2024-07-01,4.12,280983,1.02,0.33,0.51,synthetic
Croatia,Dubrovnik,Google,2024,8,2024-08-01,4.11,277522,0.4,0.41,0.57,synthetic
Croatia,Dubrovnik,Tripadvisor,2024,8,2024-08-01,4.14,205207,0.74,0.22,0.58,synthetic
Croatia,Dubrovnik,Booking,2024,8,2024-08-01,4.14,208327,0.57,0.18,0.54,synthetic
Croatia,Dubrovnik,Google,2024,9,2024-09-01,4.18,278893,0.6,0.21,0.56,synthetic
Croatia,Dubrovnik,Tripadvisor,2024,9,2024-09-01,4.11,191250,0.61,0.13,0.56,synthetic
Croatia,Dubrovnik,Booking,2024,9,2024-09-01,4.06,219980,0.7,0.3,0.44,synthetic
Croatia,Dubrovnik,Google,2024,10,2024-10-01,4.12,265296,0.51,0.27,0.57,synthetic
Croatia,Dubrovnik,Tripadvisor,2024,10,2024-10-01,4.15,226585,0.6,0.27,0.66,synthetic
Croatia,Dubrovnik,Booking,2024,10,2024-10-01,4.15,261377,0.64,0.27,0.54,synthetic
Croatia,Dubrovnik,Google,2024,11,2024-11-01,4.18,271655,0.91,0.37,0.63,synthetic
Croatia,Dubrovnik,Tripadvisor,2024,11,2024-11-01,4.19,235904,0.41,0.2,0.63,synthetic
Croatia,Dubrovnik,Booking,2024,11,2024-11-01,4.24,279867,0.57,0.47,0.6,synthetic
Croatia,Dubrovnik,Google,2024,12,2024-12-01,4.08,265020,0.79,0.22,0.46,synthetic
Croatia,Dubrovnik,Tripadvisor,2024,12,2024-12-01,4.15,281022,0.16,0.4,0.51,synthetic
Croatia,Dubrovnik,Booking,2024,12,2024-12-01,4.19,195582,0.38,0.36,0.66,synthetic
Croatia,Dubrovnik,Google,2025,1,2025-01-01,4.15,355674,0.45,0.2,0.56,synthetic
Croatia,Dubrovnik,Tripadvisor,2025,1,2025-01-01,4.13,285662,0.49,0.36,0.59,synthetic
Croatia,Dubrovnik,Booking,2025,1,2025-01-01,4.25,260005,0.65,0.36,0.62,synthetic
Croatia,Dubrovnik,Google,2025,2,2025-02-01,4.14,207847,0.61,0.36,0.57,synthetic
Croatia,Dubrovnik,Tripadvisor,2025,2,2025-02-01,4.1,220595,0.67,0.3,0.62,synthetic
Croatia,Dubrovnik,Booking,2025,2,2025-02-01,4.06,260672,0.4,0.4,0.59,synthetic
Croatia,Dubrovnik,Google,2025,3,2025-03-01,4.27,293550,0.72,0.34,0.66,synthetic
Croatia,Dubrovnik,Tripadvisor,2025,3,2025-03-01,4.15,296779,0.92,0.32,0.58,synthetic
Croatia,Dubrovnik,Booking,2025,3,2025-03-01,4.16,271321,0.64,0.28,0.64,synthetic
Croatia,Dubrovnik,Google,2025,4,2025-04-01,4.21,348068,0.6,0.33,0.62,synthetic
Croatia,Dubrovnik,Tripadvisor,2025,4,2025-04-01,4.16,313725,0.36,0.35,0.68,synthetic
Croatia,Dubrovnik,Booking,2025,4,2025-04-01,4.23,317656,0.73,0.24,0.58,synthetic
Croatia,Dubrovnik,Google,2025,5,2025-05-01,4.11,238522,0.74,0.45,0.58,synthetic
Croatia,Dubrovnik,Tripadvisor,2025,5,2025-05-01,4.2,285993,0.69,0.09,0.62,synthetic
Croatia,Dubrovnik,Booking,2025,5,2025-05-01,4.13,274933,0.63,0.23,0.51,synthetic
Croatia,Dubrovnik,Google,2025,6,2025-06-01,4.11,228249,0.43,0.2,0.48,synthetic
Croatia,Dubrovnik,Tripadvisor,2025,6,2025-06-01,4.18,246411,0.32,0.26,0.54,synthetic
Croatia,Dubrovnik,Booking,2025,6,2025-06-01,4.24,280670,0.38,0.36,0.62,synthetic
Iceland,Reykjavik,Google,2023,1,2023-01-01,4.4,108381,0.54,0.3,0.66,synthetic
Iceland,Reykjavik,Tripadvisor,2023,1,2023-01-01,4.42,91361,0.31,0.33,0.71,synthetic
Iceland,Reykjavik,Booking,2023,1,2023-01-01,4.37,104040,0.82,0.23,0.64,synthetic
Iceland,Reykjavik,Google,2023,2,2023-02-01,4.52,101071,0.58,0.38,0.78,synthetic
Iceland,Reykjavik,Tripadvisor,2023,2,2023-02-01,4.54,96212,0.66,0.41,0.65,synthetic
Iceland,Reykjavik,Booking,2023,2,2023-02-01,4.52,90562,0.67,0.47,0.75,synthetic
Iceland,Reykjavik,Google,2023,3,2023-03-01,4.43,95772,0.38,0.52,0.71,synthetic
Iceland,Reykjavik,Tripadvisor,2023,3,2023-03-01,4.56,92551,0.61,0.39,0.72,synthetic
Iceland,Reykjavik,Booking,2023,3,2023-03-01,4.45,106896,0.57,0.25,0.78,synthetic
Iceland,Reykjavik,Google,2023,4,2023-04-01,4.54,114454,0.5,0.24,0.75,synthetic
Iceland,Reykjavik,Tripadvisor,2023,4,2023-04-01,4.5,82560,0.43,0.23,0.7,synthetic
Iceland,Reykjavik,Booking,2023,4,2023-04-01,4.51,105857,0.53,0.28,0.63,synthetic
Iceland,Reykjavik,Google,2023,5,2023-05-01,4.43,110796,0.52,0.19,0.78,synthetic
Iceland,Reykjavik,Tripadvisor,2023,5,2023-05-01,4.39,114291,1.03,0.29,0.76,synthetic
Iceland,Reykjavik,Booking,2023,5,2023-05-01,4.36,76589,0.48,0.38,0.68,synthetic
Iceland,Reykjavik,Google,2023,6,2023-06-01,4.45,81472,0.58,0.24,0.68,synthetic
Iceland,Reykjavik,Tripadvisor,2023,6,2023-06-01,4.4,98626,0.49,0.3,0.61,synthetic
Iceland,Reykjavik,Booking,2023,6,2023-06-01,4.49,99190,0.57,0.32,0.79,synthetic
Iceland,Reykjavik,Google,2023,7,2023-07-01,4.37,97177,0.4,0.31,0.67,synthetic
Iceland,Reykjavik,Tripadvisor,2023,7,2023-07-01,4.46,106221,0.72,0.41,0.71,synthetic
Iceland,Reykjavik,Booking,2023,7,2023-07-01,4.5,102267,0.54,0.31,0.74,synthetic
Iceland,Reykjavik,Google,2023,8,2023-08-01,4.54,105779,0.55,0.26,0.82,synthetic
Iceland,Reykjavik,Tripadvisor,2023,8,2023-08-01,4.54,100056,0.7,0.43,0.76,synthetic
Iceland,Reykjavik,Booking,2023,8,2023-08-01,4.46,102036,0.54,0.47,0.71,synthetic
Iceland,Reykjavik,Google,2023,9,2023-09-01,4.46,118576,0.32,0.32,0.7,synthetic
Iceland,Reykjavik,Tripadvisor,2023,9,2023-09-01,4.46,82455,0.54,0.3,0.74,synthetic
Iceland,Reykjavik,Booking,2023,9,2023-09-01,4.51,69522,0.58,0.28,0.75,synthetic
Iceland,Reykjavik,Google,2023,10,2023-10-01,4.46,86802,0.37,0.32,0.68,synthetic
Iceland,Reykjavik,Tripadvisor,2023,10,2023-10-01,4.48,85563,0.7,0.29,0.74,synthetic
Iceland,Reykjavik,Booking,2023,10,2023-10-01,4.44,91701,0.57,0.42,0.64,synthetic
Iceland,Reykjavik,Google,2023,11,2023-11-01,4.42,108630,0.72,0.43,0.71,synthetic
Iceland,Reykjavik,Tripadvisor,2023,11,2023-11-01,4.38,83589,0.56,0.38,0.68,synthetic
Iceland,Reykjavik,Booking,2023,11,2023-11-01,4.44,100998,0.6,0.26,0.67,synthetic
Iceland,Reykjavik,Google,2023,12,2023-12-01,4.51,108527,0.44,0.26,0.79,synthetic
Iceland,Reykjavik,Tripadvisor,2023,12,2023-12-01,4.39,100630,0.55,0.18,0.78,synthetic
Iceland,Reykjavik,Booking,2023,12,2023-12-01,4.44,102471,0.43,0.46,0.82,synthetic
Iceland,Reykjavik,Google,2024,1,2024-01-01,4.37,102062,0.8,0.25,0.7,synthetic
Iceland,Reykjavik,Tripadvisor,2024,1,2024-01-01,4.36,94269,0.65,0.24,0.66,synthetic
Iceland,Reykjavik,Booking,2024,1,2024-01-01,4.37,112290,0.4,0.45,0.65,synthetic
Iceland,Reykjavik,Google,2024,2,2024-02-01,4.5,112891,0.45,0.24,0.73,synthetic
Iceland,Reykjavik,Tripadvisor,2024,2,2024-02-01,4.43,87905,0.68,0.23,0.71,synthetic
Iceland,Reykjavik,Booking,2024,2,2024-02-01,4.52,111262,0.51,0.4,0.79,synthetic
Iceland,Reykjavik,Google,2024,3,2024-03-01,4.41,97695,0.75,0.38,0.63,synthetic
Iceland,Reykjavik,Tripadvisor,2024,3,2024-03-01,4.4,112806,0.42,0.38,0.79,synthetic
Iceland,Reykjavik,Booking,2024,3,2024-03-01,4.48,92586,0.63,0.4,0.74,synthetic
Iceland,Reykjavik,Google,2024,4,2024-04-01,4.49,94130,0.49,0.39,0.71,synthetic
Iceland,Reykjavik,Tripadvisor,2024,4,2024-04-01,4.3,100291,0.65,0.41,0.73,synthetic
Iceland,Reykjavik,Booking,2024,4,2024-04-01,4.46,112347,0.62,0.34,0.72,synthetic
Iceland,Reykjavik,Google,2024,5,2024-05-01,4.48,94998,0.9,0.06,0.77,synthetic
Iceland,Reykjavik,Tripadvisor,2024,5,2024-05-01,4.48,108757,0.42,0.13,0.77,synthetic
Iceland,Reykjavik,Booking,2024,5,2024-05-01,4.54,106870,0.72,0.25,0.79,synthetic
Iceland,Reykjavik,Google,2024,6,2024-06-01,4.53,100200,0.78,0.14,0.73,synthetic
Iceland,Reykjavik,Tripadvisor,2024,6,2024-06-01,4.49,127892,0.6,0.2,0.84,synthetic
Iceland,Reykjavik,Booking,2024,6,2024-06-01,4.45,112424,0.55,0.31,0.7,synthetic
Iceland,Reykjavik,Google,2024,7,2024-07-01,4.59,119001,0.87,0.22,0.7,synthetic
Iceland,Reykjavik,Tripadvisor,2024,7,2024-07-01,4.44,135559,0.55,0.41,0.67,synthetic
Iceland,Reykjavik,Booking,2024,7,2024-07-01,4.41,103121,0.92,0.41,0.6,synthetic
Iceland,Reykjavik,Google,2024,8,2024-08-01,4.5,89765,0.5,0.35,0.82,synthetic
Iceland,Reykjavik,Tripadvisor,2024,8,2024-08-01,4.54,108261,0.65,0.43,0.69,synthetic
Iceland,Reykjavik,Booking,2024,8,2024-08-01,4.57,94922,0.64,0.25,0.73,synthetic
Iceland,Reykjavik,Google,2024,9,2024-09-01,4.48,107073,0.58,0.28,0.82,synthetic
Iceland,Reykjavik,Tripadvisor,2024,9,2024-09-01,4.59,119772,0.64,0.14,0.83,synthetic
Iceland,Reykjavik,Booking,2024,9,2024-09-01,4.5,113755,0.43,0.39,0.83,synthetic
Iceland,Reykjavik,Google,2024,10,2024-10-01,4.4,112672,0.48,0.29,0.65,synthetic
Iceland,Reykjavik,Tripadvisor,2024,10,2024-10-01,4.44,99833,0.66,0.39,0.78,synthetic
Iceland,Reykjavik,Booking,2024,10,2024-10-01,4.42,108614,0.44,0.29,0.71,synthetic
Iceland,Reykjavik,Google,2024,11,2024-11-01,4.4,111104,0.58,0.32,0.76,synthetic
Iceland,Reykjavik,Tripadvisor,2024,11,2024-11-01,4.43,114741,0.82,0.44,0.71,synthetic
Iceland,Reykjavik,Booking,2024,11,2024-11-01,4.4,95248,0.36,0.37,0.74,synthetic
Iceland,Reykjavik,Google,2024,12,2024-12-01,4.46,86924,0.55,0.44,0.76,synthetic
Iceland,Reykjavik,Tripadvisor,2024,12,2024-12-01,4.5,145450,0.65,0.08,0.7,synthetic
Iceland,Reykjavik,Booking,2024,12,2024-12-01,4.48,104352,0.57,0.28,0.7,synthetic
Iceland,Reykjavik,Google,2025,1,2025-01-01,4.48,130542,0.86,0.47,0.69,synthetic
Iceland,Reykjavik,Tripadvisor,2025,1,2025-01-01,4.46,107619,0.69,0.29,0.72,synthetic
Iceland,Reykjavik,Booking,2025,1,2025-01-01,4.54,113151,0.62,0.34,0.81,synthetic
Iceland,Reykjavik,Google,2025,2,2025-02-01,4.5,132660,0.41,0.33,0.74,synthetic
Iceland,Reykjavik,Tripadvisor,2025,2,2025-02-01,4.44,122000,0.79,0.24,0.8,synthetic
Iceland,Reykjavik,Booking,2025,2,2025-02-01,4.37,119752,0.47,0.24,0.69,synthetic
Iceland,Reykjavik,Google,2025,3,2025-03-01,4.43,73406,0.69,0.38,0.71,synthetic
Iceland,Reykjavik,Tripadvisor,2025,3,2025-03-01,4.44,106826,0.34,0.12,0.76,synthetic
Iceland,Reykjavik,Booking,2025,3,2025-03-01,4.52,119840,0.66,0.38,0.8,synthetic
Iceland,Reykjavik,Google,2025,4,2025-04-01,4.41,114816,0.56,0.27,0.76,synthetic
Iceland,Reykjavik,Tripadvisor,2025,4,2025-04-01,4.55,80343,0.56,0.27,0.83,synthetic
Iceland,Reykjavik,Booking,2025,4,2025-04-01,4.37,71711,0.72,0.4,0.6,synthetic
Iceland,Reykjavik,Google,2025,5,2025-05-01,4.45,132365,0.44,0.31,0.75,synthetic
Iceland,Reykjavik,Tripadvisor,2025,5,2025-05-01,4.37,104264,0.35,0.28,0.65,synthetic
Iceland,Reykjavik,Booking,2025,5,2025-05-01,4.47,120350,0.81,0.53,0.74,synthetic
Iceland,Reykjavik,Google,2025,6,2025-06-01,4.44,106803,0.46,0.34,0.69,synthetic
Iceland,Reykjavik,Tripadvisor,2025,6,2025-06-01,4.49,99310,0.53,0.34,0.74,synthetic
Iceland,Reykjavik,Booking,2025,6,2025-06-01,4.34,111627,0.48,0.42,0.72,synthetic
Chile,Santiago,Google,2023,1,2023-01-01,4.37,25554,0.38,0.39,0.62,synthetic
Chile,Santiago,Tripadvisor,2023,1,2023-01-01,4.39,22520,0.37,0.51,0.62,synthetic
Chile,Santiago,Booking,2023,1,2023-01-01,4.28,22627,0.53,0.37,0.64,synthetic
Chile,Santiago,Google,2023,2,2023-02-01,4.39,25503,0.35,0.35,0.7,synthetic
Chile,Santiago,Tripadvisor,2023,2,2023-02-01,4.29,30489,0.69,0.39,0.69,synthetic
Chile,Santiago,Booking,2023,2,2023-02-01,4.3,26269,0.65,0.24,0.59,synthetic
Chile,Santiago,Google,2023,3,2023-03-01,4.33,26133,0.6,0.28,0.67,synthetic
Chile,Santiago,Tripadvisor,2023,3,2023-03-01,4.31,28953,0.64,0.25,0.56,synthetic
Chile,Santiago,Booking,2023,3,2023-03-01,4.31,22724,0.51,0.39,0.66,synthetic
Chile,Santiago,Google,2023,4,2023-04-01,4.23,26226,0.36,0.37,0.59,synthetic
Chile,Santiago,Tripadvisor,2023,4,2023-04-01,4.33,24341,0.58,0.32,0.67,synthetic
Chile,Santiago,Booking,2023,4,2023-04-01,4.44,25070,0.64,0.23,0.74,synthetic
Chile,Santiago,Google,2023,5,2023-05-01,4.26,27783,0.38,0.22,0.55,synthetic
Chile,Santiago,Tripadvisor,2023,5,2023-05-01,4.35,23172,0.7,0.2,0.7,synthetic
Chile,Santiago,Booking,2023,5,2023-05-01,4.36,25034,0.6,0.31,0.63,synthetic
Chile,Santiago,Google,2023,6,2023-06-01,4.26,26007,0.54,0.35,0.71,synthetic
Chile,Santiago,Tripadvisor,2023,6,2023-06-01,4.3,22655,0.55,0.3,0.68,synthetic
Chile,Santiago,Booking,2023,6,2023-06-01,4.32,30503,0.66,0.38,0.66,synthetic
Chile,Santiago,Google,2023,7,2023-07-01,4.39,23812,0.5,0.39,0.69,synthetic
Chile,Santiago,Tripadvisor,2023,7,2023-07-01,4.34,27290,0.62,0.29,0.64,synthetic
Chile,Santiago,Booking,2023,7,2023-07-01,4.39,23412,0.59,0.33,0.71,synthetic
Chile,Santiago,Google,2023,8,2023-08-01,4.39,24209,0.81,0.28,0.71,synthetic
Chile,Santiago,Tripadvisor,2023,8,2023-08-01,4.31,30546,0.55,0.27,0.66,synthetic
Chile,Santiago,Booking,2023,8,2023-08-01,4.31,25335,0.78,0.31,0.66,synthetic
Chile,Santiago,Google,2023,9,2023-09-01,4.31,22934,0.61,0.3,0.71,synthetic
Chile,Santiago,Tripadvisor,2023,9,2023-09-01,4.27,28675,0.58,0.31,0.58,synthetic
Chile,Santiago,Booking,2023,9,2023-09-01,4.36,21600,0.66,0.33,0.66,synthetic
Chile,Santiago,Google,2023,10,2023-10-01,4.2,30743,0.44,0.33,0.56,synthetic
Chile,Santiago,Tripadvisor,2023,10,2023-10-01,4.39,23302,0.49,0.36,0.63,synthetic
Chile,Santiago,Booking,2023,10,2023-10-01,4.3,26436,0.83,0.2,0.62,synthetic
Chile,Santiago,Google,2023,11,2023-11-01,4.35,18562,0.8,0.2,0.65,synthetic
Chile,Santiago,Tripadvisor,2023,11,2023-11-01,4.34,24564,0.46,0.47,0.54,synthetic
Chile,Santiago,Booking,2023,11,2023-11-01,4.26,22548,0.46,0.42,0.55,synthetic
Chile,Santiago,Google,2023,12,2023-12-01,4.42,23599,0.4,0.09,0.7,synthetic
Chile,Santiago,Tripadvisor,2023,12,2023-12-01,4.28,25106,0.53,0.4,0.63,synthetic
Chile,Santiago,Booking,2023,12,2023-12-01,4.3,27265,0.63,0.38,0.71,synthetic
Chile,Santiago,Google,2024,1,2024-01-01,4.31,26488,0.73,0.05,0.65,synthetic
Chile,Santiago,Tripadvisor,2024,1,2024-01-01,4.31,27550,0.48,0.41,0.62,synthetic
Chile,Santiago,Booking,2024,1,2024-01-01,4.3,24264,0.78,0.09,0.74,synthetic
Chile,Santiago,Google,2024,2,2024-02-01,4.41,24579,0.75,0.31,0.79,synthetic
Chile,Santiago,Tripadvisor,2024,2,2024-02-01,4.38,33306,0.37,0.32,0.61,synthetic
Chile,Santiago,Booking,2024,2,2024-02-01,4.29,33485,0.67,0.4,0.67,synthetic
Chile,Santiago,Google,2024,3,2024-03-01,4.35,24714,0.49,0.25,0.54,synthetic
Chile,Santiago,Tripadvisor,2024,3,2024-03-01,4.32,27126,0.51,0.29,0.69,synthetic
Chile,Santiago,Booking,2024,3,2024-03-01,4.38,22577,0.48,0.38,0.72,synthetic
Chile,Santiago,Google,2024,4,2024-04-01,4.41,30489,0.96,0.27,0.78,synthetic
Chile,Santiago,Tripadvisor,2024,4,2024-04-01,4.27,33942,0.67,0.35,0.68,synthetic
Chile,Santiago,Booking,2024,4,2024-04-01,4.24,22966,0.62,0.33,0.73,synthetic
Chile,Santiago,Google,2024,5,2024-05-01,4.27,31240,0.56,0.27,0.63,synthetic
Chile,Santiago,Tripadvisor,2024,5,2024-05-01,4.31,27906,0.54,0.16,0.64,synthetic
Chile,Santiago,Booking,2024,5,2024-05-01,4.35,21930,0.69,0.42,0.75,synthetic
Chile,Santiago,Google,2024,6,2024-06-01,4.35,20657,0.7,0.4,0.64,synthetic
Chile,Santiago,Tripadvisor,2024,6,2024-06-01,4.32,27897,0.87,0.27,0.71,synthetic
Chile,Santiago,Booking,2024,6,2024-06-01,4.34,26998,0.8,0.22,0.68,synthetic
Chile,Santiago,Google,2024,7,2024-07-01,4.33,21599,0.78,0.38,0.67,synthetic
Chile,Santiago,Tripadvisor,2024,7,2024-07-01,4.31,26367,0.71,0.31,0.62,synthetic
Chile,Santiago,Booking,2024,7,2024-07-01,4.29,26328,0.46,0.33,0.61,synthetic
Chile,Santiago,Google,2024,8,2024-08-01,4.27,36470,0.89,0.31,0.68,synthetic
Chile,Santiago,Tripadvisor,2024,8,2024-08-01,4.39,26128,0.64,0.27,0.76,synthetic
Chile,Santiago,Booking,2024,8,2024-08-01,4.4,31309,0.64,0.52,0.7,synthetic
Chile,Santiago,Google,2024,9,2024-09-01,4.45,24901,0.41,0.5,0.76,synthetic
Chile,Santiago,Tripadvisor,2024,9,2024-09-01,4.36,25226,0.47,0.22,0.69,synthetic
Chile,Santiago,Booking,2024,9,2024-09-01,4.32,20227,0.85,0.26,0.72,synthetic
Chile,Santiago,Google,2024,10,2024-10-01,4.28,26857,0.75,0.38,0.63,synthetic
Chile,Santiago,Tripadvisor,2024,10,2024-10-01,4.36,28505,0.58,0.19,0.65,synthetic
Chile,Santiago,Booking,2024,10,2024-10-01,4.3,26449,0.84,0.39,0.61,synthetic
Chile,Santiago,Google,2024,11,2024-11-01,4.44,26117,0.7,0.21,0.7,synthetic
Chile,Santiago,Tripadvisor,2024,11,2024-11-01,4.39,23586,0.61,0.35,0.64,synthetic
Chile,Santiago,Booking,2024,11,2024-11-01,4.22,29238,1.03,0.35,0.64,synthetic
Chile,Santiago,Google,2024,12,2024-12-01,4.27,31017,0.54,0.42,0.67,synthetic
Chile,Santiago,Tripadvisor,2024,12,2024-12-01,4.36,28244,0.68,0.33,0.73,synthetic
Chile,Santiago,Booking,2024,12,2024-12-01,4.28,25611,0.82,0.32,0.62,synthetic
Chile,Santiago,Google,2025,1,2025-01-01,4.39,31166,0.41,0.37,0.7,synthetic
Chile,Santiago,Tripadvisor,2025,1,2025-01-01,4.37,28356,0.67,0.12,0.64,synthetic
Chile,Santiago,Booking,2025,1,2025-01-01,4.37,37229,0.66,0.23,0.69,synthetic
Chile,Santiago,Google,2025,2,2025-02-01,4.27,32567,0.61,0.41,0.63,synthetic
Chile,Santiago,Tripadvisor,2025,2,2025-02-01,4.39,22802,0.6,0.35,0.68,synthetic
Chile,Santiago,Booking,2025,2,2025-02-01,4.35,29484,0.76,0.36,0.69,synthetic
Chile,Santiago,Google,2025,3,2025-03-01,4.38,23721,0.49,0.16,0.72,synthetic
Chile,Santiago,Tripadvisor,2025,3,2025-03-01,4.35,33028,0.65,0.24,0.68,synthetic
Chile,Santiago,Booking,2025,3,2025-03-01,4.21,26932,0.25,0.33,0.59,synthetic
Chile,Santiago,Google,2025,4,2025-04-01,4.32,25154,0.5,0.37,0.59,synthetic
Chile,Santiago,Tripadvisor,2025,4,2025-04-01,4.36,25563,0.35,0.42,0.74,synthetic
Chile,Santiago,Booking,2025,4,2025-04-01,4.29,26453,0.56,0.22,0.62,synthetic
Chile,Santiago,Google,2025,5,2025-05-01,4.35,35368,0.55,0.4,0.69,synthetic
Chile,Santiago,Tripadvisor,2025,5,2025-05-01,4.23,28237,0.58,0.45,0.69,synthetic
Chile,Santiago,Booking,2025,5,2025-05-01,4.35,32446,0.58,0.41,0.68,synthetic
Chile,Santiago,Google,2025,6,2025-06-01,4.39,32396,0.71,0.23,0.67,synthetic
Chile,Santiago,Tripadvisor,2025,6,2025-06-01,4.37,31356,0.62,0.27,0.7,synthetic
Chile,Santiago,Booking,2025,6,2025-06-01,4.31,27392,0.89,0.25,0.68,synthetic
Peru,Lima,Google,2023,1,2023-01-01,4.5,84385,0.31,0.48,0.73,synthetic
Peru,Lima,Tripadvisor,2023,1,2023-01-01,4.55,97721,0.58,0.37,0.74,synthetic
Peru,Lima,Booking,2023,1,2023-01-01,4.57,95118,0.47,0.35,0.67,synthetic
Peru,Lima,Google,2023,2,2023-02-01,4.65,79525,0.59,0.29,0.78,synthetic
Peru,Lima,Tripadvisor,2023,2,2023-02-01,4.51,90546,0.69,0.21,0.78,synthetic
Peru,Lima,Booking,2023,2,2023-02-01,4.61,81347,0.41,0.3,0.82,synthetic
Peru,Lima,Google,2023,3,2023-03-01,4.57,79156,0.67,0.43,0.75,synthetic
Peru,Lima,Tripadvisor,2023,3,2023-03-01,4.55,113265,0.64,0.17,0.75,synthetic
Peru,Lima,Booking,2023,3,2023-03-01,4.53,89104,0.65,0.24,0.86,synthetic
Peru,Lima,Google,2023,4,2023-04-01,4.58,80554,0.42,0.21,0.73,synthetic
Peru,Lima,Tripadvisor,2023,4,2023-04-01,4.56,76165,0.72,0.24,0.82,synthetic
Peru,Lima,Booking,2023,4,2023-04-01,4.6,91815,0.73,0.5,0.76,synthetic
Peru,Lima,Google,2023,5,2023-05-01,4.62,89286,0.76,0.31,0.87,synthetic
Peru,Lima,Tripadvisor,2023,5,2023-05-01,4.49,74945,0.51,0.29,0.75,synthetic
Peru,Lima,Booking,2023,5,2023-05-01,4.53,75082,0.5,0.13,0.75,synthetic
Peru,Lima,Google,2023,6,2023-06-01,4.57,89724,0.63,0.48,0.82,synthetic
Peru,Lima,Tripadvisor,2023,6,2023-06-01,4.62,88944,0.68,0.28,0.81,synthetic
Peru,Lima,Booking,2023,6,2023-06-01,4.69,84498,0.4,0.37,0.89,synthetic
Peru,Lima,Google,2023,7,2023-07-01,4.58,66007,0.79,0.32,0.78,synthetic
Peru,Lima,Tripadvisor,2023,7,2023-07-01,4.64,64511,0.62,0.25,0.9,synthetic
Peru,Lima,Booking,2023,7,2023-07-01,4.59,76373,0.77,0.05,0.82,synthetic
Peru,Lima,Google,2023,8,2023-08-01,4.5,80486,0.56,0.39,0.86,synthetic
Peru,Lima,Tripadvisor,2023,8,2023-08-01,4.46,89778,0.93,0.24,0.7,synthetic
Peru,Lima,Booking,2023,8,2023-08-01,4.59,93690,0.7,0.26,0.75,synthetic
Peru,Lima,Google,2023,9,2023-09-01,4.65,77294,0.31,0.15,0.8,synthetic
Peru,Lima,Tripadvisor,2023,9,2023-09-01,4.66,73063,0.83,0.43,0.84,synthetic
Peru,Lima,Booking,2023,9,2023-09-01,4.42,73107,0.5,0.47,0.68,synthetic
Peru,Lima,Google,2023,10,2023-10-01,4.53,87140,0.39,0.3,0.72,synthetic
Peru,Lima,Tripadvisor,2023,10,2023-10-01,4.73,75831,0.89,0.19,0.88,synthetic
Peru,Lima,Booking,2023,10,2023-10-01,4.6,86664,0.61,0.39,0.82,synthetic
Peru,Lima,Google,2023,11,2023-11-01,4.56,78318,0.58,0.28,0.77,synthetic
Peru,Lima,Tripadvisor,2023,11,2023-11-01,4.58,70803,0.45,0.38,0.68,synthetic
Peru,Lima,Booking,2023,11,2023-11-01,4.64,79499,0.85,0.42,0.81,synthetic
Peru,Lima,Google,2023,12,2023-12-01,4.56,101507,0.79,0.4,0.84,synthetic
Peru,Lima,Tripadvisor,2023,12,2023-12-01,4.51,87314,0.48,0.19,0.76,synthetic
Peru,Lima,Booking,2023,12,2023-12-01,4.55,83514,0.52,0.17,0.86,synthetic
Peru,Lima,Google,2024,1,2024-01-01,4.58,76104,0.63,0.45,0.84,synthetic
Peru,Lima,Tripadvisor,2024,1,2024-01-01,4.54,86568,0.46,0.23,0.74,synthetic
Peru,Lima,Booking,2024,1,2024-01-01,4.48,87128,0.65,0.26,0.75,synthetic
Peru,Lima,Google,2024,2,2024-02-01,4.67,112305,0.59,0.39,0.83,synthetic
Peru,Lima,Tripadvisor,2024,2,2024-02-01,4.54,79698,0.61,0.41,0.71,synthetic
Peru,Lima,Booking,2024,2,2024-02-01,4.55,88328,0.64,0.33,0.8,synthetic
Peru,Lima,Google,2024,3,2024-03-01,4.69,82418,0.46,0.32,0.92,synthetic
Peru,Lima,Tripadvisor,2024,3,2024-03-01,4.48,95691,0.57,0.39,0.77,synthetic
Peru,Lima,Booking,2024,3,2024-03-01,4.57,97416,0.5,0.38,0.86,synthetic
Peru,Lima,Google,2024,4,2024-04-01,4.58,87526,0.58,0.38,0.79,synthetic
Peru,Lima,Tripadvisor,2024,4,2024-04-01,4.5,102547,0.45,0.34,0.66,synthetic
Peru,Lima,Booking,2024,4,2024-04-01,4.58,91277,0.3,0.33,0.73,synthetic
Peru,Lima,Google,2024,5,2024-05-01,4.58,87485,0.38,0.2,0.74,synthetic
Peru,Lima,Tripadvisor,2024,5,2024-05-01,4.63,101262,0.93,0.25,0.79,synthetic
Peru,Lima,Booking,2024,5,2024-05-01,4.58,88108,0.51,0.31,0.83,synthetic
Peru,Lima,Google,2024,6,2024-06-01,4.45,85712,0.39,0.28,0.74,synthetic
Peru,Lima,Tripadvisor,2024,6,2024-06-01,4.64,87241,0.62,0.13,0.78,synthetic
Peru,Lima,Booking,2024,6,2024-06-01,4.58,77023,0.79,0.35,0.75,synthetic
Peru,Lima,Google,2024,7,2024-07-01,4.48,84088,0.47,0.18,0.67,synthetic
Peru,Lima,Tripadvisor,2024,7,2024-07-01,4.56,100119,0.49,0.34,0.76,synthetic
Peru,Lima,Booking,2024,7,2024-07-01,4.61,83346,0.64,0.31,0.87,synthetic
Peru,Lima,Google,2024,8,2024-08-01,4.61,94859,0.38,0.25,0.76,synthetic
Peru,Lima,Tripadvisor,2024,8,2024-08-01,4.52,92203,0.64,0.33,0.82,synthetic
Peru,Lima,Booking,2024,8,2024-08-01,4.6,78471,0.63,0.36,0.86,synthetic
Peru,Lima,Google,2024,9,2024-09-01,4.56,90436,0.76,0.32,0.7,synthetic
Peru,Lima,Tripadvisor,2024,9,2024-09-01,4.46,112361,0.34,0.28,0.78,synthetic
Peru,Lima,Booking,2024,9,2024-09-01,4.47,80087,0.41,0.48,0.83,synthetic
Peru,Lima,Google,2024,10,2024-10-01,4.53,98432,0.65,0.27,0.68,synthetic
Peru,Lima,Tripadvisor,2024,10,2024-10-01,4.71,71976,0.63,0.24,0.91,synthetic
Peru,Lima,Booking,2024,10,2024-10-01,4.62,81222,0.48,0.14,0.82,synthetic
Peru,Lima,Google,2024,11,2024-11-01,4.61,87154,0.56,0.49,0.85,synthetic
Peru,Lima,Tripadvisor,2024,11,2024-11-01,4.65,67271,0.68,0.33,0.76,synthetic
Peru,Lima,Booking,2024,11,2024-11-01,4.51,89619,0.4,0.22,0.73,synthetic
Peru,Lima,Google,2024,12,2024-12-01,4.61,84226,0.53,0.4,0.71,synthetic
Peru,Lima,Tripadvisor,2024,12,2024-12-01,4.59,96332,0.66,0.25,0.74,synthetic
Peru,Lima,Booking,2024,12,2024-12-01,4.66,82573,0.43,0.3,0.79,synthetic
Peru,Lima,Google,2025,1,2025-01-01,4.63,95703,0.78,0.34,0.8,synthetic
Peru,Lima,Tripadvisor,2025,1,2025-01-01,4.64,91129,0.55,0.35,0.83,synthetic
Peru,Lima,Booking,2025,1,2025-01-01,4.53,80625,0.6,0.23,0.77,synthetic
Peru,Lima,Google,2025,2,2025-02-01,4.55,90337,0.56,0.29,0.81,synthetic
Peru,Lima,Tripadvisor,2025,2,2025-02-01,4.6,123693,0.62,0.23,0.79,synthetic
Peru,Lima,Booking,2025,2,2025-02-01,4.61,110751,0.8,0.2,0.87,synthetic
Peru,Lima,Google,2025,3,2025-03-01,4.57,87853,0.57,0.42,0.81,synthetic
Peru,Lima,Tripadvisor,2025,3,2025-03-01,4.5,84561,0.42,0.23,0.75,synthetic
Peru,Lima,Booking,2025,3,2025-03-01,4.5,93768,0.81,0.46,0.83,synthetic
Peru,Lima,Google,2025,4,2025-04-01,4.46,118702,0.61,0.31,0.78,synthetic
Peru,Lima,Tripadvisor,2025,4,2025-04-01,4.61,76683,0.51,0.26,0.74,synthetic
Peru,Lima,Booking,2025,4,2025-04-01,4.63,115917,0.6,0.33,0.82,synthetic
Peru,Lima,Google,2025,5,2025-05-01,4.58,112107,0.34,0.35,0.79,synthetic
Peru,Lima,Tripadvisor,2025,5,2025-05-01,4.53,92878,0.87,0.17,0.76,synthetic
Peru,Lima,Booking,2025,5,2025-05-01,4.67,83783,0.53,0.3,0.86,synthetic
Peru,Lima,Google,2025,6,2025-06-01,4.57,88228,0.67,0.29,0.81,synthetic
Peru,Lima,Tripadvisor,2025,6,2025-06-01,4.63,81219,0.75,0.27,0.85,synthetic
Peru,Lima,Booking,2025,6,2025-06-01,4.6,120842,0.6,0.26,0.78,synthetic
Colombia,Cartagena,Google,2023,1,2023-01-01,4.52,178914,0.72,0.28,0.67,synthetic
Colombia,Cartagena,Tripadvisor,2023,1,2023-01-01,4.57,122646,0.59,0.32,0.67,synthetic
Colombia,Cartagena,Booking,2023,1,2023-01-01,4.5,189592,0.56,0.43,0.76,synthetic
Colombia,Cartagena,Google,2023,2,2023-02-01,4.45,201945,0.87,0.34,0.68,synthetic
Colombia,Cartagena,Tripadvisor,2023,2,2023-02-01,4.45,176721,0.53,0.46,0.71,synthetic
Colombia,Cartagena,Booking,2023,2,2023-02-01,4.4,216823,0.54,0.36,0.69,synthetic
Colombia,Cartagena,Google,2023,3,2023-03-01,4.56,183634,0.43,0.39,0.68,synthetic
Colombia,Cartagena,Tripadvisor,2023,3,2023-03-01,4.47,225969,0.27,0.31,0.66,synthetic
Colombia,Cartagena,Booking,2023,3,2023-03-01,4.37,179792,0.57,0.23,0.74,synthetic
Colombia,Cartagena,Google,2023,4,2023-04-01,4.48,194066,0.4,0.32,0.84,synthetic
Colombia,Cartagena,Tripadvisor,2023,4,2023-04-01,4.43,191676,0.44,0.42,0.76,synthetic
Colombia,Cartagena,Booking,2023,4,2023-04-01,4.45,191342,0.46,0.27,0.78,synthetic
Colombia,Cartagena,Google,2023,5,2023-05-01,4.48,238018,0.49,0.07,0.87,synthetic
Colombia,Cartagena,Tripadvisor,2023,5,2023-05-01,4.49,225423,0.48,0.16,0.75,synthetic
Colombia,Cartagena,Booking,2023,5,2023-05-01,4.36,199556,0.75,0.34,0.69,synthetic
Colombia,Cartagena,Google,2023,6,2023-06-01,4.58,215448,0.31,0.29,0.89,synthetic
Colombia,Cartagena,Tripadvisor,2023,6,2023-06-01,4.46,252279,0.75,0.26,0.67,synthetic
Colombia,Cartagena,Booking,2023,6,2023-06-01,4.5,237594,0.36,0.31,0.65,synthetic
Colombia,Cartagena,Google,2023,7,2023-07-01,4.46,165225,0.68,0.23,0.79,synthetic
Colombia,Cartagena,Tripadvisor,2023,7,2023-07-01,4.44,190538,0.36,0.34,0.75,synthetic
Colombia,Cartagena,Booking,2023,7,2023-07-01,4.53,222372,0.66,0.36,0.8,synthetic
Colombia,Cartagena,Google,2023,8,2023-08-01,4.53,168371,0.53,0.14,0.78,synthetic
Colombia,Cartagena,Tripadvisor,2023,8,2023-08-01,4.57,228338,0.51,0.35,0.8,synthetic
Colombia,Cartagena,Booking,2023,8,2023-08-01,4.49,173918,0.8,0.18,0.73,synthetic
Colombia,Cartagena,Google,2023,9,2023-09-01,4.53,196924,0.61,0.31,0.77,synthetic
Colombia,Cartagena,Tripadvisor,2023,9,2023-09-01,4.48,211455,0.61,0.21,0.66,synthetic
Colombia,Cartagena,Booking,2023,9,2023-09-01,4.54,231985,0.65,0.33,0.72,synthetic
Colombia,Cartagena,Google,2023,10,2023-10-01,4.33,200010,0.32,0.32,0.73,synthetic
Colombia,Cartagena,Tripadvisor,2023,10,2023-10-01,4.44,192341,0.45,0.3,0.72,synthetic
Colombia,Cartagena,Booking,2023,10,2023-10-01,4.41,228739,1.01,0.42,0.7,synthetic
Colombia,Cartagena,Google,2023,11,2023-11-01,4.47,193457,0.52,0.4,0.78,synthetic
Colombia,Cartagena,Tripadvisor,2023,11,2023-11-01,4.41,215225,0.77,0.26,0.69,synthetic
Colombia,Cartagena,Booking,2023,11,2023-11-01,4.52,224084,0.66,0.33,0.78,synthetic
Colombia,Cartagena,Google,2023,12,2023-12-01,4.46,178511,0.37,0.36,0.74,synthetic
Colombia,Cartagena,Tripadvisor,2023,12,2023-12-01,4.5,185656,0.62,0.31,0.82,synthetic
Colombia,Cartagena,Booking,2023,12,2023-12-01,4.53,187856,0.68,0.23,0.63,synthetic
Colombia,Cartagena,Google,2024,1,2024-01-01,4.58,212638,0.76,0.23,0.75,synthetic
Colombia,Cartagena,Tripadvisor,2024,1,2024-01-01,4.44,229406,0.63,0.35,0.7,synthetic
Colombia,Cartagena,Booking,2024,1,2024-01-01,4.48,200127,0.82,0.17,0.7,synthetic
Colombia,Cartagena,Google,2024,2,2024-02-01,4.45,286485,0.72,0.21,0.77,synthetic
Colombia,Cartagena,Tripadvisor,2024,2,2024-02-01,4.51,229970,0.7,0.31,0.76,synthetic
Colombia,Cartagena,Booking,2024,2,2024-02-01,4.38,261213,0.53,0.18,0.67,synthetic
Colombia,Cartagena,Google,2024,3,2024-03-01,4.45,201248,0.72,0.4,0.63,synthetic
Colombia,Cartagena,Tripadvisor,2024,3,2024-03-01,4.44,210816,0.57,0.47,0.68,synthetic
Colombia,Cartagena,Booking,2024,3,2024-03-01,4.57,218749,0.84,0.27,0.76,synthetic
Colombia,Cartagena,Google,2024,4,2024-04-01,4.47,257183,0.62,0.32,0.77,synthetic
Colombia,Cartagena,Tripadvisor,2024,4,2024-04-01,4.42,231651,0.51,0.45,0.73,synthetic
Colombia,Cartagena,Booking,2024,4,2024-04-01,4.52,168167,0.71,0.28,0.69,synthetic
Colombia,Cartagena,Google,2024,5,2024-05-01,4.48,182089,0.69,0.44,0.65,synthetic
Colombia,Cartagena,Tripadvisor,2024,5,2024-05-01,4.47,218250,0.3,0.39,0.77,synthetic
Colombia,Cartagena,Booking,2024,5,2024-05-01,4.6,235913,0.47,0.35,0.86,synthetic
Colombia,Cartagena,Google,2024,6,2024-06-01,4.45,245431,0.25,0.45,0.76,synthetic
Colombia,Cartagena,Tripadvisor,2024,6,2024-06-01,4.32,232880,0.3,0.24,0.7,synthetic
Colombia,Cartagena,Booking,2024,6,2024-06-01,4.47,256231,0.61,0.3,0.79,synthetic
Colombia,Cartagena,Google,2024,7,2024-07-01,4.46,221983,0.62,0.29,0.79,synthetic
Colombia,Cartagena,Tripadvisor,2024,7,2024-07-01,4.44,200471,0.44,0.09,0.79,synthetic
Colombia,Cartagena,Booking,2024,7,2024-07-01,4.42,216281,0.83,0.29,0.74,synthetic
Colombia,Cartagena,Google,2024,8,2024-08-01,4.39,260018,0.58,0.2,0.64,synthetic
Colombia,Cartagena,Tripadvisor,2024,8,2024-08-01,4.58,206994,0.45,0.26,0.79,synthetic
Colombia,Cartagena,Booking,2024,8,2024-08-01,4.48,234528,0.64,0.36,0.73,synthetic
Colombia,Cartagena,Google,2024,9,2024-09-01,4.6,209605,0.8,0.24,0.73,synthetic
Colombia,Cartagena,Tripadvisor,2024,9,2024-09-01,4.38,230777,0.77,0.18,0.64,synthetic
Colombia,Cartagena,Booking,2024,9,2024-09-01,4.5,222588,0.51,0.17,0.76,synthetic
Colombia,Cartagena,Google,2024,10,2024-10-01,4.52,235794,0.6,0.19,0.77,synthetic
Colombia,Cartagena,Tripadvisor,2024,10,2024-10-01,4.49,187568,0.55,0.34,0.74,synthetic
Colombia,Cartagena,Booking,2024,10,2024-10-01,4.36,205546,0.49,0.36,0.81,synthetic
Colombia,Cartagena,Google,2024,11,2024-11-01,4.48,190647,0.58,0.3,0.78,synthetic
Colombia,Cartagena,Tripadvisor,2024,11,2024-11-01,4.55,259822,0.68,0.3,0.85,synthetic
Colombia,Cartagena,Booking,2024,11,2024-11-01,4.46,224111,0.56,0.09,0.79,synthetic
Colombia,Cartagena,Google,2024,12,2024-12-01,4.52,159332,0.75,0.27,0.81,synthetic
Colombia,Cartagena,Tripadvisor,2024,12,2024-12-01,4.48,186389,0.6,0.21,0.68,synthetic
Colombia,Cartagena,Booking,2024,12,2024-12-01,4.53,233117,0.82,0.26,0.72,synthetic
Colombia,Cartagena,Google,2025,1,2025-01-01,4.51,215224,0.55,0.35,0.75,synthetic
Colombia,Cartagena,Tripadvisor,2025,1,2025-01-01,4.45,198895,0.74,0.26,0.75,synthetic
Colombia,Cartagena,Booking,2025,1,2025-01-01,4.51,270466,0.56,0.27,0.7,synthetic
Colombia,Cartagena,Google,2025,2,2025-02-01,4.44,248939,0.48,0.33,0.8,synthetic
Colombia,Cartagena,Tripadvisor,2025,2,2025-02-01,4.45,201429,0.54,0.16,0.79,synthetic
Colombia,Cartagena,Booking,2025,2,2025-02-01,4.48,218243,0.52,0.18,0.79,synthetic
Colombia,Cartagena,Google,2025,3,2025-03-01,4.59,196271,0.76,0.28,0.86,synthetic
Colombia,Cartagena,Tripadvisor,2025,3,2025-03-01,4.37,245617,0.54,0.37,0.69,synthetic
Colombia,Cartagena,Booking,2025,3,2025-03-01,4.48,236107,0.83,0.28,0.78,synthetic
Colombia,Cartagena,Google,2025,4,2025-04-01,4.51,264656,0.45,0.37,0.77,synthetic
Colombia,Cartagena,Tripadvisor,2025,4,2025-04-01,4.4,233053,0.94,0.26,0.68,synthetic
Colombia,Cartagena,Booking,2025,4,2025-04-01,4.5,223627,0.62,0.26,0.77,synthetic
Colombia,Cartagena,Google,2025,5,2025-05-01,4.47,295167,0.61,0.28,0.79,synthetic
Colombia,Cartagena,Tripadvisor,2025,5,2025-05-01,4.39,287697,0.45,0.42,0.77,synthetic
Colombia,Cartagena,Booking,2025,5,2025-05-01,4.44,226817,0.58,0.36,0.67,synthetic
Colombia,Cartagena,Google,2025,6,2025-06-01,4.47,230154,0.43,0.2,0.74,synthetic
Colombia,Cartagena,Tripadvisor,2025,6,2025-06-01,4.48,217224,0.61,0.24,0.81,synthetic
Colombia,Cartagena,Booking,2025,6,2025-06-01,4.47,270646,0.35,0.33,0.76,synthetic
Dominican Republic,Punta Cana,Google,2023,1,2023-01-01,4.43,156181,0.42,0.37,0.73,synthetic
Dominican Republic,Punta Cana,Tripadvisor,2023,1,2023-01-01,4.43,139652,0.61,0.47,0.73,synthetic
Dominican Republic,Punta Cana,Booking,2023,1,2023-01-01,4.39,135914,0.43,0.11,0.63,synthetic
Dominican Republic,Punta Cana,Google,2023,2,2023-02-01,4.45,165328,0.75,0.18,0.69,synthetic
Dominican Republic,Punta Cana,Tripadvisor,2023,2,2023-02-01,4.39,98979,0.57,0.38,0.68,synthetic
Dominican Republic,Punta Cana,Booking,2023,2,2023-02-01,4.37,128861,0.55,0.38,0.67,synthetic
Dominican Republic,Punta Cana,Google,2023,3,2023-03-01,4.48,142005,0.64,0.21,0.71,synthetic
Dominican Republic,Punta Cana,Tripadvisor,2023,3,2023-03-01,4.37,153758,0.56,0.05,0.71,synthetic
Dominican Republic,Punta Cana,Booking,2023,3,2023-03-01,4.5,129436,0.67,0.28,0.64,synthetic
Dominican Republic,Punta Cana,Google,2023,4,2023-04-01,4.56,139899,0.63,0.24,0.77,synthetic
Dominican Republic,Punta Cana,Tripadvisor,2023,4,2023-04-01,4.45,125464,0.85,0.38,0.75,synthetic
Dominican Republic,Punta Cana,Booking,2023,4,2023-04-01,4.43,130305,0.75,0.36,0.7,synthetic
Dominican Republic,Punta Cana,Google,2023,5,2023-05-01,4.38,116285,0.6,0.28,0.75,synthetic
Dominican Republic,Punta Cana,Tripadvisor,2023,5,2023-05-01,4.5,144074,0.59,0.18,0.8,synthetic
Dominican Republic,Punta Cana,Booking,2023,5,2023-05-01,4.44,153821,0.78,0.24,0.68,synthetic
Dominican Republic,Punta Cana,Google,2023,6,2023-06-01,4.59,153634,0.56,0.42,0.78,synthetic
Dominican Republic,Punta Cana,Tripadvisor,2023,6,2023-06-01,4.46,133626,0.6,0.27,0.69,synthetic
Dominican Republic,Punta Cana,Booking,2023,6,2023-06-01,4.46,132415,0.69,0.27,0.64,synthetic
Dominican Republic,Punta Cana,Google,2023,7,2023-07-01,4.48,154377,0.94,0.3,0.75,synthetic
Dominican Republic,Punta Cana,Tripadvisor,2023,7,2023-07-01,4.47,160952,0.74,0.33,0.73,synthetic
Dominican Republic,Punta Cana,Booking,2023,7,2023-07-01,4.49,142121,0.41,0.15,0.73,synthetic
Dominican Republic,Punta Cana,Google,2023,8,2023-08-01,4.45,185945,0.58,0.3,0.7,synthetic
Dominican Republic,Punta Cana,Tripadvisor,2023,8,2023-08-01,4.48,148229,0.5,0.2,0.72,synthetic
Dominican Republic,Punta Cana,Booking,2023,8,2023-08-01,4.39,139427,0.62,0.25,0.77,synthetic
Dominican Republic,Punta Cana,Google,2023,9,2023-09-01,4.51,139454,0.46,0.3,0.75,synthetic
Dominican Republic,Punta Cana,Tripadvisor,2023,9,2023-09-01,4.44,136555,0.44,0.3,0.7,synthetic
Dominican Republic,Punta Cana,Booking,2023,9,2023-09-01,4.43,145021,0.59,0.31,0.69,synthetic
Dominican Republic,Punta Cana,Google,2023,10,2023-10-01,4.46,131052,0.44,0.21,0.7,synthetic
Dominican Republic,Punta Cana,Tripadvisor,2023,10,2023-10-01,4.37,114275,0.68,0.43,0.71,synthetic
Dominican Republic,Punta Cana,Booking,2023,10,2023-10-01,4.41,113867,0.63,0.14,0.7,synthetic
Dominican Republic,Punta Cana,Google,2023,11,2023-11-01,4.39,104159,0.82,0.17,0.68,synthetic
Dominican Republic,Punta Cana,Tripadvisor,2023,11,2023-11-01,4.43,135309,0.67,0.23,0.74,synthetic
Dominican Republic,Punta Cana,Booking,2023,11,2023-11-01,4.46,119695,0.64,0.19,0.67,synthetic
Dominican Republic,Punta Cana,Google,2023,12,2023-12-01,4.46,136377,0.66,0.34,0.66,synthetic
Dominican Republic,Punta Cana,Tripadvisor,2023,12,2023-12-01,4.49,148309,0.51,0.29,0.78,synthetic
Dominican Republic,Punta Cana,Booking,2023,12,2023-12-01,4.42,179805,0.82,0.31,0.7,synthetic
Dominican Republic,Punta Cana,Google,2024,1,2024-01-01,4.43,143714,0.62,0.37,0.65,synthetic
Dominican Republic,Punta Cana,Tripadvisor,2024,1,2024-01-01,4.48,172227,0.69,0.29,0.77,synthetic
Dominican Republic,Punta Cana,Booking,2024,1,2024-01-01,4.52,153795,0.6,0.51,0.78,synthetic
Dominican Republic,Punta Cana,Google,2024,2,2024-02-01,4.38,171101,0.66,0.23,0.64,synthetic
Dominican Republic,Punta Cana,Tripadvisor,2024,2,2024-02-01,4.46,153760,0.41,0.29,0.72,synthetic
Dominican Republic,Punta Cana,Booking,2024,2,2024-02-01,4.44,164013,0.34,0.19,0.7,synthetic
Dominican Republic,Punta Cana,Google,2024,3,2024-03-01,4.52,198883,0.6,0.3,0.64,synthetic
Dominican Republic,Punta Cana,Tripadvisor,2024,3,2024-03-01,4.5,163234,0.64,0.18,0.85,synthetic
Dominican Republic,Punta Cana,Booking,2024,3,2024-03-01,4.53,160348,0.75,0.31,0.81,synthetic
Dominican Republic,Punta Cana,Google,2024,4,2024-04-01,4.36,112619,0.41,0.22,0.65,synthetic
Dominican Republic,Punta Cana,Tripadvisor,2024,4,2024-04-01,4.47,150094,0.6,0.18,0.67,synthetic
Dominican Republic,Punta Cana,Booking,2024,4,2024-04-01,4.45,144802,0.6,0.35,0.8,synthetic
Dominican Republic,Punta Cana,Google,2024,5,2024-05-01,4.44,188578,0.66,0.37,0.77,synthetic
Dominican Republic,Punta Cana,Tripadvisor,2024,5,2024-05-01,4.49,139977,0.76,0.26,0.76,synthetic
Dominican Republic,Punta Cana,Booking,2024,5,2024-05-01,4.45,176140,0.66,0.16,0.83,synthetic
Dominican Republic,Punta Cana,Google,2024,6,2024-06-01,4.49,144646,0.43,0.39,0.7,synthetic
Dominican Republic,Punta Cana,Tripadvisor,2024,6,2024-06-01,4.49,174746,0.5,0.23,0.72,synthetic
Dominican Republic,Punta Cana,Booking,2024,6,2024-06-01,4.38,159143,0.66,0.37,0.65,synthetic
Dominican Republic,Punta Cana,Google,2024,7,2024-07-01,4.49,136521,0.73,0.15,0.82,synthetic
Dominican Republic,Punta Cana,Tripadvisor,2024,7,2024-07-01,4.41,166011,0.7,0.17,0.75,synthetic
Dominican Republic,Punta Cana,Booking,2024,7,2024-07-01,4.41,149188,0.5,0.46,0.65,synthetic
Dominican Republic,Punta Cana,Google,2024,8,2024-08-01,4.47,143286,0.76,0.53,0.7,synthetic
Dominican Republic,Punta Cana,Tripadvisor,2024,8,2024-08-01,4.45,147718,0.76,0.28,0.77,synthetic
Dominican Republic,Punta Cana,Booking,2024,8,2024-08-01,4.42,196577,0.27,0.34,0.71,synthetic
Dominican Republic,Punta Cana,Google,2024,9,2024-09-01,4.44,160181,0.61,0.32,0.74,synthetic
Dominican Republic,Punta Cana,Tripadvisor,2024,9,2024-09-01,4.55,103478,0.88,0.56,0.69,synthetic
Dominican Republic,Punta Cana,Booking,2024,9,2024-09-01,4.45,180363,0.74,0.47,0.74,synthetic
Dominican Republic,Punta Cana,Google,2024,10,2024-10-01,4.32,179124,0.7,0.45,0.58,synthetic
Dominican Republic,Punta Cana,Tripadvisor,2024,10,2024-10-01,4.37,155183,0.8,0.46,0.65,synthetic
Dominican Republic,Punta Cana,Booking,2024,10,2024-10-01,4.42,208253,0.52,0.37,0.69,synthetic
Dominican Republic,Punta Cana,Google,2024,11,2024-11-01,4.47,138776,0.47,0.26,0.71,synthetic
Dominican Republic,Punta Cana,Tripadvisor,2024,11,2024-11-01,4.42,164650,0.88,0.24,0.66,synthetic
Dominican Republic,Punta Cana,Booking,2024,11,2024-11-01,4.44,139054,0.35,0.41,0.73,synthetic
Dominican Republic,Punta Cana,Google,2024,12,2024-12-01,4.45,119060,0.51,0.16,0.73,synthetic
Dominican Republic,Punta Cana,Tripadvisor,2024,12,2024-12-01,4.45,157360,0.5,0.21,0.72,synthetic
Dominican Republic,Punta Cana,Booking,2024,12,2024-12-01,4.46,144112,0.46,0.21,0.7,synthetic
Dominican Republic,Punta Cana,Google,2025,1,2025-01-01,4.42,144427,0.53,0.42,0.69,synthetic
Dominican Republic,Punta Cana,Tripadvisor,2025,1,2025-01-01,4.37,121265,0.88,0.41,0.7,synthetic
Dominican Republic,Punta Cana,Booking,2025,1,2025-01-01,4.51,176881,0.59,0.18,0.85,synthetic
Dominican Republic,Punta Cana,Google,2025,2,2025-02-01,4.42,158716,0.61,0.31,0.74,synthetic
Dominican Republic,Punta Cana,Tripadvisor,2025,2,2025-02-01,4.47,154834,0.6,0.35,0.7,synthetic
Dominican Republic,Punta Cana,Booking,2025,2,2025-02-01,4.53,165945,0.84,0.16,0.8,synthetic
Dominican Republic,Punta Cana,Google,2025,3,2025-03-01,4.39,153684,0.74,0.28,0.82,synthetic
Dominican Republic,Punta Cana,Tripadvisor,2025,3,2025-03-01,4.47,152460,0.68,0.28,0.78,synthetic
Dominican Republic,Punta Cana,Booking,2025,3,2025-03-01,4.42,174467,0.63,0.31,0.76,synthetic
Dominican Republic,Punta Cana,Google,2025,4,2025-04-01,4.33,168296,0.49,0.17,0.63,synthetic
Dominican Republic,Punta Cana,Tripadvisor,2025,4,2025-04-01,4.41,161652,0.65,0.35,0.68,synthetic
Dominican Republic,Punta Cana,Booking,2025,4,2025-04-01,4.54,158937,0.31,0.27,0.77,synthetic
Dominican Republic,Punta Cana,Google,2025,5,2025-05-01,4.25,190450,0.59,0.18,0.58,synthetic
Dominican Republic,Punta Cana,Tripadvisor,2025,5,2025-05-01,4.49,183994,0.5,0.16,0.75,synthetic
Dominican Republic,Punta Cana,Booking,2025,5,2025-05-01,4.46,177633,0.52,0.29,0.73,synthetic
Dominican Republic,Punta Cana,Google,2025,6,2025-06-01,4.5,192885,0.84,0.43,0.84,synthetic
Dominican Republic,Punta Cana,Tripadvisor,2025,6,2025-06-01,4.5,154585,0.83,0.16,0.87,synthetic
Dominican Republic,Punta Cana,Booking,2025,6,2025-06-01,4.38,184069,0.82,0.35,0.59,synthetic
Puerto Rico,San Juan,Google,2023,1,2023-01-01,4.68,99633,0.57,0.31,0.76,synthetic
Puerto Rico,San Juan,Tripadvisor,2023,1,2023-01-01,4.76,88374,0.72,0.44,0.82,synthetic
Puerto Rico,San Juan,Booking,2023,1,2023-01-01,4.66,95661,0.56,0.39,0.8,synthetic
Puerto Rico,San Juan,Google,2023,2,2023-02-01,4.66,88452,0.95,0.23,0.87,synthetic
Puerto Rico,San Juan,Tripadvisor,2023,2,2023-02-01,4.76,82371,0.61,0.2,0.78,synthetic
Puerto Rico,San Juan,Booking,2023,2,2023-02-01,4.61,86236,0.52,0.27,0.8,synthetic
Puerto Rico,San Juan,Google,2023,3,2023-03-01,4.58,96479,0.78,0.43,0.78,synthetic
Puerto Rico,San Juan,Tripadvisor,2023,3,2023-03-01,4.71,85007,0.55,0.34,0.84,synthetic
Puerto Rico,San Juan,Booking,2023,3,2023-03-01,4.58,101829,0.48,0.25,0.84,synthetic
Puerto Rico,San Juan,Google,2023,4,2023-04-01,4.69,94529,0.38,0.18,0.86,synthetic
Puerto Rico,San Juan,Tripadvisor,2023,4,2023-04-01,4.69,95383,0.53,0.25,0.86,synthetic
Puerto Rico,San Juan,Booking,2023,4,2023-04-01,4.58,93591,0.39,0.19,0.8,synthetic
Puerto Rico,San Juan,Google,2023,5,2023-05-01,4.69,96369,0.43,0.11,0.84,synthetic
Puerto Rico,San Juan,Tripadvisor,2023,5,2023-05-01,4.54,103064,0.44,0.52,0.72,synthetic
Puerto Rico,San Juan,Booking,2023,5,2023-05-01,4.68,84390,0.57,0.32,0.88,synthetic
Puerto Rico,San Juan,Google,2023,6,2023-06-01,4.71,100652,0.76,0.24,0.89,synthetic
Puerto Rico,San Juan,Tripadvisor,2023,6,2023-06-01,4.63,103528,0.62,0.36,0.83,synthetic
Puerto Rico,San Juan,Booking,2023,6,2023-06-01,4.7,83600,0.36,0.4,0.92,synthetic
Puerto Rico,San Juan,Google,2023,7,2023-07-01,4.65,101583,0.36,0.24,0.83,synthetic
Puerto Rico,San Juan,Tripadvisor,2023,7,2023-07-01,4.55,75582,0.62,0.24,0.76,synthetic
Puerto Rico,San Juan,Booking,2023,7,2023-07-01,4.63,78314,0.57,0.3,0.79,synthetic
Puerto Rico,San Juan,Google,2023,8,2023-08-01,4.62,90307,0.72,0.29,0.72,synthetic
Puerto Rico,San Juan,Tripadvisor,2023,8,2023-08-01,4.58,102924,0.5,0.29,0.89,synthetic
Puerto Rico,San Juan,Booking,2023,8,2023-08-01,4.69,68707,0.82,0.31,0.86,synthetic
Puerto Rico,San Juan,Google,2023,9,2023-09-01,4.67,102719,0.59,0.15,0.85,synthetic
Puerto Rico,San Juan,Tripadvisor,2023,9,2023-09-01,4.57,112753,0.55,0.29,0.75,synthetic
Puerto Rico,San Juan,Booking,2023,9,2023-09-01,4.67,97620,0.5,0.35,0.84,synthetic
Puerto Rico,San Juan,Google,2023,10,2023-10-01,4.65,84224,0.95,0.42,0.86,synthetic
Puerto Rico,San Juan,Tripadvisor,2023,10,2023-10-01,4.72,95904,0.55,0.05,0.8,synthetic
Puerto Rico,San Juan,Booking,2023,10,2023-10-01,4.78,105461,0.63,0.14,0.92,synthetic
Puerto Rico,San Juan,Google,2023,11,2023-11-01,4.64,100326,0.43,0.25,0.86,synthetic
Puerto Rico,San Juan,Tripadvisor,2023,11,2023-11-01,4.77,85258,0.45,0.4,0.82,synthetic
Puerto Rico,San Juan,Booking,2023,11,2023-11-01,4.58,95527,0.91,0.22,0.77,synthetic
Puerto Rico,San Juan,Google,2023,12,2023-12-01,4.66,87321,0.33,0.38,0.84,synthetic
Puerto Rico,San Juan,Tripadvisor,2023,12,2023-12-01,4.68,90998,0.83,0.25,0.78,synthetic
Puerto Rico,San Juan,Booking,2023,12,2023-12-01,4.75,68149,0.58,0.29,0.87,synthetic
Puerto Rico,San Juan,Google,2024,1,2024-01-01,4.56,85761,0.74,0.44,0.76,synthetic
Puerto Rico,San Juan,Tripadvisor,2024,1,2024-01-01,4.6,78565,0.74,0.4,0.66,synthetic
Puerto Rico,San Juan,Booking,2024,1,2024-01-01,4.51,101620,0.64,0.25,0.75,synthetic
Puerto Rico,San Juan,Google,2024,2,2024-02-01,4.64,100295,0.46,0.3,0.79,synthetic
Puerto Rico,San Juan,Tripadvisor,2024,2,2024-02-01,4.61,77580,0.57,0.38,0.79,synthetic
Puerto Rico,San Juan,Booking,2024,2,2024-02-01,4.63,115044,0.75,0.47,0.93,synthetic
Puerto Rico,San Juan,Google,2024,3,2024-03-01,4.66,86095,0.52,0.36,0.9,synthetic
Puerto Rico,San Juan,Tripadvisor,2024,3,2024-03-01,4.59,103041,0.48,0.29,0.79,synthetic
Puerto Rico,San Juan,Booking,2024,3,2024-03-01,4.68,124361,0.67,0.26,0.81,synthetic
Puerto Rico,San Juan,Google,2024,4,2024-04-01,4.64,89520,0.62,0.06,0.81,synthetic
Puerto Rico,San Juan,Tripadvisor,2024,4,2024-04-01,4.65,86053,0.54,0.41,0.88,synthetic
Puerto Rico,San Juan,Booking,2024,4,2024-04-01,4.62,106259,0.38,0.27,0.82,synthetic
Puerto Rico,San Juan,Google,2024,5,2024-05-01,4.75,114289,0.63,0.21,0.94,synthetic
Puerto Rico,San Juan,Tripadvisor,2024,5,2024-05-01,4.63,105359,0.58,0.5,0.79,synthetic
Puerto Rico,San Juan,Booking,2024,5,2024-05-01,4.71,98942,0.69,0.46,0.75,synthetic
Puerto Rico,San Juan,Google,2024,6,2024-06-01,4.65,89252,0.67,0.37,0.8,synthetic
Puerto Rico,San Juan,Tripadvisor,2024,6,2024-06-01,4.62,102424,0.41,0.33,0.77,synthetic
Puerto Rico,San Juan,Booking,2024,6,2024-06-01,4.7,84167,0.51,0.22,0.83,synthetic
Puerto Rico,San Juan,Google,2024,7,2024-07-01,4.74,110128,0.53,0.25,0.91,synthetic
Puerto Rico,San Juan,Tripadvisor,2024,7,2024-07-01,4.58,100247,0.51,0.28,0.83,synthetic
Puerto Rico,San Juan,Booking,2024,7,2024-07-01,4.61,111666,0.93,0.36,0.8,synthetic
Puerto Rico,San Juan,Google,2024,8,2024-08-01,4.72,86675,0.83,0.22,0.97,synthetic
Puerto Rico,San Juan,Tripadvisor,2024,8,2024-08-01,4.61,107917,0.37,0.28,0.75,synthetic
Puerto Rico,San Juan,Booking,2024,8,2024-08-01,4.57,114442,0.42,0.23,0.74,synthetic
Puerto Rico,San Juan,Google,2024,9,2024-09-01,4.72,112186,0.79,0.22,0.93,synthetic
Puerto Rico,San Juan,Tripadvisor,2024,9,2024-09-01,4.61,90924,0.5,0.23,0.8,synthetic
Puerto Rico,San Juan,Booking,2024,9,2024-09-01,4.6,102755,0.21,0.32,0.75,synthetic
Puerto Rico,San Juan,Google,2024,10,2024-10-01,4.61,92237,0.74,0.35,0.8,synthetic
Puerto Rico,San Juan,Tripadvisor,2024,10,2024-10-01,4.61,109371,0.87,0.3,0.73,synthetic
Puerto Rico,San Juan,Booking,2024,10,2024-10-01,4.61,106688,0.53,0.21,0.76,synthetic
Puerto Rico,San Juan,Google,2024,11,2024-11-01,4.66,81576,0.59,0.31,0.81,synthetic
Puerto Rico,San Juan,Tripadvisor,2024,11,2024-11-01,4.59,112197,0.4,0.32,0.83,synthetic
Puerto Rico,San Juan,Booking,2024,11,2024-11-01,4.66,114749,0.43,0.22,0.81,synthetic
Puerto Rico,San Juan,Google,2024,12,2024-12-01,4.85,106071,0.7,0.37,0.93,synthetic
Puerto Rico,San Juan,Tripadvisor,2024,12,2024-12-01,4.72,77539,0.64,0.34,0.91,synthetic
Puerto Rico,San Juan,Booking,2024,12,2024-12-01,4.58,86996,0.45,0.35,0.82,synthetic
Puerto Rico,San Juan,Google,2025,1,2025-01-01,4.6,132052,0.64,0.31,0.79,synthetic
Puerto Rico,San Juan,Tripadvisor,2025,1,2025-01-01,4.71,112403,0.88,0.18,0.78,synthetic
Puerto Rico,San Juan,Booking,2025,1,2025-01-01,4.61,114515,0.54,0.43,0.79,synthetic
Puerto Rico,San Juan,Google,2025,2,2025-02-01,4.72,96679,0.78,0.44,0.83,synthetic
Puerto Rico,San Juan,Tripadvisor,2025,2,2025-02-01,4.68,110834,0.68,0.43,0.89,synthetic
Puerto Rico,San Juan,Booking,2025,2,2025-02-01,4.68,115928,0.41,0.3,0.79,synthetic
Puerto Rico,San Juan,Google,2025,3,2025-03-01,4.65,121776,0.6,0.05,0.77,synthetic
Puerto Rico,San Juan,Tripadvisor,2025,3,2025-03-01,4.69,100437,0.72,0.18,0.86,synthetic
Puerto Rico,San Juan,Booking,2025,3,2025-03-01,4.68,117563,0.5,0.38,0.92,synthetic
Puerto Rico,San Juan,Google,2025,4,2025-04-01,4.52,108050,0.33,0.21,0.72,synthetic
Puerto Rico,San Juan,Tripadvisor,2025,4,2025-04-01,4.65,112249,0.74,0.33,0.86,synthetic
Puerto Rico,San Juan,Booking,2025,4,2025-04-01,4.59,121000,0.11,0.45,0.86,synthetic
Puerto Rico,San Juan,Google,2025,5,2025-05-01,4.7,136107,0.33,0.38,0.86,synthetic
Puerto Rico,San Juan,Tripadvisor,2025,5,2025-05-01,4.67,92390,0.66,0.33,0.8,synthetic
Puerto Rico,San Juan,Booking,2025,5,2025-05-01,4.65,90445,0.54,0.4,0.87,synthetic
Puerto Rico,San Juan,Google,2025,6,2025-06-01,4.7,119760,0.75,0.24,0.87,synthetic
Puerto Rico,San Juan,Tripadvisor,2025,6,2025-06-01,4.72,89607,0.39,0.16,0.77,synthetic
Puerto Rico,San Juan,Booking,2025,6,2025-06-01,4.59,100613,0.83,0.26,0.72,synthetic
